#
# A fatal error has been detected by the Java Runtime Environment:
#
#  EXCEPTION_ACCESS_VIOLATION (0xc0000005) at pc=0x00007ffef1890f57, pid=19320, tid=13916
#
# JRE version: OpenJDK Runtime Environment Temurin-21.0.10+7 (21.0.10+7) (build 21.0.10+7-LTS)
# Java VM: OpenJDK 64-Bit Server VM Temurin-21.0.10+7 (21.0.10+7-LTS, mixed mode, sharing, tiered, compressed class ptrs, z gc, windows-amd64)
# Problematic frame:
# C  [atio6axx.dll+0xa50f57]
#
# No core dump will be written. Minidumps are not enabled by default on client versions of Windows
#
# If you would like to submit a bug report, please visit:
#   https://github.com/adoptium/adoptium-support/issues
# The crash happened outside the Java Virtual Machine in native code.
# See problematic frame for where to report the bug.
#

---------------  S U M M A R Y ------------

Command Line: -XX:HeapDumpPath=MojangTricksIntelDriversForPerformance_javaw.exe_minecraft.exe.heapdump -Djava.library.path=C:\Users\Noah7\AppData\Roaming\ModrinthApp\meta\natives\1.21.1-21.1.233 -Djna.tmpdir=C:\Users\Noah7\AppData\Roaming\ModrinthApp\meta\natives\1.21.1-21.1.233 -Dorg.lwjgl.system.SharedLibraryExtractPath=C:\Users\Noah7\AppData\Roaming\ModrinthApp\meta\natives\1.21.1-21.1.233 -Dio.netty.native.workdir=C:\Users\Noah7\AppData\Roaming\ModrinthApp\meta\natives\1.21.1-21.1.233 -Dminecraft.launcher.brand=theseus -Dminecraft.launcher.version=0.15.1 -Djava.net.preferIPv6Addresses=system -DignoreList=client-extra,1.21.1-21.1.233.jar -DlibraryDirectory=C:\Users\Noah7\AppData\Roaming\ModrinthApp\meta\libraries --module-path=C:\Users\Noah7\AppData\Roaming\ModrinthApp\meta\libraries/cpw/mods/bootstraplauncher/2.0.2/bootstraplauncher-2.0.2.jar;C:\Users\Noah7\AppData\Roaming\ModrinthApp\meta\libraries/cpw/mods/securejarhandler/3.0.8/securejarhandler-3.0.8.jar;C:\Users\Noah7\AppData\Roaming\ModrinthApp\meta\libraries/org/ow2/asm/asm-commons/9.8/asm-commons-9.8.jar;C:\Users\Noah7\AppData\Roaming\ModrinthApp\meta\libraries/org/ow2/asm/asm-util/9.8/asm-util-9.8.jar;C:\Users\Noah7\AppData\Roaming\ModrinthApp\meta\libraries/org/ow2/asm/asm-analysis/9.8/asm-analysis-9.8.jar;C:\Users\Noah7\AppData\Roaming\ModrinthApp\meta\libraries/org/ow2/asm/asm-tree/9.8/asm-tree-9.8.jar;C:\Users\Noah7\AppData\Roaming\ModrinthApp\meta\libraries/org/ow2/asm/asm/9.8/asm-9.8.jar;C:\Users\Noah7\AppData\Roaming\ModrinthApp\meta\libraries/net/neoforged/JarJarFileSystems/0.4.1/JarJarFileSystems-0.4.1.jar --add-modules=ALL-MODULE-PATH --add-opens=java.base/java.util.jar=cpw.mods.securejarhandler --add-opens=java.base/java.lang.invoke=cpw.mods.securejarhandler --add-exports=java.base/sun.security.util=cpw.mods.securejarhandler --add-exports=jdk.naming.dns/com.sun.jndi.dns=java.naming -Xmx32768M -Dlog4j.configurationFile=C:\Users\Noah7\AppData\Roaming\ModrinthApp\meta\log_configs\client-1.12.xml -javaagent:C:\Users\Noah7\AppData\Local\Temp\.tmpNz1zdG\theseus.jar -Dmodrinth.internal.ipc.host=127.0.0.1 -Dmodrinth.internal.ipc.port=50191 -Dmodrinth.internal.quickPlay.serverVersion=BUILTIN -XX:+UseZGC -XX:+ZGenerational --add-opens=java.base/java.lang.reflect=ALL-UNNAMED com.modrinth.theseus.MinecraftLaunch cpw.mods.bootstraplauncher.BootstrapLauncher --username IvqryDev --version 1.21.1 --gameDir C:\Users\Noah7\AppData\Roaming\ModrinthApp\profiles\Starfell - RoTVK --assetsDir C:\Users\Noah7\AppData\Roaming\ModrinthApp\meta\assets --assetIndex 17 --uuid 287f126b38ec4da68a032f4b238d2819 --accessToken eyJraWQiOiIwNDkxODEiLCJhbGciOiJSUzI1NiJ9.eyJ4dWlkIjoiMjUzNTQwODE0NzQ0Mzk0OSIsImFnZyI6IkFkdWx0Iiwic3ViIjoiNTZiYWYxY2ItYWE3MC00YWMwLWJhMDMtODMzNTNlNmFjYmE1IiwiYXV0aCI6IlhCT1giLCJwZmlkIjoiQjg0RUJCRkYwRDI1QkQwQSIsIm5zIjoiZGVmYXVsdCIsInJvbGVzIjpbXSwiaXNzIjoiYXV0aGVudGljYXRpb24iLCJmbGFncyI6WyJtdWx0aXBsYXllciJdLCJwcm9maWxlcyI6eyJtYyI6IjI4N2YxMjZiLTM4ZWMtNGRhNi04YTAzLTJmNGIyMzhkMjgxOSJ9LCJtaWQiOiJCODRFQkJGRjBEMjVCRDBBIiwicG1pZCI6IjA1MWUzODM1LWQ0YWItNTg4NS1hYzRlLWZhMTA4NzRkYzY0ZiIsInBsYXRmb3JtIjoiUENfTEFVTkNIRVIiLCJ0aWQiOiJFOTlCMCIsInBmZCI6W3sidHlwZSI6Im1jIiwiaWQiOiIyODdmMTI2Yi0zOGVjLTRkYTYtOGEwMy0yZjRiMjM4ZDI4MTkiLCJuYW1lIjoiSXZxcnlEZXYifV0sInhpZCI6IjI1MzU0MDgxNDc0NDM5NDkiLCJuYmYiOjE3ODI2ODA3NjUsImV4cCI6MTc4Mjc2NzE2NSwiaWF0IjoxNzgyNjgwNzY1LCJhaWQiOiIwMDAwMDAwMC0wMDAwLTAwMDAtMDAwMC0wMDAwNDAyYjUzMjgifQ.Kl-IOTqSgrCXYq7IjR7U4wEoceMC91IBL4QD4xhD1bfVQjSVC1scVA3_Rgp9IjtNY1cpJomxWHnLt5w6cebxnlWtmqJKSHuf2F2yqlCY6C3vUwlahoWI0D3aypNiZHory17HWRMqsExgz6VCugngI1pgZwyqvYrFSHVIiUuwB700FzUeSXoNms5peZgLowBUytICorxUVUq5vpVOy7YLFdNIqZZOiZ6eMkflXnygl09vRc_T1smLh3vUpz-ZIy5vT7OCAP1J4kLueDOMjc7zOTRYKp2zCRj3PTkdw4b_YM4D4nAOBL6q6MY6fO43PRI3pxu4rFmXLRzqm4W7-mwluQ --clientId c4502edb-87c6-40cb-b595-64a280cf8906 --xuid 0 --userType msa --versionType release --width 854 --height 480 --fml.neoForgeVersion 21.1.233 --fml.fmlVersion 4.0.42 --fml.mcVersion 1.21.1 --fml.neoFormVersion 20240808.144430 --launchTarget forgeclient

Host: AMD Ryzen 7 3700X 8-Core Processor             , 16 cores, 47G,  Windows 11 , 64 bit Build 26100 (10.0.26100.8521)
Time: Sun Jun 28 22:00:02 2026 Central Daylight Time elapsed time: 3988.012637 seconds (0d 1h 6m 28s)

---------------  T H R E A D  ---------------

Current thread (0x000001fe1f387500):  JavaThread "Render thread"        [_thread_in_native, id=13916, stack(0x0000008624400000,0x0000008624500000) (1024K)]

Stack: [0x0000008624400000,0x0000008624500000],  sp=0x00000086244fcd80,  free space=1011k
Native frames: (J=compiled Java code, j=interpreted, Vv=VM code, C=native code)
C  [atio6axx.dll+0xa50f57]

Java frames: (J=compiled Java code, j=interpreted, Vv=VM code)
J 64526  org.lwjgl.opengl.GL11C.nglReadPixels(IIIIIIJ)V org.lwjgl.opengl@3.3.3+5 (0 bytes) @ 0x000001fe337fefbd [0x000001fe337fef40+0x000000000000007d]
J 84030 c2 org.lwjgl.opengl.GL11C.glReadPixels(IIIIIILjava/nio/ByteBuffer;)V org.lwjgl.opengl@3.3.3+5 (17 bytes) @ 0x000001fe32241650 [0x000001fe32241620+0x0000000000000030]
J 105674 c2 net.minecraft.client.renderer.entity.ItemRenderer.shadowdrop$isInSlot(III)Z minecraft@1.21.1 (366 bytes) @ 0x000001fe3222da10 [0x000001fe3222d460+0x00000000000005b0]
J 105676 c2 net.minecraft.client.renderer.entity.ItemRenderer.handler$gao000$shadowdrop$renderShadow(Lnet/minecraft/world/item/ItemStack;Lnet/minecraft/world/item/ItemDisplayContext;ZLcom/mojang/blaze3d/vertex/PoseStack;Lnet/minecraft/client/renderer/MultiBufferSource;IILnet/minecraft/client/resources/model/BakedModel;Lorg/spongepowered/asm/mixin/injection/callback/CallbackInfo;)V minecraft@1.21.1 (780 bytes) @ 0x000001fe32808608 [0x000001fe32808280+0x0000000000000388]
J 119571 c2 net.minecraft.client.renderer.entity.ItemRenderer.render(Lnet/minecraft/world/item/ItemStack;Lnet/minecraft/world/item/ItemDisplayContext;ZLcom/mojang/blaze3d/vertex/PoseStack;Lnet/minecraft/client/renderer/MultiBufferSource;IILnet/minecraft/client/resources/model/BakedModel;)V minecraft@1.21.1 (718 bytes) @ 0x000001fe34cd8608 [0x000001fe34cd84e0+0x0000000000000128]
J 104691 c2 net.minecraft.client.gui.GuiGraphics.renderItem(Lnet/minecraft/world/entity/LivingEntity;Lnet/minecraft/world/level/Level;Lnet/minecraft/world/item/ItemStack;IIII)V minecraft@1.21.1 (275 bytes) @ 0x000001fe344880e8 [0x000001fe34487720+0x00000000000009c8]
J 85343 c2 dev.obscuria.tooltips.client.component.HeaderComponent.renderImage(Lnet/minecraft/client/gui/Font;IILnet/minecraft/client/gui/GuiGraphics;)V obscure_tooltips@4.2.2 (129 bytes) @ 0x000001fe33153ebc [0x000001fe33153080+0x0000000000000e3c]
J 95685 c2 dev.obscuria.tooltips.client.TooltipRenderer.render(Lnet/minecraft/client/gui/GuiGraphics;Lnet/minecraft/client/gui/Font;Ljava/util/List;IILnet/minecraft/client/gui/screens/inventory/tooltip/ClientTooltipPositioner;)Z obscure_tooltips@4.2.2 (390 bytes) @ 0x000001fe348f20b4 [0x000001fe348ef660+0x0000000000002a54]
J 95661 c2 net.minecraft.client.gui.GuiGraphics.renderTooltipInternal(Lnet/minecraft/client/gui/Font;Ljava/util/List;IILnet/minecraft/client/gui/screens/inventory/tooltip/ClientTooltipPositioner;)V minecraft@1.21.1 (628 bytes) @ 0x000001fe34faec38 [0x000001fe34faebc0+0x0000000000000078]
J 118827 c2 io.wispforest.accessories.client.gui.AccessoriesScreen.render(Lnet/minecraft/client/gui/GuiGraphics;IIF)V accessories@1.1.0-beta.53+1.21.1 (1337 bytes) @ 0x000001fe33067f58 [0x000001fe330671e0+0x0000000000000d78]
J 74849 c2 net.minecraft.client.renderer.GameRenderer.wrapOperation$kdd000$fancymenu$wrapRenderScreenFancyMenu(Lnet/minecraft/client/gui/screens/Screen;Lnet/minecraft/client/gui/GuiGraphics;IIFLcom/llamalad7/mixinextras/injector/wrapoperation/Operation;)V minecraft@1.21.1 (94 bytes) @ 0x000001fe31a11df0 [0x000001fe31a10e20+0x0000000000000fd0]
J 88313 c2 net.minecraft.client.renderer.GameRenderer.render(Lnet/minecraft/client/DeltaTracker;Z)V minecraft@1.21.1 (1145 bytes) @ 0x000001fe3544fe78 [0x000001fe3544d9a0+0x00000000000024d8]
J 101356 c2 net.minecraft.client.Minecraft.runTick(Z)V minecraft@1.21.1 (1192 bytes) @ 0x000001fe34466ae4 [0x000001fe344659c0+0x0000000000001124]
J 94197% c2 net.minecraft.client.Minecraft.run()V minecraft@1.21.1 (259 bytes) @ 0x000001fe31b0b174 [0x000001fe31b0af80+0x00000000000001f4]
j  net.minecraft.client.main.Main.main([Ljava/lang/String;)V+1612 minecraft@1.21.1
j  java.lang.invoke.LambdaForm$DMH+0x000002023b006800.invokeStatic(Ljava/lang/Object;Ljava/lang/Object;)V+10 java.base@21.0.10
j  java.lang.invoke.LambdaForm$MH+0x000002023b025400.invoke(Ljava/lang/Object;Ljava/lang/Object;Ljava/lang/Object;)Ljava/lang/Object;+33 java.base@21.0.10
j  java.lang.invoke.Invokers$Holder.invokeExact_MT(Ljava/lang/Object;Ljava/lang/Object;Ljava/lang/Object;Ljava/lang/Object;)Ljava/lang/Object;+20 java.base@21.0.10
j  jdk.internal.reflect.DirectMethodHandleAccessor.invokeImpl(Ljava/lang/Object;[Ljava/lang/Object;)Ljava/lang/Object;+55 java.base@21.0.10
j  jdk.internal.reflect.DirectMethodHandleAccessor.invoke(Ljava/lang/Object;[Ljava/lang/Object;)Ljava/lang/Object;+23 java.base@21.0.10
j  java.lang.reflect.Method.invoke(Ljava/lang/Object;[Ljava/lang/Object;)Ljava/lang/Object;+102 java.base@21.0.10
j  net.neoforged.fml.loading.targets.CommonLaunchHandler.runTarget(Ljava/lang/String;[Ljava/lang/String;Ljava/lang/ModuleLayer;)V+42 fml_loader@4.0.42
j  net.neoforged.fml.loading.targets.CommonLaunchHandler.clientService([Ljava/lang/String;Ljava/lang/ModuleLayer;)V+6 fml_loader@4.0.42
j  net.neoforged.fml.loading.targets.CommonClientLaunchHandler.runService([Ljava/lang/String;Ljava/lang/ModuleLayer;)V+3 fml_loader@4.0.42
j  net.neoforged.fml.loading.targets.CommonLaunchHandler.lambda$launchService$4([Ljava/lang/String;Ljava/lang/ModuleLayer;)V+3 fml_loader@4.0.42
j  net.neoforged.fml.loading.targets.CommonLaunchHandler$$Lambda+0x000002023b4d62a0.run()V+12 fml_loader@4.0.42
j  cpw.mods.modlauncher.LaunchServiceHandlerDecorator.launch([Ljava/lang/String;Ljava/lang/ModuleLayer;)V+11 cpw.mods.modlauncher@11.0.5
j  cpw.mods.modlauncher.LaunchServiceHandler.launch(Ljava/lang/String;[Ljava/lang/String;Ljava/lang/ModuleLayer;Lcpw/mods/modlauncher/TransformingClassLoader;Lcpw/mods/modlauncher/LaunchPluginHandler;)V+58 cpw.mods.modlauncher@11.0.5
j  cpw.mods.modlauncher.LaunchServiceHandler.launch(Lcpw/mods/modlauncher/ArgumentHandler;Ljava/lang/ModuleLayer;Lcpw/mods/modlauncher/TransformingClassLoader;Lcpw/mods/modlauncher/LaunchPluginHandler;)V+21 cpw.mods.modlauncher@11.0.5
j  cpw.mods.modlauncher.Launcher.run([Ljava/lang/String;)V+288 cpw.mods.modlauncher@11.0.5
j  cpw.mods.modlauncher.Launcher.main([Ljava/lang/String;)V+123 cpw.mods.modlauncher@11.0.5
j  cpw.mods.modlauncher.BootstrapLaunchConsumer.accept([Ljava/lang/String;)V+1 cpw.mods.modlauncher@11.0.5
j  cpw.mods.modlauncher.BootstrapLaunchConsumer.accept(Ljava/lang/Object;)V+5 cpw.mods.modlauncher@11.0.5
j  cpw.mods.bootstraplauncher.BootstrapLauncher.run(Z[Ljava/lang/String;)V+703 cpw.mods.bootstraplauncher@2.0.2
j  cpw.mods.bootstraplauncher.BootstrapLauncher.main([Ljava/lang/String;)V+2 cpw.mods.bootstraplauncher@2.0.2
j  java.lang.invoke.LambdaForm$DMH+0x000002023b006800.invokeStatic(Ljava/lang/Object;Ljava/lang/Object;)V+10 java.base@21.0.10
j  java.lang.invoke.LambdaForm$MH+0x000002023b025400.invoke(Ljava/lang/Object;Ljava/lang/Object;Ljava/lang/Object;)Ljava/lang/Object;+33 java.base@21.0.10
j  java.lang.invoke.Invokers$Holder.invokeExact_MT(Ljava/lang/Object;Ljava/lang/Object;Ljava/lang/Object;Ljava/lang/Object;)Ljava/lang/Object;+20 java.base@21.0.10
j  jdk.internal.reflect.DirectMethodHandleAccessor.invokeImpl(Ljava/lang/Object;[Ljava/lang/Object;)Ljava/lang/Object;+55 java.base@21.0.10
j  jdk.internal.reflect.DirectMethodHandleAccessor.invoke(Ljava/lang/Object;[Ljava/lang/Object;)Ljava/lang/Object;+23 java.base@21.0.10
j  java.lang.reflect.Method.invoke(Ljava/lang/Object;[Ljava/lang/Object;)Ljava/lang/Object;+102 java.base@21.0.10
j  com.modrinth.theseus.MinecraftLaunch.relaunch(Ljava/lang/String;[Ljava/lang/String;)V+164
j  com.modrinth.theseus.MinecraftLaunch.main([Ljava/lang/String;)V+90
v  ~StubRoutines::call_stub 0x000001fe2f6a0fff

siginfo: EXCEPTION_ACCESS_VIOLATION (0xc0000005), reading address 0x0000000000000050


Registers:
RAX=0x0000000000000000, RBX=0x0000000000000001, RCX=0x8c9173f655e50000, RDX=0x0000000000000000
RSP=0x00000086244fcd80, RBP=0x00000086244fce80, RSI=0x00000086244fd000, RDI=0x0000000000000000
R8 =0x000001fe1d1d2840, R9 =0x00007ffef1065140, R10=0x000001fe1d1c0000, R11=0x0000000000000000
R12=0x00000086244fcfd8, R13=0x00000086244fcfc0, R14=0x00000086244fcfc8, R15=0x000001fe11de7080
RIP=0x00007ffef1890f57, EFLAGS=0x0000000000010246

XMM[0]=0x0000000000000000 0x0000000000000000
XMM[1]=0x0000000000000000 0x0000000000000000
XMM[2]=0x0000000000000000 0x0000000000000000
XMM[3]=0x0000000000000000 0x0000000000000000
XMM[4]=0x0000000000000000 0x0000000000000000
XMM[5]=0x0000000000000000 0x0000000000000000
XMM[6]=0x0000000000000000 0x0000000080000000
XMM[7]=0x0000000000000000 0x0000000080000000
XMM[8]=0x0000000000000000 0x0000000080000000
XMM[9]=0x0000000000000000 0x0000000000000000
XMM[10]=0x0000000000000000 0x0000000000000000
XMM[11]=0x0000000000000000 0x0000000000000000
XMM[12]=0x0000000000000000 0x0000000041800000
XMM[13]=0x0000000000000000 0x0000000043920000
XMM[14]=0x0000000000000000 0x0000000044070000
XMM[15]=0x0000000000000000 0x0000000044098000
  MXCSR=0x00001fbf


Register to memory mapping:

RAX=0x0 is null
RBX=0x0000000000000001 is an unknown value
RCX=0x8c9173f655e50000 is an unknown value
RDX=0x0 is null
RSP=0x00000086244fcd80 is pointing into the stack for thread: 0x000001fe1f387500
RBP=0x00000086244fce80 is pointing into the stack for thread: 0x000001fe1f387500
RSI=0x00000086244fd000 is pointing into the stack for thread: 0x000001fe1f387500
RDI=0x0 is null
R8 =0x000001fe1d1d2840 points into unknown readable memory: 0x000001fe1d1c0cf0 | f0 0c 1c 1d fe 01 00 00
R9 =0x00007ffef1065140 atio6axx.dll
R10=0x000001fe1d1c0000 points into unknown readable memory: 0x0000000000000000 | 00 00 00 00 00 00 00 00
R11=0x0 is null
R12=0x00000086244fcfd8 is pointing into the stack for thread: 0x000001fe1f387500
R13=0x00000086244fcfc0 is pointing into the stack for thread: 0x000001fe1f387500
R14=0x00000086244fcfc8 is pointing into the stack for thread: 0x000001fe1f387500
R15=0x000001fe11de7080 points into unknown readable memory: 0x00007ffef3eac230 | 30 c2 ea f3 fe 7f 00 00

Top of Stack: (sp=0x00000086244fcd80)
0x00000086244fcd80:   00000086244fcfc0 00007ffef19126c3
0x00000086244fcd90:   000001fe1a1aeca0 000001fe1a1aeca0
0x00000086244fcda0:   000001fe1a1aeca0 0000000000000000
0x00000086244fcdb0:   09eaeca9b3e97f37 0000000000000000
0x00000086244fcdc0:   09eaeca9b3e97f37 efde3e08c09f9415
0x00000086244fcdd0:   677959c30be49777 52bc33fedbe4cbb5
0x00000086244fcde0:   000001fe1a4b13d8 00007ffef1914340
0x00000086244fcdf0:   0040000000000002 0000000000400000
0x00000086244fce00:   0000000000000000 52bc33fedbe4cbb5
0x00000086244fce10:   000001fe1a1b0d90 000001fe1a1b3260
0x00000086244fce20:   0000000000000000 00007ffef1912c84
0x00000086244fce30:   00008c1757b99915 00007ffef1893180
0x00000086244fce40:   0000000000000000 0000000000000000
0x00000086244fce50:   00000000fffffffb 000001fe1a1b3260
0x00000086244fce60:   000002027f2adbc8 000001fe1a1aeca0
0x00000086244fce70:   00000086244fcf00 00007ffef1912f4a
0x00000086244fce80:   0000000000000000 000001fe1a1b3260
0x00000086244fce90:   00000000fffffffb 00000000ffffffff
0x00000086244fcea0:   0000000000000880 000001fe11de7080
0x00000086244fceb0:   0000000000000000 0000000000000004
0x00000086244fcec0:   000001fe11f2ef18 0000000000000000
0x00000086244fced0:   000002028a0c8f88 00007ffef1890bcb
0x00000086244fcee0:   000001fe11f2e248 0000000000000000
0x00000086244fcef0:   0000000000000000 000001fe1a1b3260
0x00000086244fcf00:   0000000000000004 00007ffef1a7f4ed
0x00000086244fcf10:   0000000000000880 00007ffef1a7f39d
0x00000086244fcf20:   00008c1757b99865 00007ffef1a7f5c5
0x00000086244fcf30:   00000086244fd270 00000000ffffffff
0x00000086244fcf40:   000001fe11de7080 000002039d746800
0x00000086244fcf50:   0000000000000000 0000000000000000
0x00000086244fcf60:   00000086244fd070 00007ffef18939a0
0x00000086244fcf70:   0000000000000000 00000086244fd070 

Instructions: (pc=0x00007ffef1890f57)
0x00007ffef1890e57:   5b 5d c3 cc cc cc cc cc cc 48 89 5c 24 20 55 56
0x00007ffef1890e67:   57 41 54 41 55 41 56 41 57 48 8d ac 24 50 ff ff
0x00007ffef1890e77:   ff 48 81 ec b0 01 00 00 48 8b 05 ba 31 f4 02 48
0x00007ffef1890e87:   33 c4 48 89 85 a0 00 00 00 4d 8b e9 4c 8b fa 48
0x00007ffef1890e97:   8b 95 18 01 00 00 48 8b b5 20 01 00 00 4c 8b a5
0x00007ffef1890ea7:   28 01 00 00 4c 8b b5 30 01 00 00 bb 01 00 00 00
0x00007ffef1890eb7:   83 3e 00 0f 85 83 00 00 00 0f 57 c0 0f 11 45 c0
0x00007ffef1890ec7:   0f 11 45 d0 0f 11 45 e0 0f 11 45 f0 0f 11 45 00
0x00007ffef1890ed7:   0f 11 45 10 0f 11 45 20 0f 11 45 30 49 8b 08 48
0x00007ffef1890ee7:   81 c1 50 01 00 00 48 8b 01 4c 8d 45 c0 8b 52 04
0x00007ffef1890ef7:   ff 50 30 48 8b 55 34 48 8d 4c 24 60 e8 28 ab ed
0x00007ffef1890f07:   ff 0f 10 10 0f 29 55 40 0f 10 40 10 0f 29 45 50
0x00007ffef1890f17:   0f 10 48 20 0f 29 4d 60 0f 10 50 30 0f 10 40 40
0x00007ffef1890f27:   f2 0f 10 48 50 8b 40 58 66 0f 73 da 04 66 0f 7e
0x00007ffef1890f37:   d3 c1 eb 03 45 33 db e9 80 00 00 00 4c 8b ce 4c
0x00007ffef1890f47:   8b c2 49 8b d7 e8 ff 38 00 00 45 33 db 41 8b d3
0x00007ffef1890f57:   44 8b 40 50 45 85 c0 74 78 8b 48 54 83 e9 09 3b
0x00007ffef1890f67:   cb 76 0d ff c2 48 83 c0 10 41 3b d0 72 eb eb 61
0x00007ffef1890f77:   8b 40 5c 48 6b c8 5c 48 8d 05 bb 2a 15 03 0f 10
0x00007ffef1890f87:   04 01 0f 29 45 40 0f 10 4c 01 10 0f 29 4d 50 0f
0x00007ffef1890f97:   10 44 01 20 0f 29 45 60 0f 10 54 01 30 0f 29 55
0x00007ffef1890fa7:   70 0f 10 44 01 40 f2 0f 10 4c 01 50 8b 44 01 58
0x00007ffef1890fb7:   66 0f 73 da 04 66 0f 7e d3 c1 eb 03 89 85 98 00
0x00007ffef1890fc7:   00 00 f2 0f 11 8d 90 00 00 00 0f 29 85 80 00 00
0x00007ffef1890fd7:   00 41 b8 04 00 00 00 41 3b d8 44 0f 42 c3 49 8b
0x00007ffef1890fe7:   fb 49 8b cb 48 89 4c 24 20 4d 8b 4d 00 49 8b 81
0x00007ffef1890ff7:   c8 00 00 00 48 8b 90 b8 00 00 00 48 8b 42 10 49
0x00007ffef1891007:   03 81 d0 00 00 00 4c 8b 95 10 01 00 00 49 03 c2
0x00007ffef1891017:   33 d2 49 f7 f0 bb ff ff ff ff 48 85 d2 0f 84 9d
0x00007ffef1891027:   00 00 00 49 8b b9 d8 00 00 00 49 2b fa 48 39 7e
0x00007ffef1891037:   48 48 0f 42 7e 48 41 8b 87 8c a5 00 00 48 89 7c
0x00007ffef1891047:   24 28 48 89 44 24 30 c7 44 24 38 10 08 00 00 4c 


Stack slot to memory mapping:

stack at sp + 0 slots: 0x00000086244fcfc0 is pointing into the stack for thread: 0x000001fe1f387500
stack at sp + 1 slots: 0x00007ffef19126c3 atio6axx.dll
stack at sp + 2 slots: 0x000001fe1a1aeca0 points into unknown readable memory: 0x000001fe1a4b13d8 | d8 13 4b 1a fe 01 00 00
stack at sp + 3 slots: 0x000001fe1a1aeca0 points into unknown readable memory: 0x000001fe1a4b13d8 | d8 13 4b 1a fe 01 00 00
stack at sp + 4 slots: 0x000001fe1a1aeca0 points into unknown readable memory: 0x000001fe1a4b13d8 | d8 13 4b 1a fe 01 00 00
stack at sp + 5 slots: 0x0 is null
stack at sp + 6 slots: 0x09eaeca9b3e97f37 is an unknown value
stack at sp + 7 slots: 0x0 is null


Compiled method (n/a) 3988125 64526     n 0       org.lwjgl.opengl.GL11C::nglReadPixels (native)
 total in heap  [0x000001fe337fed90,0x000001fe337ff180] = 1008
 relocation     [0x000001fe337feef0,0x000001fe337fef28] = 56
 main code      [0x000001fe337fef40,0x000001fe337ff176] = 566
 stub code      [0x000001fe337ff176,0x000001fe337ff178] = 2
 oops           [0x000001fe337ff178,0x000001fe337ff180] = 8

[Constant Pool (empty)]

[MachCode]
[Entry Point]
  # {method} {0x00000202886248b0} 'nglReadPixels' '(IIIIIIJ)V' in 'org/lwjgl/opengl/GL11C'
  # parm0:    rdx       = int
  # parm1:    r8        = int
  # parm2:    r9        = int
  # parm3:    rdi       = int
  # parm4:    rsi       = int
  # parm5:    rcx       = int
  # parm6:    [sp+0xa0]   = long  (sp of caller)
  0x000001fe337fef40: 448b 5208 | 49bb 0000 | 003a 0202 | 0000 4d03 | d349 3bc2 | 0f84 0600 

  0x000001fe337fef58: ;   {runtime_call ic_miss_stub}
  0x000001fe337fef58: 0000 e921 | f5ee fb90 
[Verified Entry Point]
  0x000001fe337fef60: 8984 2400 | 80ff ff55 | 488b ec48 | 81ec 9000 | 0000 6690 | 4181 7f58 | 208a 0000 

  0x000001fe337fef7c: ;   {runtime_call StubRoutines (final stubs)}
  0x000001fe337fef7c: 7405 e8bd | c7ed fb48 | 8b45 1048 | 8944 2440 | 4889 4c24 | 3848 8974 | 2430 4889 | 7c24 284c 
  0x000001fe337fef9c: 894c 2420 | 4d8b c84c 

  0x000001fe337fefa4: ;   {oop(a 'java/lang/Class'{0x00000402a5a00000} = 'org/lwjgl/opengl/GL11C')}
  0x000001fe337fefa4: 8bc2 49be | 0000 a0a5 | 0204 0000 | 4c89 7424 | 784c 8d74 | 2478 498b | d6c5 f877 

  0x000001fe337fefc0: ;   {internal_word}
  0x000001fe337fefc0: 49ba bdef | 7f33 fe01 | 0000 4d89 | 97a8 0300 | 0049 89a7 | a003 0000 

  0x000001fe337fefd8: ;   {external_word}
  0x000001fe337fefd8: 49ba c65c | 6c31 ff7f | 0000 4180 | 3a00 0f84 | 4e00 0000 | 5241 5041 

  0x000001fe337feff0: ;   {metadata({method} {0x00000202886248b0} 'nglReadPixels' '(IIIIIIJ)V' in 'org/lwjgl/opengl/GL11C')}
  0x000001fe337feff0: 5148 baa8 | 4862 8802 | 0200 0049 | 8bcf 4883 | ec20 40f6 | c40f 0f84 | 1900 0000 | 4883 ec08 
  0x000001fe337ff010: ;   {runtime_call}
  0x000001fe337ff010: 48b8 50e1 | 1531 ff7f | 0000 ffd0 | 4883 c408 | e90c 0000 

  0x000001fe337ff024: ;   {runtime_call}
  0x000001fe337ff024: 0048 b850 | e115 31ff | 7f00 00ff | d048 83c4 | 2041 5941 | 585a 498d | 8fc0 0300 | 0041 c787 
  0x000001fe337ff044: 4c04 0000 | 0400 0000 

  0x000001fe337ff04c: ;   {runtime_call}
  0x000001fe337ff04c: 48b8 a0ca | 2d7f ff7f | 0000 ffd0 | c5f8 7741 | c787 4c04 | 0000 0500 | 0000 f083 | 4424 c000 
  0x000001fe337ff06c: 493b af50 | 0400 000f | 870e 0000 | 0041 83bf | 4804 0000 | 000f 8420 | 0000 00c5 | f877 498b 
  0x000001fe337ff08c: cf4c 8be4 | 4883 ec20 | 4883 e4f0 

  0x000001fe337ff098: ;   {runtime_call}
  0x000001fe337ff098: 48b8 d052 | e130 ff7f | 0000 ffd0 | 498b e441 | c787 4c04 | 0000 0800 | 0000 4183 | bfc8 0400 
  0x000001fe337ff0b8: 0002 0f84 | 9400 0000 

  0x000001fe337ff0c0: ;   {external_word}
  0x000001fe337ff0c0: 49ba c65c | 6c31 ff7f | 0000 4180 | 3a00 0f84 | 4400 0000 

  0x000001fe337ff0d4: ;   {metadata({method} {0x00000202886248b0} 'nglReadPixels' '(IIIIIIJ)V' in 'org/lwjgl/opengl/GL11C')}
  0x000001fe337ff0d4: 48ba a848 | 6288 0202 | 0000 498b | cf48 83ec | 2040 f6c4 | 0f0f 8419 | 0000 0048 

  0x000001fe337ff0f0: ;   {runtime_call}
  0x000001fe337ff0f0: 83ec 0848 | b850 e115 | 31ff 7f00 | 00ff d048 | 83c4 08e9 | 0c00 0000 

  0x000001fe337ff108: ;   {runtime_call}
  0x000001fe337ff108: 48b8 50e1 | 1531 ff7f | 0000 ffd0 | 4883 c420 | 49c7 87a0 | 0300 0000 | 0000 0049 | c787 a803 
  0x000001fe337ff128: 0000 0000 | 0000 c5f8 | 7749 8b8f | 3004 0000 | c781 0001 | 0000 0000 | 0000 c949 | 837f 0800 
  0x000001fe337ff148: 0f85 0100 

  0x000001fe337ff14c: ;   {runtime_call StubRoutines (initial stubs)}
  0x000001fe337ff14c: 0000 c3e9 | ac1d eafb | c5f8 774c | 8be4 4883 | ec20 4883 

  0x000001fe337ff160: ;   {runtime_call}
  0x000001fe337ff160: e4f0 48b8 | a018 1631 | ff7f 0000 | ffd0 498b | e4e9 4aff | ffff f4f4 
[/MachCode]


Compiled method (c2) 3988145 84030       4       org.lwjgl.opengl.GL11C::glReadPixels (17 bytes)
 total in heap  [0x000001fe32241490,0x000001fe32241798] = 776
 relocation     [0x000001fe322415f0,0x000001fe32241618] = 40
 main code      [0x000001fe32241620,0x000001fe322416b0] = 144
 stub code      [0x000001fe322416b0,0x000001fe322416d8] = 40
 oops           [0x000001fe322416d8,0x000001fe322416e0] = 8
 metadata       [0x000001fe322416e0,0x000001fe322416f0] = 16
 scopes data    [0x000001fe322416f0,0x000001fe32241728] = 56
 scopes pcs     [0x000001fe32241728,0x000001fe32241768] = 64
 dependencies   [0x000001fe32241768,0x000001fe32241770] = 8
 handler table  [0x000001fe32241770,0x000001fe32241788] = 24
 nul chk table  [0x000001fe32241788,0x000001fe32241798] = 16

[Constant Pool (empty)]

[MachCode]
[Verified Entry Point]
  # {method} {0x00000202886249c8} 'glReadPixels' '(IIIIIILjava/nio/ByteBuffer;)V' in 'org/lwjgl/opengl/GL11C'
  # parm0:    rdx       = int
  # parm1:    r8        = int
  # parm2:    r9        = int
  # parm3:    rdi       = int
  # parm4:    rsi       = int
  # parm5:    rcx       = int
  # parm6:    [sp+0x30]   = 'java/nio/ByteBuffer'  (sp of caller)
  0x000001fe32241620: 8984 2400 | 80ff ff55 | 4883 ec20 | 4181 7f58 | 208a 0000 | 0f85 6800 | 0000 4c8b | 5c24 304d 
  0x000001fe32241640: 6353 184d | 0353 104c 

  0x000001fe32241648: ;   {static_call}
  0x000001fe32241648: 8914 24e8 

  0x000001fe3224164c: ; ImmutableOopMap {}
                      ;*invokestatic nglReadPixels {reexecute=0 rethrow=0 return_oop=0}
                      ; - org.lwjgl.opengl.GL11C::glReadPixels@13 (line 1408)
  0x000001fe3224164c: 10d9 5b01 

  0x000001fe32241650: ;   {other}
  0x000001fe32241650: 0f1f 8400 | c001 0000 | 4883 c420 

  0x000001fe3224165c: ;   {poll_return}
  0x000001fe3224165c: 5d49 3ba7 | 5004 0000 | 0f87 2200 | 0000 c348 | 8bd0 4883 

  0x000001fe32241670: ;   {runtime_call _rethrow_Java}
  0x000001fe32241670: c420 5de9 | 88a1 60fd | baf6 ffff 

  0x000001fe3224167c: ;   {runtime_call UncommonTrapBlob}
  0x000001fe3224167c: ff66 90e8 

  0x000001fe32241680: ; ImmutableOopMap {}
                      ;*invokevirtual position {reexecute=0 rethrow=0 return_oop=0}
                      ; - org.lwjgl.system.MemoryUtil::memAddress@1 (line 742)
                      ; - org.lwjgl.opengl.GL11C::glReadPixels@10 (line 1408)
  0x000001fe32241680: 7c2a 4bfd 

  0x000001fe32241684: ;   {other}
  0x000001fe32241684: 0f1f 8400 | f401 0001 

  0x000001fe3224168c: ;   {internal_word}
  0x000001fe3224168c: 49ba 5d16 | 2432 fe01 | 0000 4d89 | 9768 0400 

  0x000001fe3224169c: ;   {runtime_call SafepointBlob}
  0x000001fe3224169c: 00e9 5e3b 

  0x000001fe322416a0: ;   {runtime_call StubRoutines (final stubs)}
  0x000001fe322416a0: 4bfd e899 | a049 fde9 | 8eff ffff | f4f4 f4f4 
[Stub Code]
  0x000001fe322416b0: ;   {no_reloc}
  0x000001fe322416b0: 48bb 0000 | 0000 0000 

  0x000001fe322416b8: ;   {runtime_call nmethod}
  0x000001fe322416b8: 0000 e9fb 

  0x000001fe322416bc: ;   {runtime_call ExceptionBlob}
  0x000001fe322416bc: ffff ffe9 | 3c39 57fd 
[Deopt Handler Code]
  0x000001fe322416c4: e800 0000 | 0048 832c 

  0x000001fe322416cc: ;   {runtime_call DeoptimizationBlob}
  0x000001fe322416cc: 2405 e9cd | 2d4b fdf4 | f4f4 f4f4 
[/MachCode]


Compiled method (c2) 3988147 105674       4       net.minecraft.client.renderer.entity.ItemRenderer::shadowdrop$isInSlot (366 bytes)
 total in heap  [0x000001fe3222d190,0x000001fe3222f338] = 8616
 relocation     [0x000001fe3222d2f0,0x000001fe3222d458] = 360
 main code      [0x000001fe3222d460,0x000001fe3222e5b0] = 4432
 stub code      [0x000001fe3222e5b0,0x000001fe3222e620] = 112
 oops           [0x000001fe3222e620,0x000001fe3222e660] = 64
 metadata       [0x000001fe3222e660,0x000001fe3222e760] = 256
 scopes data    [0x000001fe3222e760,0x000001fe3222ef48] = 2024
 scopes pcs     [0x000001fe3222ef48,0x000001fe3222f1d8] = 656
 dependencies   [0x000001fe3222f1d8,0x000001fe3222f208] = 48
 handler table  [0x000001fe3222f208,0x000001fe3222f2e0] = 216
 nul chk table  [0x000001fe3222f2e0,0x000001fe3222f338] = 88

[Constant Pool (empty)]

[MachCode]
[Entry Point]
  # {method} {0x0000020286e68b88} 'shadowdrop$isInSlot' '(III)Z' in 'net/minecraft/client/renderer/entity/ItemRenderer'
  # this:     rdx:rdx   = 'net/minecraft/client/renderer/entity/ItemRenderer'
  # parm0:    r8        = int
  # parm1:    r9        = int
  # parm2:    rdi       = int
  #           [sp+0x70]  (sp of caller)
  0x000001fe3222d460: 448b 5208 | 49bb 0000 | 003a 0202 | 0000 4d03 | d349 3bc2 

  0x000001fe3222d474: ;   {runtime_call ic_miss_stub}
  0x000001fe3222d474: 0f85 0610 | 4cfd 6690 | 0f1f 4000 
[Verified Entry Point]
  0x000001fe3222d480: 8984 2400 | 80ff ff55 | 4883 ec60 | 4181 7f58 | 208a 0000 | 0f85 0b11 | 0000 897c | 2434 4489 
  0x000001fe3222d4a0: 4c24 3044 | 8944 2408 | 4889 5424 

  0x000001fe3222d4ac: ;   {oop(a 'net/terrunic/shadowdrop/ShadowDropConfig$Client'{0x000004011c155170})}
  0x000001fe3222d4ac: 2849 ba70 | 5115 1c01 | 0400 0049 

  0x000001fe3222d4b8: ;   {other}
  0x000001fe3222d4b8: 8b6a 7048 | c1ed 100f | 879f 0c00 | 0048 85ed | 0f84 0c08 | 0000 4c8b 

  0x000001fe3222d4d0: ;   {other}
  0x000001fe3222d4d0: 4528 49c1 | e810 0f87 | bc0c 0000 | 4d85 c00f | 844d 0400 | 0045 8b50 

  0x000001fe3222d4e8: ;   {metadata('java/util/ArrayList')}
  0x000001fe3222d4e8: 0841 81fa | a889 0b00 | 0f85 1a0b | 0000 4d8b 

  0x000001fe3222d4f8: ;   {other}
  0x000001fe3222d4f8: 4818 49c1 | e910 0f87 | be0c 0000 

  0x000001fe3222d504: ; implicit exception: dispatches to 0x000001fe3222e08c
  0x000001fe3222d504: 418b 490c | 458b 580c | 458b 6010 | 443b e10f | 8f07 0900 | 0045 85e4 | 7f13 41ba | 0100 0000 
  0x000001fe3222d524: 4533 db44 | 895c 240c | e9b4 0000 | 0085 c90f | 8677 0800 | 0048 63c9 | 4d63 d449 | ffca 4c3b 
  0x000001fe3222d544: d10f 8365 | 0800 00bd | 1f00 0000 | 33db 4533 | d244 8954 | 240c eb0d | 0f1f 4000 | 418b eac1 
  0x000001fe3222d564: e505 412b | ea49 8b54 

  0x000001fe3222d56c: ;   {other}
  0x000001fe3222d56c: d910 48c1 | ea10 0f87 | 7e0c 0000 

  0x000001fe3222d578: ; implicit exception: dispatches to 0x000001fe3222e0b4
  0x000001fe3222d578: 448b 5208 | 48b9 0000 | 003a 0202 | 0000 4903 | ca4c 8b91 | e801 0000 

  0x000001fe3222d590: ;   {metadata({method} {0x000002023a0011a8} 'hashCode' '()I' in 'java/lang/Object')}
  0x000001fe3222d590: 48b9 a011 | 003a 0202 | 0000 4c3b | d10f 851a | 0300 004c | 8b12 498b | ca48 83e1 | 0348 83f9 
  0x000001fe3222d5b0: 010f 8506 | 0300 0049 | c1ea 0845 | 8bd2 4181 | e2ff ffff | 7f45 85d2 | 0f84 ef02 | 0000 4403 
  0x000001fe3222d5d0: d5ff c341 | 3bdc 7c88 | 418b 680c | 413b eb0f | 85a3 0800 

  0x000001fe3222d5e4: ;   {oop(a 'java/lang/Class'{0x0000040187dcfe60} = 'net/minecraft/client/renderer/entity/ItemRenderer')}
  0x000001fe3222d5e4: 0049 bb60 | fedc 8701 | 0400 0041 | 8bab 2801 | 0000 413b | ea0f 8561 | 0800 004c | 8b5c 2428 
  0x000001fe3222d604: 4d8b 5310 

  0x000001fe3222d608: ;   {other}
  0x000001fe3222d608: 49c1 ea10 | 0f87 2e0c | 0000 4d85 | d20f 84d1 | 0600 004d | 8b9a b800 

  0x000001fe3222d620: ;   {other}
  0x000001fe3222d620: 0000 49c1 | eb10 0f87 | 480c 0000 

  0x000001fe3222d62c: ; implicit exception: dispatches to 0x000001fe3222e0a0
  0x000001fe3222d62c: c4c1 7b10 | 4318 458b | 4348 448b | 5424 0841 | 83c2 1044 | 8b5c 2430 | 4183 c310 | c57b 2cc8 
  0x000001fe3222d64c: 4181 f900 | 0000 800f | 8437 0f00 | 0045 0faf | d945 2bc3 | 450f afd1 | 4489 5424 | 2041 ffc8 
  0x000001fe3222d66c: ;   {oop(a 'java/util/ArrayList'{0x000004007d7c01d0})}
  0x000001fe3222d66c: 49ba d001 | 7c7d 0004 | 0000 458b | 5a10 4585 | db0f 84f1 | 0200 0041 | 8b42 0c45 | 33d2 4585 
  0x000001fe3222d68c: db41 0f95 

  0x000001fe3222d690: ;   {oop(a 'java/util/ArrayList'{0x000004007d7c01d0})}
  0x000001fe3222d690: c249 bcd0 | 017c 7d00 | 0400 004d | 8b4c 2418 

  0x000001fe3222d6a0: ;   {other}
  0x000001fe3222d6a0: 49c1 e910 | 0f87 040c | 0000 418b | 690c 85ed | 0f86 4a06 | 0000 4863 | fd49 63f3 | 4c8d 66ff 
  0x000001fe3222d6c0: 4c3b e70f | 8337 0600 | 0045 85db | 0f8e 5206 | 0000 41ba | 0100 0000 | 453b d3b9 | 0100 0000 
  0x000001fe3222d6e0: 410f 4fcb | bbff ffff | ff45 33e4 | 453b e30f | 8d53 0600 | 0044 3be5 | 0f8d 8606 | 0000 4b8b 
  0x000001fe3222d700: ;   {other}
  0x000001fe3222d700: 5ce1 1048 | c1eb 100f | 87f5 0b00 | 0044 8b53 

  0x000001fe3222d710: ;   {metadata('net/terrunic/shadowdrop/CachedPixel')}
  0x000001fe3222d710: 0841 81fa | e89d 3f05 | 0f85 1d09 | 0000 448b | 530c 8b54 | 2408 413b | d20f 8440 | 0100 0044 
  0x000001fe3222d730: 8944 241c | 458d 5424 | 0144 3bd1 | 7d0d 418b | dc45 8be2 | 448b 4424 | 1ceb a148 | 3bf7 480f 
  0x000001fe3222d750: 4cfe 48ff | cf49 c7c0 | 0000 0080 | 4881 ff00 | 0000 8049 | 0f4c f88b | d744 3bd2 | 0f8d dd04 
  0x000001fe3222d770: 0000 41ff | c4bf d007 | 0000 8bca | 412b cc41 | 3bd4 0f4c | 4c24 0c81 | f9d0 0700 | 000f 47cf 
  0x000001fe3222d790: 4103 cceb | 3c44 8b53 | 1044 8b44 | 2430 453b | c275 5b44 | 8b43 148b | 7424 3441 | 3bf0 754e 
  0x000001fe3222d7b0: e9a3 0000 | 0066 6666 | 0f1f 8400 | 0000 0000 | 458d 5424 | 0244 3bd1 | 0f8d ca00 | 0000 458b 
  0x000001fe3222d7d0: e24b 8b5c 

  0x000001fe3222d7d4: ;   {other}
  0x000001fe3222d7d4: e110 48c1 | eb10 0f87 | 940b 0000 

  0x000001fe3222d7e0: ; implicit exception: dispatches to 0x000001fe3222dc0a
  0x000001fe3222d7e0: 448b 4308 

  0x000001fe3222d7e4: ;   {metadata('net/terrunic/shadowdrop/CachedPixel')}
  0x000001fe3222d7e4: 4181 f8e8 | 9d3f 050f | 8545 0800 | 0044 8b53 | 0c8b 7424 | 0841 3bf2 | 7497 4b8b 

  0x000001fe3222d800: ;   {other}
  0x000001fe3222d800: 5ce1 1848 | c1eb 100f | 87cf 0b00 | 0048 85db | 0f84 f103 | 0000 448b 

  0x000001fe3222d818: ;   {metadata('net/terrunic/shadowdrop/CachedPixel')}
  0x000001fe3222d818: 5308 4181 | fae8 9d3f | 050f 850c | 0800 0044 | 8b53 0c44 | 8b44 2408 | 453b c275 | 8b44 8b43 
  0x000001fe3222d838: 108b 7424 | 3041 3bf0 | 0f85 7aff | ffff 448b | 5314 448b | 4424 3445 | 3bc2 0f85 | 68ff ffff 
  0x000001fe3222d858: 0fb6 4318 | 4883 c460 

  0x000001fe3222d860: ;   {poll_return}
  0x000001fe3222d860: 5d49 3ba7 | 5004 0000 | 0f87 0c0d | 0000 c344 | 8944 241c | 448b 5310 | 8b54 2430 | 413b d20f 
  0x000001fe3222d880: 85af feff | ff44 8b53 | 148b 5424 | 3441 3bd2 | 0f85 9efe | ffff ebc0 | 4d8b b758 | 0400 0045 
  0x000001fe3222d8a0: 8bec 418d | 7502 41ff 

  0x000001fe3222d8a8: ; ImmutableOopMap {r9=Oop }
                      ;*goto {reexecute=1 rethrow=0 return_oop=0}
                      ; - (reexecute) net.minecraft.client.renderer.entity.ItemRenderer::shadowdrop$isInSlot@209 (line 4168)
                      ;   {poll}
  0x000001fe3222d8a8: c541 8506 | 443b d20f | 8d97 0300 | 0045 8be2 | e9bd feff | ff89 5c24 | 3848 8944 | 24f8 8b44 
  0x000001fe3222d8c8: 240c 8944 | 2424 488b | 4424 f844 | 8964 2420 | 4489 5c24 | 0c4c 894c | 2418 4c89 | 4424 1066 
  0x000001fe3222d8e8: 9048 b878 | e800 3a02 

  0x000001fe3222d8f0: ;   {virtual_call}
  0x000001fe3222d8f0: 0200 00e8 

  0x000001fe3222d8f4: ; ImmutableOopMap {[16]=Oop [24]=Oop [40]=Oop }
                      ;*invokevirtual hashCode {reexecute=0 rethrow=0 return_oop=0}
                      ; - java.util.ArrayList::hashCodeRange@53 (line 677)
                      ; - java.util.ArrayList::hashCode@11 (line 664)
                      ; - net.minecraft.client.renderer.entity.ItemRenderer::shadowdrop$isInSlot@16 (line 4148)
  0x000001fe3222d8f4: e8a3 23fe 

  0x000001fe3222d8f8: ;   {other}
  0x000001fe3222d8f8: 0f1f 8400 | 6807 0001 | 4c8b 4424 | 104c 8b4c | 2418 448b | 5c24 0c44 | 8b64 2420 | 4889 4424 
  0x000001fe3222d918: f88b 4424 | 2489 4424 | 0c48 8b44 | 24f8 8b5c | 2438 448b | d0e9 9cfc | ffff 488b 

  0x000001fe3222d934: ;   {optimized virtual_call}
  0x000001fe3222d934: d566 90e8 

  0x000001fe3222d938: ; ImmutableOopMap {rbp=Oop [40]=Oop }
                      ;*invokevirtual getRaw {reexecute=0 rethrow=0 return_oop=1}
                      ; - net.neoforged.neoforge.common.ModConfigSpec$ConfigValue::get@9 (line 1222)
                      ; - net.minecraft.client.renderer.entity.ItemRenderer::shadowdrop$isInSlot@6 (line 4147)
  0x000001fe3222d938: 440e 4cfd 

  0x000001fe3222d93c: ;   {other}
  0x000001fe3222d93c: 0f1f 8400 | ac07 0002 | f745 28d0 

  0x000001fe3222d948: ;   {other}
  0x000001fe3222d948: 7500 000f | 85f3 0a00 | 004c 8bd0 

  0x000001fe3222d954: ;   {other}
  0x000001fe3222d954: 49c1 e210 | 4981 ca20 

  0x000001fe3222d95c: ;   {other}
  0x000001fe3222d95c: 8a00 004c | 8955 2848 | 85c0 0f84 | 9905 0000 | 4c8b c0e9 | 71fb ffff | 4489 4424 | 1cba 0300 
  0x000001fe3222d97c: ;   {static_call}
  0x000001fe3222d97c: 0000 90e8 

  0x000001fe3222d980: ; ImmutableOopMap {}
                      ;*invokestatic allocateDirect {reexecute=0 rethrow=0 return_oop=1}
                      ; - org.lwjgl.BufferUtils::createByteBuffer@1 (line 75)
                      ; - net.minecraft.client.renderer.entity.ItemRenderer::shadowdrop$isInSlot@213 (line 4171)
  0x000001fe3222d980: 1c77 2a01 

  0x000001fe3222d984: ;   {other}
  0x000001fe3222d984: 0f1f 8400 | f407 0003 | 4885 c00f | 8487 0500 

  0x000001fe3222d994: ;   {oop(a 'java/nio/ByteOrder'{0x000004001e995010})}
  0x000001fe3222d994: 0049 b810 | 5099 1e00 | 0400 0048 

  0x000001fe3222d9a0: ;   {optimized virtual_call}
  0x000001fe3222d9a0: 8bd0 90e8 

  0x000001fe3222d9a4: ; ImmutableOopMap {}
                      ;*invokevirtual order {reexecute=0 rethrow=0 return_oop=1}
                      ; - org.lwjgl.BufferUtils::createByteBuffer@7 (line 75)
                      ; - net.minecraft.client.renderer.entity.ItemRenderer::shadowdrop$isInSlot@213 (line 4171)
  0x000001fe3222d9a4: 98ad 03ff 

  0x000001fe3222d9a8: ;   {other}
  0x000001fe3222d9a8: 0f1f 8400 | 1808 0004 | 4889 4424 | f88b 4424 | 0c89 4424 | 1448 8b44 | 24f8 4889 | 4424 f88b 
  0x000001fe3222d9c8: 4424 3489 | 4424 1048 | 8b44 24f8 | 4889 4424 | f88b 4424 | 3089 4424 | 0c48 8b44 | 24f8 488b 
  0x000001fe3222d9e8: e8be 0819 | 0000 b901 | 1400 008b | 5424 2044 | 8b44 241c | 41b9 0100 | 0000 bf01 | 0000 0048 
  0x000001fe3222da08: ;   {static_call}
  0x000001fe3222da08: 8904 24e8 

  0x000001fe3222da0c: ; ImmutableOopMap {rbp=Oop }
                      ;*invokestatic glReadPixels {reexecute=0 rethrow=0 return_oop=0}
                      ; - org.lwjgl.opengl.GL11::glReadPixels@10 (line 5600)
                      ; - net.minecraft.client.renderer.entity.ItemRenderer::shadowdrop$isInSlot@232 (line 4172)
  0x000001fe3222da0c: 103c 0100 

  0x000001fe3222da10: ;   {other}
  0x000001fe3222da10: 0f1f 8400 | 8008 0005 | 4c8b dd45 

  0x000001fe3222da1c: ;   {metadata('java/nio/DirectByteBuffer')}
  0x000001fe3222da1c: 8b53 0841 | 81fa 10e0 | 1b00 0f85 | 2c05 0000 | 4d8b cb49 

  0x000001fe3222da30: ;   {other}
  0x000001fe3222da30: 8b69 2848 | c1ed 100f | 8777 0a00 | 0048 85ed | 0f85 9a05 | 0000 458b | 591c 4585 | db0f 8c21 
  0x000001fe3222da50: 0500 0045 | 85db 0f84 | d404 0000 | 4d8b 5110 | 450f b622 | 4183 fb02 | 0f86 2e05 | 0000 498b 
  0x000001fe3222da70: 87b8 0100 | 0045 0fb6 | 4201 4c8b | d849 83c3 | 2041 0fb6 | 6a02 4d3b | 9fc8 0100 | 000f 8321 
  0x000001fe3222da90: 0400 004d | 899f b801 | 0000 410f | 1883 0001 | 0000 48c7 | 0001 0000 

  0x000001fe3222daa8: ;   {metadata('java/util/ArrayList$Itr')}
  0x000001fe3222daa8: 00c7 4008 | e02b 1800 | c740 0c00 | 0000 00c7 | 4010 ffff 

  0x000001fe3222dabc: ;   {oop(a 'java/util/ArrayList'{0x000004007d7c01f0})}
  0x000001fe3222dabc: ffff 49ba | f001 7c7d | 0004 0000 | 458b 4a0c | 4489 4814 | 458b 5a10 

  0x000001fe3222dad4: ;   {other}
  0x000001fe3222dad4: 4d8b ca49 | c1e1 1049 | 81c9 208a 

  0x000001fe3222dae0: ;   {other}
  0x000001fe3222dae0: 0000 4c89 | 4818 4c8b | c845 85db | 0f84 8f00 | 0000 4c89 | 4c24 2044 | 8944 241c | 4489 6424 
  0x000001fe3222db00: 1849 8bd1 

  0x000001fe3222db04: ;   {optimized virtual_call}
  0x000001fe3222db04: 6666 90e8 

  0x000001fe3222db08: ; ImmutableOopMap {[32]=Oop }
                      ;*invokeinterface next {reexecute=0 rethrow=0 return_oop=1}
                      ; - net.minecraft.client.renderer.entity.ItemRenderer::shadowdrop$isInSlot@296 (line 4179)
  0x000001fe3222db08: 541b cffd 

  0x000001fe3222db0c: ;   {other}
  0x000001fe3222db0c: 0f1f 8400 | 7c09 0006 | 4c8b d044 

  0x000001fe3222db18: ;   {metadata({type array int})}
  0x000001fe3222db18: 8b40 0841 | 81f8 0827 | 0000 0f85 | 4005 0000 | 458b 420c | 4183 f802 | 0f86 9204 | 0000 458b 
  0x000001fe3222db38: 4210 448b | 6424 1845 | 3be0 0f84 | 6901 0000 | 448b 4424 | 1c4d 8b9f 

  0x000001fe3222db50: ; ImmutableOopMap {[32]=Oop }
                      ;*goto {reexecute=1 rethrow=0 return_oop=0}
                      ; - (reexecute) net.minecraft.client.renderer.entity.ItemRenderer::shadowdrop$isInSlot@339 (line 4186)
  0x000001fe3222db50: 5804 0000 

  0x000001fe3222db54: ;   {poll}
  0x000001fe3222db54: 4185 034c | 8b4c 2420 | 4d8b 5118 

  0x000001fe3222db60: ;   {other}
  0x000001fe3222db60: 49c1 ea10 | 0f87 7e09 | 0000 458b | 5a10 458b | 510c 453b | d30f 8577 | ffff ff8b | 6c24 14eb 
  0x000001fe3222db80: 048b 6c24 | 1449 8b87 | b801 0000 | 4c8b d049 | 83c2 204d | 3b97 c801 | 0000 0f83 | 4703 0000 
  0x000001fe3222dba0: 4d89 97b8 | 0100 0041 | 0f18 8200 | 0100 0048 | c700 0100 

  0x000001fe3222dbb4: ;   {metadata('net/terrunic/shadowdrop/CachedPixel')}
  0x000001fe3222dbb4: 0000 c740 | 08e8 9d3f | 0548 c740 | 1800 0000 | 0044 8b54 | 2408 4489 | 500c 448b | 5c24 0c44 
  0x000001fe3222dbd4: 8958 1044 | 8b54 2410 | 4489 5014 | 4088 6818 

  0x000001fe3222dbe4: ;   {oop(a 'java/util/ArrayList'{0x000004007d7c01d0})}
  0x000001fe3222dbe4: 4c8b c048 | bad0 017c | 7d00 0400 

  0x000001fe3222dbf0: ;   {optimized virtual_call}
  0x000001fe3222dbf0: 0066 90e8 

  0x000001fe3222dbf4: ; ImmutableOopMap {}
                      ;*invokeinterface add {reexecute=0 rethrow=0 return_oop=0}
                      ; - net.minecraft.client.renderer.entity.ItemRenderer::shadowdrop$isInSlot@357 (line 4187)
  0x000001fe3222dbf4: 0872 cbfd 

  0x000001fe3222dbf8: ;   {other}
  0x000001fe3222dbf8: 0f1f 8400 | 680a 0008 | 8bc5 e955 | fcff ff41 | ffc4 448b | 4424 1c45 | 8bd4 418b | eaff c5ba 
  0x000001fe3222dc18: f4ff ffff | 4489 5424 | 0c48 8944 | 24f8 8b44 | 2420 8944 | 2418 488b | 4424 f844 | 8944 241c 
  0x000001fe3222dc38: 8944 2420 

  0x000001fe3222dc3c: ;   {runtime_call UncommonTrapBlob}
  0x000001fe3222dc3c: 6666 90e8 

  0x000001fe3222dc40: ; ImmutableOopMap {}
                      ;*checkcast {reexecute=0 rethrow=0 return_oop=0}
                      ; - net.minecraft.client.renderer.entity.ItemRenderer::shadowdrop$isInSlot@171 (line 4165)
  0x000001fe3222dc40: bc64 4cfd 

  0x000001fe3222dc44: ;   {other}
  0x000001fe3222dc44: 0f1f 8400 | b40a 0009 | 41ff c445 | 3bd3 0f8d | 21fd ffff | 453b d30f | 8d9b 0300 | 0044 3bd5 
  0x000001fe3222dc64: 0f8d 9c03 | 0000 4b8b 

  0x000001fe3222dc6c: ;   {other}
  0x000001fe3222dc6c: 5cd1 1048 | c1eb 100f | 87ad 0800 | 0044 8b43 

  0x000001fe3222dc7c: ;   {metadata('net/terrunic/shadowdrop/CachedPixel')}
  0x000001fe3222dc7c: 0841 81f8 | e89d 3f05 | 0f85 a203 | 0000 448b | 430c 448b | 6424 0845 | 3be0 0f84 | 5c01 0000 
  0x000001fe3222dc9c: 418d 5a01 | 413b db0f | 8dd0 fcff | ff45 8be2 | 448b d3eb | a745 8b4a | 1444 8b44 | 241c 453b 
  0x000001fe3222dcbc: c10f 858a | feff ff45 | 8b5a 1841 | 3beb 0f85 | 7dfe ffff | bd01 0000 | 00e9 abfe | ffff baf6 
  0x000001fe3222dcdc: ;   {runtime_call UncommonTrapBlob}
  0x000001fe3222dcdc: ffff ffe8 

  0x000001fe3222dce0: ; ImmutableOopMap {}
                      ;*invokevirtual get {reexecute=0 rethrow=0 return_oop=0}
                      ; - net.minecraft.client.renderer.entity.ItemRenderer::shadowdrop$isInSlot@6 (line 4147)
  0x000001fe3222dce0: 1c64 4cfd 

  0x000001fe3222dce4: ;   {other}
  0x000001fe3222dce4: 0f1f 8400 | 540b 000a | baf6 ffff 

  0x000001fe3222dcf0: ;   {runtime_call UncommonTrapBlob}
  0x000001fe3222dcf0: ff66 90e8 

  0x000001fe3222dcf4: ; ImmutableOopMap {}
                      ;*invokevirtual getWindow {reexecute=0 rethrow=0 return_oop=0}
                      ; - net.minecraft.client.renderer.entity.ItemRenderer::shadowdrop$isInSlot@105 (line 4159)
  0x000001fe3222dcf4: 0864 4cfd 

  0x000001fe3222dcf8: ;   {other}
  0x000001fe3222dcf8: 0f1f 8400 | 680b 000b | ba76 ffff | ff8b 6c24 | 0844 8944 | 2414 4489 | 5424 1889 

  0x000001fe3222dd14: ;   {runtime_call UncommonTrapBlob}
  0x000001fe3222dd14: 4424 1ce8 

  0x000001fe3222dd18: ; ImmutableOopMap {}
                      ;*ifeq {reexecute=1 rethrow=0 return_oop=0}
                      ; - (reexecute) net.minecraft.client.renderer.entity.ItemRenderer::shadowdrop$isInSlot@161 (line 4165)
  0x000001fe3222dd18: e463 4cfd 

  0x000001fe3222dd1c: ;   {other}
  0x000001fe3222dd1c: 0f1f 8400 | 8c0b 000c | ba6e ffff | ff8b 6c24 | 0844 8944 | 2414 4489 | 5424 1889 

  0x000001fe3222dd38: ;   {runtime_call UncommonTrapBlob}
  0x000001fe3222dd38: 4424 1ce8 

  0x000001fe3222dd3c: ; ImmutableOopMap {}
                      ;*ifeq {reexecute=1 rethrow=0 return_oop=0}
                      ; - (reexecute) net.minecraft.client.renderer.entity.ItemRenderer::shadowdrop$isInSlot@161 (line 4165)
  0x000001fe3222dd3c: c063 4cfd 

  0x000001fe3222dd40: ;   {other}
  0x000001fe3222dd40: 0f1f 8400 | b00b 000d | 458b d444 | 8be3 ba45 | ffff ff8b | 6c24 0844 | 8954 240c | 4489 5424 
  0x000001fe3222dd60: 1044 8964 | 2414 4489 | 4424 2444 | 895c 2428 | 8944 242c 

  0x000001fe3222dd74: ;   {runtime_call UncommonTrapBlob}
  0x000001fe3222dd74: 6666 90e8 

  0x000001fe3222dd78: ; ImmutableOopMap {}
                      ;*if_icmplt {reexecute=1 rethrow=0 return_oop=0}
                      ; - (reexecute) java.util.ArrayList$Itr::next@17 (line 1051)
                      ; - net.minecraft.client.renderer.entity.ItemRenderer::shadowdrop$isInSlot@166 (line 4165)
  0x000001fe3222dd78: 8463 4cfd 

  0x000001fe3222dd7c: ;   {other}
  0x000001fe3222dd7c: 0f1f 8400 | ec0b 000e | 458b d444 | 8be3 ba45 | ffff ff44 | 8954 2410 | 4489 6424 | 1444 8944 
  0x000001fe3222dd9c: 2424 8944 

  0x000001fe3222dda0: ;   {runtime_call UncommonTrapBlob}
  0x000001fe3222dda0: 2428 90e8 

  0x000001fe3222dda4: ; ImmutableOopMap {}
                      ;*if_icmplt {reexecute=1 rethrow=0 return_oop=0}
                      ; - (reexecute) java.util.ArrayList$Itr::next@39 (line 1054)
                      ; - net.minecraft.client.renderer.entity.ItemRenderer::shadowdrop$isInSlot@166 (line 4165)
  0x000001fe3222dda4: 5863 4cfd 

  0x000001fe3222dda8: ;   {other}
  0x000001fe3222dda8: 0f1f 8400 | 180c 000f | ba76 ffff | ff8b 6c24 | 084c 894c | 2408 4c8b | 5424 284c | 8954 2410 
  0x000001fe3222ddc8: 448b 5424 | 3044 8954 | 2418 448b | 4c24 3444 | 894c 241c | 4c89 4424 | 2844 895c | 2430 4489 
  0x000001fe3222dde8: ;   {runtime_call UncommonTrapBlob}
  0x000001fe3222dde8: 6424 38e8 

  0x000001fe3222ddec: ; ImmutableOopMap {[8]=Oop [16]=Oop [40]=Oop }
                      ;*if_icmpge {reexecute=1 rethrow=0 return_oop=0}
                      ; - (reexecute) java.util.ArrayList::hashCodeRange@28 (line 675)
                      ; - java.util.ArrayList::hashCode@11 (line 664)
                      ; - net.minecraft.client.renderer.entity.ItemRenderer::shadowdrop$isInSlot@16 (line 4148)
  0x000001fe3222ddec: 1063 4cfd 

  0x000001fe3222ddf0: ;   {other}
  0x000001fe3222ddf0: 0f1f 8400 | 600c 0010 | 448b 4310 | 8b4c 2430 | 413b c80f | 8593 feff | ff44 8b43 | 1444 8b64 
  0x000001fe3222de10: 2434 453b | e00f 8581 | feff ffe9 | 38fa ffff | ba45 ffff | ff8b 6c24 | 084c 8b54 | 2428 4c89 
  0x000001fe3222de30: 5424 0844 | 8b54 2430 | 4489 5424 | 104c 8944 | 2420 4489 | 5c24 2844 | 8964 242c | 894c 2430 
  0x000001fe3222de50: ;   {runtime_call UncommonTrapBlob}
  0x000001fe3222de50: 6666 90e8 

  0x000001fe3222de54: ; ImmutableOopMap {[8]=Oop [32]=Oop }
                      ;*if_icmple {reexecute=1 rethrow=0 return_oop=0}
                      ; - (reexecute) java.util.ArrayList::hashCodeRange@8 (line 671)
                      ; - java.util.ArrayList::hashCode@11 (line 664)
                      ; - net.minecraft.client.renderer.entity.ItemRenderer::shadowdrop$isInSlot@16 (line 4148)
  0x000001fe3222de54: a862 4cfd 

  0x000001fe3222de58: ;   {other}
  0x000001fe3222de58: 0f1f 8400 | c80c 0011 | ba45 ffff | ff4c 8b5c | 2428 4c89 | 5c24 104c | 8944 2420 | 4489 5424 
  0x000001fe3222de78: ;   {runtime_call UncommonTrapBlob}
  0x000001fe3222de78: 2866 90e8 

  0x000001fe3222de7c: ; ImmutableOopMap {[16]=Oop [32]=Oop }
                      ;*if_icmpeq {reexecute=1 rethrow=0 return_oop=0}
                      ; - (reexecute) net.minecraft.client.renderer.entity.ItemRenderer::shadowdrop$isInSlot@28 (line 4150)
  0x000001fe3222de7c: 8062 4cfd 

  0x000001fe3222de80: ;   {other}
  0x000001fe3222de80: 0f1f 8400 | f00c 0012 | ba45 ffff | ff4c 8b4c | 2428 4c89 | 4c24 104c | 8944 2420 | 4489 5424 
  0x000001fe3222dea0: 1c44 895c 

  0x000001fe3222dea4: ;   {runtime_call UncommonTrapBlob}
  0x000001fe3222dea4: 2428 90e8 

  0x000001fe3222dea8: ; ImmutableOopMap {[16]=Oop [32]=Oop }
                      ;*if_icmpeq {reexecute=1 rethrow=0 return_oop=0}
                      ; - (reexecute) java.util.ArrayList::checkForComodification@5 (line 654)
                      ; - java.util.ArrayList::hashCode@17 (line 665)
                      ; - net.minecraft.client.renderer.entity.ItemRenderer::shadowdrop$isInSlot@16 (line 4148)
  0x000001fe3222dea8: 5462 4cfd 

  0x000001fe3222deac: ;   {other}
  0x000001fe3222deac: 0f1f 8400 | 1c0d 0013 | 4489 4424 | 1c44 8964 

  0x000001fe3222debc: ;   {metadata('java/util/ArrayList$Itr')}
  0x000001fe3222debc: 2418 48ba | e02b 183a | 0202 0000 

  0x000001fe3222dec8: ;   {runtime_call _new_instance_Java}
  0x000001fe3222dec8: 6666 90e8 

  0x000001fe3222decc: ; ImmutableOopMap {}
                      ;*new {reexecute=0 rethrow=0 return_oop=1}
                      ; - java.util.ArrayList::iterator@0 (line 1029)
                      ; - net.minecraft.client.renderer.entity.ItemRenderer::shadowdrop$isInSlot@277 (line 4179)
  0x000001fe3222decc: 306e 58fd 

  0x000001fe3222ded0: ;   {other}
  0x000001fe3222ded0: 0f1f 8400 | 400d 0014 | 448b 6424 | 1844 8b44 | 241c e9d0 

  0x000001fe3222dee4: ;   {metadata('net/terrunic/shadowdrop/CachedPixel')}
  0x000001fe3222dee4: fbff ff48 | bae8 9d3f | 3f02 0200 

  0x000001fe3222def0: ;   {runtime_call _new_instance_Java}
  0x000001fe3222def0: 0066 90e8 

  0x000001fe3222def4: ; ImmutableOopMap {}
                      ;*new {reexecute=0 rethrow=0 return_oop=1}
                      ; - net.minecraft.client.renderer.entity.ItemRenderer::shadowdrop$isInSlot@345 (line 4187)
  0x000001fe3222def4: 086e 58fd 

  0x000001fe3222def8: ;   {other}
  0x000001fe3222def8: 0f1f 8400 | 680d 0015 | e9c0 fcff | ffba f4ff | ffff 8b6c 

  0x000001fe3222df0c: ;   {runtime_call UncommonTrapBlob}
  0x000001fe3222df0c: 2408 90e8 

  0x000001fe3222df10: ; ImmutableOopMap {[40]=Oop }
                      ;*checkcast {reexecute=0 rethrow=0 return_oop=0}
                      ; - net.minecraft.client.renderer.entity.ItemRenderer::shadowdrop$isInSlot@9 (line 4147)
  0x000001fe3222df10: ec61 4cfd 

  0x000001fe3222df14: ;   {other}
  0x000001fe3222df14: 0f1f 8400 | 840d 0016 | baf6 ffff 

  0x000001fe3222df20: ;   {runtime_call UncommonTrapBlob}
  0x000001fe3222df20: ff66 90e8 

  0x000001fe3222df24: ; ImmutableOopMap {}
                      ;*invokevirtual order {reexecute=0 rethrow=0 return_oop=0}
                      ; - org.lwjgl.BufferUtils::createByteBuffer@7 (line 75)
                      ; - net.minecraft.client.renderer.entity.ItemRenderer::shadowdrop$isInSlot@213 (line 4171)
  0x000001fe3222df24: d861 4cfd 

  0x000001fe3222df28: ;   {other}
  0x000001fe3222df28: 0f1f 8400 | 980d 0017 | bae4 ffff | ff8b 6c24 | 084c 894c | 2418 4c89 | 4c24 2044 | 895c 2428 
  0x000001fe3222df48: ;   {runtime_call UncommonTrapBlob}
  0x000001fe3222df48: 6666 90e8 

  0x000001fe3222df4c: ; ImmutableOopMap {[24]=Oop [32]=Oop }
                      ;*invokestatic checkIndex {reexecute=0 rethrow=0 return_oop=0}
                      ; - java.nio.Buffer::checkIndex@8 (line 768)
                      ; - java.nio.DirectByteBuffer::get@11 (line 342)
                      ; - net.minecraft.client.renderer.entity.ItemRenderer::shadowdrop$isInSlot@238 (line 4173)
  0x000001fe3222df4c: b061 4cfd 

  0x000001fe3222df50: ;   {other}
  0x000001fe3222df50: 0f1f 8400 | c00d 0018 | bade ffff | ff8b 6c24 | 084c 895c 

  0x000001fe3222df64: ;   {runtime_call UncommonTrapBlob}
  0x000001fe3222df64: 2418 90e8 

  0x000001fe3222df68: ; ImmutableOopMap {[24]=Oop }
                      ;*invokevirtual get {reexecute=0 rethrow=0 return_oop=0}
                      ; - net.minecraft.client.renderer.entity.ItemRenderer::shadowdrop$isInSlot@238 (line 4173)
  0x000001fe3222df68: 9461 4cfd 

  0x000001fe3222df6c: ;   {other}
  0x000001fe3222df6c: 0f1f 8400 | dc0d 0019 | bacc ffff | ff8b 6c24 | 084c 894c | 2418 4c89 | 4c24 2044 | 895c 2428 
  0x000001fe3222df8c: ;   {runtime_call UncommonTrapBlob}
  0x000001fe3222df8c: 6666 90e8 

  0x000001fe3222df90: ; ImmutableOopMap {[24]=Oop [32]=Oop }
                      ;*invokestatic checkIndex {reexecute=0 rethrow=0 return_oop=0}
                      ; - java.nio.Buffer::checkIndex@8 (line 768)
                      ; - java.nio.DirectByteBuffer::get@11 (line 342)
                      ; - net.minecraft.client.renderer.entity.ItemRenderer::shadowdrop$isInSlot@238 (line 4173)
  0x000001fe3222df90: 6c61 4cfd 

  0x000001fe3222df94: ;   {other}
  0x000001fe3222df94: 0f1f 8400 | 040e 001a | bae4 ffff | ff8b 6c24 | 0844 8964 | 2418 4c89 | 4c24 204c | 894c 2428 
  0x000001fe3222dfb4: 4489 5c24 

  0x000001fe3222dfb8: ;   {runtime_call UncommonTrapBlob}
  0x000001fe3222dfb8: 1c66 90e8 

  0x000001fe3222dfbc: ; ImmutableOopMap {[32]=Oop [40]=Oop }
                      ;*invokestatic checkIndex {reexecute=0 rethrow=0 return_oop=0}
                      ; - java.nio.Buffer::checkIndex@8 (line 768)
                      ; - java.nio.DirectByteBuffer::get@11 (line 342)
                      ; - net.minecraft.client.renderer.entity.ItemRenderer::shadowdrop$isInSlot@250 (line 4174)
  0x000001fe3222dfbc: 4061 4cfd 

  0x000001fe3222dfc0: ;   {other}
  0x000001fe3222dfc0: 0f1f 8400 | 300e 001b | bae4 ffff | ff4c 8954 

  0x000001fe3222dfd0: ;   {runtime_call UncommonTrapBlob}
  0x000001fe3222dfd0: 2430 90e8 

  0x000001fe3222dfd4: ; ImmutableOopMap {[32]=Oop [48]=Oop }
                      ;*iaload {reexecute=0 rethrow=0 return_oop=0}
                      ; - net.minecraft.client.renderer.entity.ItemRenderer::shadowdrop$isInSlot@311 (line 4181)
  0x000001fe3222dfd4: 2861 4cfd 

  0x000001fe3222dfd8: ;   {other}
  0x000001fe3222dfd8: 0f1f 8400 | 480e 001c | ba45 ffff | ff4c 894c | 2420 4c89 

  0x000001fe3222dfec: ;   {runtime_call UncommonTrapBlob}
  0x000001fe3222dfec: 4c24 28e8 

  0x000001fe3222dff0: ; ImmutableOopMap {rbp=Oop [32]=Oop [40]=Oop }
                      ;*ifnull {reexecute=1 rethrow=0 return_oop=0}
                      ; - (reexecute) java.nio.Buffer::session@4 (line 792)
                      ; - java.nio.DirectByteBuffer::get@4 (line 342)
                      ; - net.minecraft.client.renderer.entity.ItemRenderer::shadowdrop$isInSlot@238 (line 4173)
  0x000001fe3222dff0: 0c61 4cfd 

  0x000001fe3222dff4: ;   {other}
  0x000001fe3222dff4: 0f1f 8400 | 640e 001d | 448b 4424 | 1ce9 48fd | ffff 448b | 4424 1ce9 | 7afd ffff | bade ffff 
  0x000001fe3222e014: ff8b 6c24 | 084c 8944 

  0x000001fe3222e01c: ;   {runtime_call UncommonTrapBlob}
  0x000001fe3222e01c: 2418 90e8 

  0x000001fe3222e020: ; ImmutableOopMap {[24]=Oop [40]=Oop }
                      ;*checkcast {reexecute=0 rethrow=0 return_oop=0}
                      ; - net.minecraft.client.renderer.entity.ItemRenderer::shadowdrop$isInSlot@9 (line 4147)
  0x000001fe3222e020: dc60 4cfd 

  0x000001fe3222e024: ;   {other}
  0x000001fe3222e024: 0f1f 8400 | 940e 001e | 448b 4424 | 1ceb 0b41 | ffc4 448b | 4424 1c45 | 8bd4 418b | eaff c5ba 
  0x000001fe3222e044: deff ffff | 4889 5c24 | 1044 8954 | 240c 4489 | 4424 2489 

  0x000001fe3222e058: ;   {runtime_call UncommonTrapBlob}
  0x000001fe3222e058: 4424 28e8 

  0x000001fe3222e05c: ; ImmutableOopMap {[16]=Oop }
                      ;*checkcast {reexecute=0 rethrow=0 return_oop=0}
                      ; - net.minecraft.client.renderer.entity.ItemRenderer::shadowdrop$isInSlot@171 (line 4165)
  0x000001fe3222e05c: a060 4cfd 

  0x000001fe3222e060: ;   {other}
  0x000001fe3222e060: 0f1f 8400 | d00e 001f | bade ffff | ff44 8b5c | 2418 4489 | 5c24 1448 | 8944 2428 

  0x000001fe3222e07c: ;   {runtime_call UncommonTrapBlob}
  0x000001fe3222e07c: 6666 90e8 

  0x000001fe3222e080: ; ImmutableOopMap {[32]=Oop [40]=Oop }
                      ;*checkcast {reexecute=0 rethrow=0 return_oop=0}
                      ; - net.minecraft.client.renderer.entity.ItemRenderer::shadowdrop$isInSlot@301 (line 4179)
  0x000001fe3222e080: 7c60 4cfd 

  0x000001fe3222e084: ;   {other}
  0x000001fe3222e084: 0f1f 8400 | f40e 0020 | baf6 ffff 

  0x000001fe3222e090: ;   {runtime_call UncommonTrapBlob}
  0x000001fe3222e090: ff66 90e8 

  0x000001fe3222e094: ; ImmutableOopMap {}
                      ;*arraylength {reexecute=0 rethrow=0 return_oop=0}
                      ; - java.util.ArrayList::hashCodeRange@7 (line 671)
                      ; - java.util.ArrayList::hashCode@11 (line 664)
                      ; - net.minecraft.client.renderer.entity.ItemRenderer::shadowdrop$isInSlot@16 (line 4148)
  0x000001fe3222e094: 6860 4cfd 

  0x000001fe3222e098: ;   {other}
  0x000001fe3222e098: 0f1f 8400 | 080f 0021 | baf6 ffff 

  0x000001fe3222e0a4: ;   {runtime_call UncommonTrapBlob}
  0x000001fe3222e0a4: ff66 90e8 

  0x000001fe3222e0a8: ; ImmutableOopMap {}
                      ;*invokevirtual getGuiScale {reexecute=0 rethrow=0 return_oop=0}
                      ; - net.minecraft.client.renderer.entity.ItemRenderer::shadowdrop$isInSlot@112 (line 4160)
  0x000001fe3222e0a8: 5460 4cfd 

  0x000001fe3222e0ac: ;   {other}
  0x000001fe3222e0ac: 0f1f 8400 | 1c0f 0022 | 4c89 4c24 | 1089 5c24 | 0c48 8954 | 2420 4c89 | 4424 4044 | 895c 2448 
  0x000001fe3222e0cc: 4489 6424 | 4cba 45ff 

  0x000001fe3222e0d4: ;   {runtime_call UncommonTrapBlob}
  0x000001fe3222e0d4: ffff 90e8 

  0x000001fe3222e0d8: ; ImmutableOopMap {[16]=Oop [32]=Oop [40]=Oop [64]=Oop }
                      ;*ifnonnull {reexecute=1 rethrow=0 return_oop=0}
                      ; - (reexecute) java.util.ArrayList::hashCodeRange@44 (line 677)
                      ; - java.util.ArrayList::hashCode@11 (line 664)
                      ; - net.minecraft.client.renderer.entity.ItemRenderer::shadowdrop$isInSlot@16 (line 4148)
  0x000001fe3222e0d8: 2460 4cfd 

  0x000001fe3222e0dc: ;   {other}
  0x000001fe3222e0dc: 0f1f 8400 | 4c0f 0023 | baf6 ffff 

  0x000001fe3222e0e8: ;   {runtime_call UncommonTrapBlob}
  0x000001fe3222e0e8: ff66 90e8 

  0x000001fe3222e0ec: ; ImmutableOopMap {}
                      ;*invokevirtual get {reexecute=0 rethrow=0 return_oop=0}
                      ; - net.minecraft.client.renderer.entity.ItemRenderer::shadowdrop$isInSlot@238 (line 4173)
  0x000001fe3222e0ec: 1060 4cfd 

  0x000001fe3222e0f0: ;   {other}
  0x000001fe3222e0f0: 0f1f 8400 | 600f 0024 | baf4 ffff | ff44 8b5c | 2418 4489 

  0x000001fe3222e104: ;   {runtime_call UncommonTrapBlob}
  0x000001fe3222e104: 5c24 14e8 

  0x000001fe3222e108: ; ImmutableOopMap {[32]=Oop }
                      ;*checkcast {reexecute=0 rethrow=0 return_oop=0}
                      ; - net.minecraft.client.renderer.entity.ItemRenderer::shadowdrop$isInSlot@301 (line 4179)
  0x000001fe3222e108: f45f 4cfd 

  0x000001fe3222e10c: ;   {other}
  0x000001fe3222e10c: 0f1f 8400 | 7c0f 0025 | baf6 ffff 

  0x000001fe3222e118: ;   {runtime_call UncommonTrapBlob}
  0x000001fe3222e118: ff66 90e8 

  0x000001fe3222e11c: ; ImmutableOopMap {}
                      ;*getfield size {reexecute=1 rethrow=0 return_oop=0}
                      ; - (reexecute) java.util.ArrayList$Itr::hasNext@8 (line 1044)
                      ; - net.minecraft.client.renderer.entity.ItemRenderer::shadowdrop$isInSlot@286 (line 4179)
  0x000001fe3222e11c: e05f 4cfd 

  0x000001fe3222e120: ;   {other}
  0x000001fe3222e120: 0f1f 8400 | 900f 0026 | 448b 4424 | 1ce9 e0fa | ffff 488b | d0eb 2348 | 8bd0 eb1e | 488b d0eb 
  0x000001fe3222e140: 1948 8bd0 | eb14 488b | d0eb 0feb | 0048 8bd0 | eb08 488b | d0eb 0348 | 8bd0 4883 

  0x000001fe3222e15c: ;   {runtime_call _rethrow_Java}
  0x000001fe3222e15c: c460 5de9 | 9cd6 61fd | 498b 6a70 | 4883 ec30 | 4c89 5424 | 2849 8d52 | 7048 8bcd 

  0x000001fe3222e178: ;   {runtime_call}
  0x000001fe3222e178: 48b8 a0ce | 3331 ff7f | 0000 ffd0 | 488b e84c | 8b54 2428 | c5f8 7748 | 83c4 30e9 | 2df3 ffff 
  0x000001fe3222e198: 4c8b 4528 | 4883 ec20 | 488d 5528 

  0x000001fe3222e1a4: ;   {runtime_call}
  0x000001fe3222e1a4: 498b c848 | b8a0 ce33 | 31ff 7f00 | 00ff d04c | 8bc0 c5f8 | 7748 83c4 | 20e9 1af3 | ffff 4d8b 
  0x000001fe3222e1c4: 4818 4883 | ec30 4c89 | 4424 2849 | 8d50 1849 

  0x000001fe3222e1d4: ;   {runtime_call}
  0x000001fe3222e1d4: 8bc9 48b8 | a0ce 3331 | ff7f 0000 | ffd0 4c8b | c84c 8b44 | 2428 c5f8 | 7748 83c4 | 30e9 0ef3 
  0x000001fe3222e1f4: ffff 498b | 54d9 1048 | 83ec 404c | 895c 2438 | 4c89 4424 | 304c 894c | 2428 488b | ca49 8d54 
  0x000001fe3222e214: ;   {runtime_call}
  0x000001fe3222e214: d910 48b8 | a0ce 3331 | ff7f 0000 | ffd0 488b | d04c 8b4c | 2428 4c8b | 4424 304c | 8b5c 2438 
  0x000001fe3222e234: c5f8 7748 | 83c4 40e9 | 38f3 ffff | 4d8b 5310 | 4883 ec30 | 4c89 5c24 | 2849 8d53 | 1049 8bca 
  0x000001fe3222e254: ;   {runtime_call}
  0x000001fe3222e254: 48b8 a0ce | 3331 ff7f | 0000 ffd0 | 4c8b d04c | 8b5c 2428 | c5f8 7748 | 83c4 30e9 | 9ef3 ffff 
  0x000001fe3222e274: 4d8b 9ab8 | 0000 0048 | 83ec 304c | 8954 2428 | 498d 92b8 | 0000 0049 

  0x000001fe3222e28c: ;   {runtime_call}
  0x000001fe3222e28c: 8bcb 48b8 | a0ce 3331 | ff7f 0000 | ffd0 4c8b | d84c 8b54 | 2428 c5f8 | 7748 83c4 | 30e9 7ef3 
  0x000001fe3222e2ac: ffff 4d8b | 4c24 1848 | 83ec 404c | 8954 2438 | 4c89 5c24 | 304c 8944 | 2428 4889 | 4424 2049 
  0x000001fe3222e2cc: 8d54 2418 

  0x000001fe3222e2d0: ;   {runtime_call}
  0x000001fe3222e2d0: 498b c948 | b8a0 ce33 | 31ff 7f00 | 00ff d04c | 8bc8 488b | 4424 204c | 8b44 2428 | 4c8b 5c24 
  0x000001fe3222e2f0: 304c 8b54 | 2438 c5f8 | 7748 83c4 | 40e9 a8f3 | ffff 4b8b | 5ce1 1048 | 83ec 604c | 895c 2458 
  0x000001fe3222e310: 4c89 4424 | 504c 894c | 2448 4889 | 4c24 4048 | 897c 2438 | 4889 7424 | 3048 8944 | 2428 4b8d 
  0x000001fe3222e330: 54e1 1048 

  0x000001fe3222e334: ;   {runtime_call}
  0x000001fe3222e334: 8bcb 48b8 | a0ce 3331 | ff7f 0000 | ffd0 488b | d848 8b44 | 2428 488b | 7424 3048 | 8b7c 2438 
  0x000001fe3222e354: 488b 4c24 | 404c 8b4c | 2448 4c8b | 4424 504c | 8b5c 2458 | c5f8 7748 | 83c4 60e9 | 99f3 ffff 
  0x000001fe3222e374: 4b8b 5ce1 | 1048 83ec | 504c 895c | 2448 4c89 | 4c24 4048 | 894c 2438 | 4889 7c24 | 3048 8954 
  0x000001fe3222e394: 2428 4889 | 4424 204b | 8d54 e110 

  0x000001fe3222e3a0: ;   {runtime_call}
  0x000001fe3222e3a0: 488b cb48 | b8a0 ce33 | 31ff 7f00 | 00ff d048 | 8bd8 488b | 4424 2048 | 8b54 2428 | 488b 7c24 
  0x000001fe3222e3c0: 3048 8b4c | 2438 4c8b | 4c24 404c | 8b5c 2448 | c5f8 7748 | 83c4 50e9 | 04f4 ffff | 4b8b 5ce1 
  0x000001fe3222e3e0: 1848 83ec | 504c 895c | 2448 4c89 | 4c24 4048 | 894c 2438 | 4889 7c24 | 3048 8954 | 2428 4889 
  0x000001fe3222e400: 4424 204b | 8d54 e118 

  0x000001fe3222e408: ;   {runtime_call}
  0x000001fe3222e408: 488b cb48 | b8a0 ce33 | 31ff 7f00 | 00ff d048 | 8bd8 488b | 4424 2048 | 8b54 2428 | 488b 7c24 
  0x000001fe3222e428: 3048 8b4c | 2438 4c8b | 4c24 404c | 8b5c 2448 | c5f8 7748 | 83c4 50e9 | c9f3 ffff | 4d8b 5760 
  0x000001fe3222e448: 4983 ba38 | 0300 0000 | 0f84 2d00 | 0000 4157 | 4d8b ba38 | 0300 0049 | 83ef 104d | 89ba 3803 
  0x000001fe3222e468: 0000 4f8d | 3c3a 4c8d | 5528 4d89 | 174d 8b12 | 4d89 5708 | 415f e9ce | f4ff ff48 | 83ec 304c 
  0x000001fe3222e488: 8954 2428 | 4889 4424 | 2048 8d4d 

  0x000001fe3222e494: ;   {runtime_call}
  0x000001fe3222e494: 2848 b800 | d033 31ff | 7f00 00ff | d048 8b44 | 2420 4c8b | 5424 28c5 | f877 4883 | c430 ebca 
  0x000001fe3222e4b4: 498b 6928 | 4883 ec30 | 4c89 4c24 | 2849 8d51 | 2848 8bcd 

  0x000001fe3222e4c8: ;   {runtime_call}
  0x000001fe3222e4c8: 48b8 a0ce | 3331 ff7f | 0000 ffd0 | 488b e84c | 8b4c 2428 | c5f8 7748 | 83c4 30e9 | 55f5 ffff 
  0x000001fe3222e4e8: 4d8b 5118 | 4883 ec30 | 4c89 4424 | 284c 894c | 2420 498d | 5118 498b 

  0x000001fe3222e500: ;   {runtime_call}
  0x000001fe3222e500: ca48 b8a0 | ce33 31ff | 7f00 00ff | d04c 8bd0 | 4c8b 4c24 | 204c 8b44 | 2428 c5f8 | 7748 83c4 
  0x000001fe3222e520: 30e9 44f6 | ffff 4b8b | 5cd1 1048 | 83ec 404c | 8954 2438 | 4c89 5c24 | 304c 894c | 2428 4889 
  0x000001fe3222e540: 4424 204b | 8d54 d110 

  0x000001fe3222e548: ;   {runtime_call}
  0x000001fe3222e548: 488b cb48 | b8a0 ce33 | 31ff 7f00 | 00ff d048 | 8bd8 488b | 4424 204c | 8b4c 2428 | 4c8b 5c24 
  0x000001fe3222e568: 304c 8b54 | 2438 c5f8 | 7748 83c4 | 40e9 fff6 

  0x000001fe3222e578: ;   {internal_word}
  0x000001fe3222e578: ffff 49ba | 61d8 2232 | fe01 0000 | 4d89 9768 

  0x000001fe3222e588: ;   {runtime_call SafepointBlob}
  0x000001fe3222e588: 0400 00e9 | 706c 4cfd | 4883 ec08 | c5fb 1104 

  0x000001fe3222e598: ;   {runtime_call StubRoutines (initial stubs)}
  0x000001fe3222e598: 24e8 eb2b | 47fd 4159 | e9b4 f0ff 

  0x000001fe3222e5a4: ;   {runtime_call StubRoutines (final stubs)}
  0x000001fe3222e5a4: ffe8 96d1 | 4afd e9eb | eeff fff4 
[Stub Code]
  0x000001fe3222e5b0: ;   {no_reloc}
  0x000001fe3222e5b0: 48bb 0000 | 0000 0000 

  0x000001fe3222e5b8: ;   {runtime_call nmethod}
  0x000001fe3222e5b8: 0000 e9fb 

  0x000001fe3222e5bc: ;   {static_stub}
  0x000001fe3222e5bc: ffff ff48 | bb00 0000 | 0000 0000 

  0x000001fe3222e5c8: ;   {runtime_call nmethod}
  0x000001fe3222e5c8: 00e9 fbff 

  0x000001fe3222e5cc: ;   {static_stub}
  0x000001fe3222e5cc: ffff 48bb | 0000 0000 | 0000 0000 

  0x000001fe3222e5d8: ;   {runtime_call nmethod}
  0x000001fe3222e5d8: e9fb ffff 

  0x000001fe3222e5dc: ;   {static_stub}
  0x000001fe3222e5dc: ff48 bb00 | 0000 0000 

  0x000001fe3222e5e4: ;   {runtime_call nmethod}
  0x000001fe3222e5e4: 0000 00e9 | fbff ffff 

  0x000001fe3222e5ec: ;   {static_stub}
  0x000001fe3222e5ec: 48bb 0000 | 0000 0000 

  0x000001fe3222e5f4: ;   {runtime_call nmethod}
  0x000001fe3222e5f4: 0000 e9fb 

  0x000001fe3222e5f8: ;   {static_stub}
  0x000001fe3222e5f8: ffff ff48 | bb00 0000 | 0000 0000 

  0x000001fe3222e604: ;   {runtime_call nmethod}
  0x000001fe3222e604: 00e9 fbff 

  0x000001fe3222e608: ;   {runtime_call ExceptionBlob}
  0x000001fe3222e608: ffff e9f1 | 6958 fde8 | 0000 0000 | 4883 2c24 

  0x000001fe3222e618: ;   {runtime_call DeoptimizationBlob}
  0x000001fe3222e618: 05e9 825e | 4cfd f4f4 
[/MachCode]


---------------  P R O C E S S  ---------------

Threads class SMR info:
_java_thread_list=0x00000202e6e97a40, length=168, elements={
0x000001fe1f387500, 0x000001fe1f82ded0, 0x000001fe1f834b70, 0x000001fe1f892e00,
0x000001fe1f895fd0, 0x000001fe1f896660, 0x000001fe1f8952b0, 0x000001fe1d3b29c0,
0x000001fe1d3b07b0, 0x000001fe1f894590, 0x000001fe1f893870, 0x000001fe1f893f00,
0x000001fe1f894c20, 0x000002027f896390, 0x000002027f894950, 0x000002027f894fe0,
0x000002027f897dd0, 0x000001fe083f9cd0, 0x000001fe083f7c00, 0x000001fe083f8920,
0x000001fe083f8290, 0x000001fe0a101a00, 0x000001fe0a100650, 0x000001fe0a101370,
0x000001fe0a0fec10, 0x000001fe0a100ce0, 0x000001fe0a0fffc0, 0x000001fe0a103ad0,
0x000001fe0a104160, 0x000001fe19c24960, 0x000001fe19c24ff0, 0x000001fe14d154c0,
0x000001fe083f3a60, 0x000001fe083f6850, 0x000001fe083f2d40, 0x000001fe083f33d0,
0x000001fe083f8fb0, 0x000001fe1f895940, 0x000001fe18436480, 0x000001fe18434a40,
0x000001fe18438be0, 0x000001fe18439270, 0x000001fe18439900, 0x000001fe18438550,
0x000001fe19c20130, 0x0000020280ed1020, 0x0000020280ed3e10, 0x0000020280ed16b0,
0x0000020280ed30f0, 0x0000020280ed4b30, 0x0000020280befb40, 0x0000020280ed6c00,
0x000001fe14238480, 0x000001fe1423a550, 0x000001fe14237df0, 0x000001fe142391a0,
0x000001fe14239830, 0x000001fe1423abe0, 0x000001fe14239ec0, 0x000001fe1423c620,
0x000001fe1423b270, 0x00000202980ec6b0, 0x00000202980f6ac0, 0x0000020280ed44a0,
0x000001fe14d147a0, 0x000002029fa4c810, 0x000002029fa4baf0, 0x000002029fa4add0,
0x000002029fa4b460, 0x000002029fa4d530, 0x000002029fa4cea0, 0x000002029fa4c180,
0x000002029fa4a740, 0x000002029fa51040, 0x000002029fa516d0, 0x000002029fa509b0,
0x000002029fa4e250, 0x000002029fa50320, 0x000002029fa4fc90, 0x000002029fa51d60,
0x000002029fa4e8e0, 0x000002029fa55870, 0x000002029fa544c0, 0x000002029fa551e0,
0x000002029fa523f0, 0x000001fe1032f110, 0x000001fe103304c0, 0x000001fe1032dd60,
0x000001fe10332c20, 0x000001fe18433d20, 0x000002029fa59380, 0x0000020280ed5850,
0x000001fe1032bc90, 0x000001fe1032c320, 0x0000020370cbee10, 0x0000020370cbb990,
0x00000202a68c98d0, 0x00000203827c1450, 0x00000202980eb990, 0x00000203fda22000,
0x00000203fda1ff30, 0x00000203fda21970, 0x00000203fda20c50, 0x00000203fda212e0,
0x000002038b2f3400, 0x000002038b2f26e0, 0x000002039cf66150, 0x000002040c6e3bd0,
0x00000202a68c9240, 0x00000203fda22d20, 0x00000203e5b30ed0, 0x00000203e5b30840,
0x00000204247d28c0, 0x000002039cf68220, 0x000002039cf688b0, 0x00000202980f2290,
0x00000203a9841980, 0x000002039cf695d0, 0x000002039cf67b90, 0x000002039cf667e0,
0x000002039cf66e70, 0x000002039cf68f40, 0x0000020401a56ac0, 0x0000020401a53640,
0x0000020401a54360, 0x0000020401a55710, 0x0000020401a53cd0, 0x0000020367bc0b20,
0x0000020367bc3910, 0x0000020367bc1840, 0x0000020367bc11b0, 0x0000020367bc1ed0,
0x0000020367bc2560, 0x0000020367bc2bf0, 0x00000203f6da5100, 0x0000020367bc0490,
0x00000203827c2800, 0x00000203827c3bb0, 0x00000203e4b8c3f0, 0x00000203a9a12a90,
0x00000203e4b8d7a0, 0x00000203a9844770, 0x00000203fedf0e30, 0x00000203827c0dc0,
0x00000203f66478c0, 0x00000204226b7260, 0x00000203f6647230, 0x000002029fd737e0,
0x00000204226b6bd0, 0x00000204226b7f80, 0x000002040c6de320, 0x000002038a9267a0,
0x00000203a9a309a0, 0x00000203e4b8bd60, 0x00000203e4b8d110, 0x000002029fd73e70,
0x00000203a9a2f5f0, 0x00000203fd6fb0e0, 0x00000203fd6fc490, 0x00000204226b9330,
0x000002044f68e4f0, 0x000002042d606200, 0x0000020422807830, 0x000002040c9d6320,
0x0000020401a55da0, 0x00000204015c3320, 0x00000203fe04b080, 0x00000203fe04c430
}

Java Threads: ( => current thread )
=>0x000001fe1f387500 JavaThread "Render thread"                     [_thread_in_native, id=13916, stack(0x0000008624400000,0x0000008624500000) (1024K)]
  0x000001fe1f82ded0 JavaThread "Reference Handler"          daemon [_thread_blocked, id=15848, stack(0x0000008625f00000,0x0000008626000000) (1024K)]
  0x000001fe1f834b70 JavaThread "Finalizer"                  daemon [_thread_blocked, id=13656, stack(0x0000008626000000,0x0000008626100000) (1024K)]
  0x000001fe1f892e00 JavaThread "Signal Dispatcher"          daemon [_thread_blocked, id=18172, stack(0x0000008626100000,0x0000008626200000) (1024K)]
  0x000001fe1f895fd0 JavaThread "Attach Listener"            daemon [_thread_blocked, id=12020, stack(0x0000008626200000,0x0000008626300000) (1024K)]
  0x000001fe1f896660 JavaThread "Service Thread"             daemon [_thread_blocked, id=2540, stack(0x0000008626300000,0x0000008626400000) (1024K)]
  0x000001fe1f8952b0 JavaThread "Monitor Deflation Thread"   daemon [_thread_blocked, id=9416, stack(0x0000008626400000,0x0000008626500000) (1024K)]
  0x000001fe1d3b29c0 JavaThread "C2 CompilerThread0"         daemon [_thread_blocked, id=2276, stack(0x0000008626500000,0x0000008626600000) (1024K)]
  0x000001fe1d3b07b0 JavaThread "C1 CompilerThread0"         daemon [_thread_blocked, id=3848, stack(0x0000008626600000,0x0000008626700000) (1024K)]
  0x000001fe1f894590 JavaThread "Common-Cleaner"             daemon [_thread_blocked, id=4612, stack(0x0000008626800000,0x0000008626900000) (1024K)]
  0x000001fe1f893870 JavaThread "Notification Thread"        daemon [_thread_blocked, id=5304, stack(0x0000008626a00000,0x0000008626b00000) (1024K)]
  0x000001fe1f893f00 JavaThread "Theseus RPC Main"           daemon [_thread_blocked, id=7164, stack(0x0000008626b00000,0x0000008626c00000) (1024K)]
  0x000001fe1f894c20 JavaThread "Theseus RPC Read"           daemon [_thread_in_native, id=20192, stack(0x0000008626c00000,0x0000008626d00000) (1024K)]
  0x000002027f896390 JavaThread "ForkJoinPool.commonPool-worker-5" daemon [_thread_blocked, id=12204, stack(0x0000008627800000,0x0000008627900000) (1024K)]
  0x000002027f894950 JavaThread "ForkJoinPool.commonPool-worker-6" daemon [_thread_blocked, id=7568, stack(0x0000008627900000,0x0000008627a00000) (1024K)]
  0x000002027f894fe0 JavaThread "ForkJoinPool.commonPool-worker-7" daemon [_thread_blocked, id=8240, stack(0x0000008627a00000,0x0000008627b00000) (1024K)]
  0x000002027f897dd0 JavaThread "ForkJoinPool.commonPool-worker-12" daemon [_thread_blocked, id=16068, stack(0x0000008627d00000,0x0000008627e00000) (1024K)]
  0x000001fe083f9cd0 JavaThread "c2me-worker-0"              daemon [_thread_blocked, id=18904, stack(0x0000008629200000,0x0000008629300000) (1024K)]
  0x000001fe083f7c00 JavaThread "c2me-worker-1"              daemon [_thread_blocked, id=21288, stack(0x0000008629300000,0x0000008629400000) (1024K)]
  0x000001fe083f8920 JavaThread "c2me-worker-2"              daemon [_thread_blocked, id=19852, stack(0x0000008629400000,0x0000008629500000) (1024K)]
  0x000001fe083f8290 JavaThread "c2me-worker-3"              daemon [_thread_blocked, id=5388, stack(0x0000008629500000,0x0000008629600000) (1024K)]
  0x000001fe0a101a00 JavaThread "c2me-worker-4"              daemon [_thread_blocked, id=1988, stack(0x0000008629600000,0x0000008629700000) (1024K)]
  0x000001fe0a100650 JavaThread "c2me-worker-5"              daemon [_thread_blocked, id=6908, stack(0x0000008629700000,0x0000008629800000) (1024K)]
  0x000001fe0a101370 JavaThread "c2me-worker-6"              daemon [_thread_blocked, id=10436, stack(0x0000008629800000,0x0000008629900000) (1024K)]
  0x000001fe0a0fec10 JavaThread "c2me-worker-7"              daemon [_thread_blocked, id=4112, stack(0x0000008629900000,0x0000008629a00000) (1024K)]
  0x000001fe0a100ce0 JavaThread "c2me-worker-8"              daemon [_thread_blocked, id=7256, stack(0x0000008629a00000,0x0000008629b00000) (1024K)]
  0x000001fe0a0fffc0 JavaThread "c2me-sched"                 daemon [_thread_blocked, id=2092, stack(0x0000008629b00000,0x0000008629c00000) (1024K)]
  0x000001fe0a103ad0 JavaThread "DFU cleaning thread"        daemon [_thread_blocked, id=7124, stack(0x0000008627100000,0x0000008627200000) (1024K)]
  0x000001fe0a104160 JavaThread "JNA Cleaner"                daemon [_thread_blocked, id=7224, stack(0x0000008629c00000,0x0000008629d00000) (1024K)]
  0x000001fe19c24960 JavaThread "Timer hack thread"          daemon [_thread_blocked, id=5296, stack(0x0000008627000000,0x0000008627100000) (1024K)]
  0x000001fe19c24ff0 JavaThread "Yggdrasil Key Fetcher"      daemon [_thread_blocked, id=5964, stack(0x000000862a000000,0x000000862a100000) (1024K)]
  0x000001fe14d154c0 JavaThread "Java2D Disposer"            daemon [_thread_blocked, id=17088, stack(0x0000008626d00000,0x0000008626e00000) (1024K)]
  0x000001fe083f3a60 JavaThread "FileSystemWatchService"     daemon [_thread_in_native, id=6760, stack(0x000000862ad00000,0x000000862ae00000) (1024K)]
  0x000001fe083f6850 JavaThread "Config Lib config file watcher" daemon [_thread_blocked, id=13508, stack(0x000000862ae00000,0x000000862af00000) (1024K)]
  0x000001fe083f2d40 JavaThread "FileSystemWatchService"     daemon [_thread_in_native, id=7828, stack(0x000000862af00000,0x000000862b000000) (1024K)]
  0x000001fe083f33d0 JavaThread "config-file-watcher-0-0"    daemon [_thread_blocked, id=17728, stack(0x000000862b100000,0x000000862b200000) (1024K)]
  0x000001fe083f8fb0 JavaThread "HttpClient-1-SelectorManager" daemon [_thread_in_native, id=19488, stack(0x000000862b200000,0x000000862b300000) (1024K)]
  0x000001fe1f895940 JavaThread "AWT-Windows"                daemon [_thread_in_native, id=1008, stack(0x000000862b700000,0x000000862b800000) (1024K)]
  0x000001fe18436480 JavaThread "FileWatcher-1-thread-1"     daemon [_thread_blocked, id=21124, stack(0x000000862b800000,0x000000862b900000) (1024K)]
  0x000001fe18434a40 JavaThread "kubejs-background-thread"   daemon [_thread_blocked, id=9972, stack(0x000000862be00000,0x000000862bf00000) (1024K)]
  0x000001fe18438be0 JavaThread "ForkJoinPool-4-worker-1"    daemon [_thread_blocked, id=21076, stack(0x000000862b600000,0x000000862b700000) (1024K)]
  0x000001fe18439270 JavaThread "ForkJoinPool-4-worker-2"    daemon [_thread_blocked, id=5952, stack(0x000000862bf00000,0x000000862c000000) (1024K)]
  0x000001fe18439900 JavaThread "FileSystemWatchService"     daemon [_thread_in_native, id=11760, stack(0x000000862c000000,0x000000862c100000) (1024K)]
  0x000001fe18438550 JavaThread "FileSystemWatchService"     daemon [_thread_in_native, id=4584, stack(0x000000862c200000,0x000000862c300000) (1024K)]
  0x000001fe19c20130 JavaThread "modloading-sync-worker"     daemon [_thread_blocked, id=20536, stack(0x000000862c300000,0x000000862c400000) (1024K)]
  0x0000020280ed1020 JavaThread "ForkJoinPool-4-worker-3"    daemon [_thread_blocked, id=20944, stack(0x000000862aa00000,0x000000862ab00000) (1024K)]
  0x0000020280ed3e10 JavaThread "ForkJoinPool-4-worker-4"    daemon [_thread_blocked, id=7848, stack(0x000000862ac00000,0x000000862ad00000) (1024K)]
  0x0000020280ed16b0 JavaThread "ForkJoinPool-4-worker-5"    daemon [_thread_blocked, id=16528, stack(0x000000862b000000,0x000000862b100000) (1024K)]
  0x0000020280ed30f0 JavaThread "ForkJoinPool-4-worker-6"    daemon [_thread_blocked, id=8884, stack(0x000000862b900000,0x000000862ba00000) (1024K)]
  0x0000020280ed4b30 JavaThread "FileSystemWatchService"     daemon [_thread_in_native, id=4520, stack(0x000000862c400000,0x000000862c500000) (1024K)]
  0x0000020280befb40 JavaThread "FancyMenu-JsonPlaceholder-Cleanup" daemon [_thread_blocked, id=5180, stack(0x000000862d400000,0x000000862d500000) (1024K)]
  0x0000020280ed6c00 JavaThread "pool-23-thread-1"                  [_thread_blocked, id=21084, stack(0x000000862d300000,0x000000862d400000) (1024K)]
  0x000001fe14238480 JavaThread "pool-24-thread-1"                  [_thread_blocked, id=19192, stack(0x000000862d500000,0x000000862d600000) (1024K)]
  0x000001fe1423a550 JavaThread "Thread-25"                         [_thread_blocked, id=2804, stack(0x000000862e100000,0x000000862e200000) (1024K)]
  0x000001fe14237df0 JavaThread "Thread-26"                         [_thread_blocked, id=9496, stack(0x000000862e200000,0x000000862e300000) (1024K)]
  0x000001fe142391a0 JavaThread "HttpClient-2-SelectorManager" daemon [_thread_in_native, id=3068, stack(0x000000862e400000,0x000000862e500000) (1024K)]
  0x000001fe14239830 JavaThread "Worker-Main-2"              daemon [_thread_blocked, id=2360, stack(0x000000862e500000,0x000000862e600000) (1024K)]
  0x000001fe1423abe0 JavaThread "Worker-Main-4"              daemon [_thread_blocked, id=18476, stack(0x000000862e700000,0x000000862e800000) (1024K)]
  0x000001fe14239ec0 JavaThread "Worker-Main-5"              daemon [_thread_blocked, id=20940, stack(0x000000862e800000,0x000000862e900000) (1024K)]
  0x000001fe1423c620 JavaThread "Worker-Main-8"              daemon [_thread_blocked, id=17600, stack(0x000000862eb00000,0x000000862ec00000) (1024K)]
  0x000001fe1423b270 JavaThread "Worker-Main-13"             daemon [_thread_blocked, id=7052, stack(0x000000862f000000,0x000000862f100000) (1024K)]
  0x00000202980ec6b0 JavaThread "pool-25-thread-1"                  [_thread_blocked, id=16204, stack(0x0000008629000000,0x0000008629100000) (1024K)]
  0x00000202980f6ac0 JavaThread "Auto-Sync thread"           daemon [_thread_blocked, id=21148, stack(0x0000008630a00000,0x0000008630b00000) (1024K)]
  0x0000020280ed44a0 JavaThread "HttpClient-4-SelectorManager" daemon [_thread_in_native, id=13700, stack(0x0000008630b00000,0x0000008630c00000) (1024K)]
  0x000001fe14d147a0 JavaThread "FileSystemWatchService"     daemon [_thread_in_native, id=19912, stack(0x0000008630e00000,0x0000008630f00000) (1024K)]
  0x000002029fa4c810 JavaThread "Config-Watcher"             daemon [_thread_blocked, id=17096, stack(0x0000008630f00000,0x0000008631000000) (1024K)]
  0x000002029fa4baf0 JavaThread "Thread-35"                  daemon [_thread_blocked, id=11188, stack(0x0000008631000000,0x0000008631100000) (1024K)]
  0x000002029fa4add0 JavaThread "pool-26-thread-1"                  [_thread_blocked, id=17992, stack(0x0000008631100000,0x0000008631200000) (1024K)]
  0x000002029fa4b460 JavaThread "pool-26-thread-2"                  [_thread_blocked, id=11500, stack(0x0000008631200000,0x0000008631300000) (1024K)]
  0x000002029fa4d530 JavaThread "pool-26-thread-3"                  [_thread_blocked, id=6928, stack(0x0000008631300000,0x0000008631400000) (1024K)]
  0x000002029fa4cea0 JavaThread "KubeJS 2101.7.2-build.368"  daemon [_thread_in_native, id=20888, stack(0x0000008631400000,0x0000008631500000) (1024K)]
  0x000002029fa4c180 JavaThread "WSKeepAliveThread-/api/updates" daemon [_thread_blocked, id=19540, stack(0x0000008631500000,0x0000008631600000) (1024K)]
  0x000002029fa4a740 JavaThread "pool-26-thread-4"                  [_thread_blocked, id=11504, stack(0x0000008631800000,0x0000008631900000) (1024K)]
  0x000002029fa51040 JavaThread "pool-26-thread-5"                  [_thread_blocked, id=11820, stack(0x0000008631900000,0x0000008631a00000) (1024K)]
  0x000002029fa516d0 JavaThread "pool-26-thread-6"                  [_thread_blocked, id=14868, stack(0x0000008631a00000,0x0000008631b00000) (1024K)]
  0x000002029fa509b0 JavaThread "pool-26-thread-7"                  [_thread_blocked, id=18584, stack(0x0000008630100000,0x0000008630200000) (1024K)]
  0x000002029fa4e250 JavaThread "pool-26-thread-8"                  [_thread_blocked, id=11880, stack(0x000000862f800000,0x000000862f900000) (1024K)]
  0x000002029fa50320 JavaThread "pool-26-thread-9"                  [_thread_blocked, id=9348, stack(0x0000008630300000,0x0000008630400000) (1024K)]
  0x000002029fa4fc90 JavaThread "pool-26-thread-10"                 [_thread_blocked, id=9340, stack(0x0000008630400000,0x0000008630500000) (1024K)]
  0x000002029fa51d60 JavaThread "pool-26-thread-11"                 [_thread_blocked, id=11436, stack(0x0000008630600000,0x0000008630700000) (1024K)]
  0x000002029fa4e8e0 JavaThread "pool-26-thread-12"                 [_thread_blocked, id=17896, stack(0x0000008630000000,0x0000008630100000) (1024K)]
  0x000002029fa55870 JavaThread "pool-26-thread-13"                 [_thread_blocked, id=6276, stack(0x0000008630200000,0x0000008630300000) (1024K)]
  0x000002029fa544c0 JavaThread "pool-26-thread-14"                 [_thread_blocked, id=12692, stack(0x0000008631b00000,0x0000008631c00000) (1024K)]
  0x000002029fa551e0 JavaThread "pool-26-thread-15"                 [_thread_blocked, id=8272, stack(0x0000008630700000,0x0000008630800000) (1024K)]
  0x000002029fa523f0 JavaThread "pool-26-thread-16"                 [_thread_blocked, id=19288, stack(0x0000008631c00000,0x0000008631d00000) (1024K)]
  0x000001fe1032f110 JavaThread "VirtualThread-unparker"     daemon [_thread_blocked, id=11516, stack(0x000000862df00000,0x000000862e000000) (1024K)]
  0x000001fe103304c0 JavaThread "pool-25-thread-2"                  [_thread_blocked, id=12720, stack(0x0000008632200000,0x0000008632300000) (1024K)]
  0x000001fe1032dd60 JavaThread "CullThread"                 daemon [_thread_blocked, id=14656, stack(0x0000008632300000,0x0000008632400000) (1024K)]
  0x000001fe10332c20 JavaThread "HttpClient-6-SelectorManager" daemon [_thread_in_native, id=13476, stack(0x0000008632700000,0x0000008632800000) (1024K)]
  0x000001fe18433d20 JavaThread "RxCachedWorkerPoolEvictor-1" daemon [_thread_blocked, id=4972, stack(0x0000008632f00000,0x0000008633000000) (1024K)]
  0x000002029fa59380 JavaThread "ThreadStateHolderCleaner"   daemon [_thread_blocked, id=3480, stack(0x0000008633000000,0x0000008633100000) (1024K)]
  0x0000020280ed5850 JavaThread "Netty Server IO #0"         daemon [_thread_in_native, id=6824, stack(0x000000862ba00000,0x000000862bb00000) (1024K)]
  0x000001fe1032bc90 JavaThread "Netty Local Client IO #0"   daemon [_thread_blocked, id=14140, stack(0x000000862bc00000,0x000000862bd00000) (1024K)]
  0x000001fe1032c320 JavaThread "Netty Server IO #1"         daemon [_thread_in_native, id=7116, stack(0x000000862c100000,0x000000862c200000) (1024K)]
  0x0000020370cbee10 JavaThread "ReadingThread"              daemon [_thread_in_native, id=15892, stack(0x0000008633f00000,0x0000008634000000) (1024K)]
  0x0000020370cbb990 JavaThread "WritingThread"              daemon [_thread_blocked, id=3248, stack(0x0000008634200000,0x0000008634300000) (1024K)]
  0x00000202a68c98d0 JavaThread "Worker-Main-14"             daemon [_thread_blocked, id=6600, stack(0x0000008628800000,0x0000008628900000) (1024K)]
  0x00000203827c1450 JavaThread "Worker-Main-16"             daemon [_thread_blocked, id=19992, stack(0x0000008628b00000,0x0000008628c00000) (1024K)]
  0x00000202980eb990 JavaThread "Server thread"                     [_thread_blocked, id=3888, stack(0x000000862b400000,0x000000862b500000) (1024K)]
  0x00000203fda22000 JavaThread "C2ME Storage #28"           daemon [_thread_blocked, id=13824, stack(0x000000862d800000,0x000000862d900000) (1024K)]
  0x00000203fda1ff30 JavaThread "C2ME Storage #29"           daemon [_thread_blocked, id=1584, stack(0x000000862d900000,0x000000862da00000) (1024K)]
  0x00000203fda21970 JavaThread "C2ME Storage #30"           daemon [_thread_blocked, id=5240, stack(0x000000862da00000,0x000000862db00000) (1024K)]
  0x00000203fda20c50 JavaThread "C2ME Storage #31"           daemon [_thread_blocked, id=6860, stack(0x000000862db00000,0x000000862dc00000) (1024K)]
  0x00000203fda212e0 JavaThread "C2ME Storage #32"           daemon [_thread_blocked, id=14616, stack(0x000000862dc00000,0x000000862dd00000) (1024K)]
  0x000002038b2f3400 JavaThread "C2ME Storage #33"           daemon [_thread_blocked, id=18952, stack(0x000000862a100000,0x000000862a200000) (1024K)]
  0x000002038b2f26e0 JavaThread "C2ME Storage #34"           daemon [_thread_blocked, id=10328, stack(0x000000862b300000,0x000000862b400000) (1024K)]
  0x000002039cf66150 JavaThread "C2ME Storage #35"           daemon [_thread_blocked, id=16208, stack(0x000000862b500000,0x000000862b600000) (1024K)]
  0x000002040c6e3bd0 JavaThread "C2ME Storage #36"           daemon [_thread_blocked, id=20520, stack(0x000000862c900000,0x000000862ca00000) (1024K)]
  0x00000202a68c9240 JavaThread "minecraft_overworld - Light" daemon [_thread_blocked, id=4376, stack(0x000000862d100000,0x000000862d200000) (1024K)]
  0x00000203fda22d20 JavaThread "ModernFix integrated server watchdog" daemon [_thread_blocked, id=17916, stack(0x000000862dd00000,0x000000862de00000) (1024K)]
  0x00000203e5b30ed0 JavaThread "C2ME Storage #40"           daemon [_thread_blocked, id=3612, stack(0x000000862de00000,0x000000862df00000) (1024K)]
  0x00000203e5b30840 JavaThread "C2ME Storage #41"           daemon [_thread_blocked, id=9704, stack(0x000000862cf00000,0x000000862d000000) (1024K)]
  0x00000204247d28c0 JavaThread "C2ME Storage #42"           daemon [_thread_blocked, id=7752, stack(0x000000862c800000,0x000000862c900000) (1024K)]
  0x000002039cf68220 JavaThread "Netty Server IO #2"         daemon [_thread_in_native, id=2812, stack(0x000000862e600000,0x000000862e700000) (1024K)]
  0x000002039cf688b0 JavaThread "Netty Local Client IO #1"   daemon [_thread_blocked, id=9604, stack(0x000000862ed00000,0x000000862ee00000) (1024K)]
  0x00000202980f2290 JavaThread "Netty Server IO #3"         daemon [_thread_in_native, id=14912, stack(0x000000862f300000,0x000000862f400000) (1024K)]
  0x00000203a9841980 JavaThread "Sound engine"               daemon [_thread_blocked, id=15852, stack(0x000000862f900000,0x000000862fa00000) (1024K)]
  0x000002039cf695d0 JavaThread "HttpClient-8-SelectorManager" daemon [_thread_in_native, id=16916, stack(0x0000008632d00000,0x0000008632e00000) (1024K)]
  0x000002039cf67b90 JavaThread "Chunk Render Task Executor #0"        [_thread_blocked, id=10532, stack(0x000000862fa00000,0x000000862fb00000) (1024K)]
  0x000002039cf667e0 JavaThread "Chunk Render Task Executor #1"        [_thread_blocked, id=18516, stack(0x000000862fb00000,0x000000862fc00000) (1024K)]
  0x000002039cf66e70 JavaThread "Chunk Render Task Executor #2"        [_thread_blocked, id=18908, stack(0x000000862fc00000,0x000000862fd00000) (1024K)]
  0x000002039cf68f40 JavaThread "Chunk Render Task Executor #3"        [_thread_blocked, id=2968, stack(0x000000862fd00000,0x000000862fe00000) (1024K)]
  0x0000020401a56ac0 JavaThread "Chunk Render Task Executor #4"        [_thread_blocked, id=14820, stack(0x000000862fe00000,0x000000862ff00000) (1024K)]
  0x0000020401a53640 JavaThread "Chunk Render Task Executor #5"        [_thread_blocked, id=12192, stack(0x0000008630500000,0x0000008630600000) (1024K)]
  0x0000020401a54360 JavaThread "Chunk Render Task Executor #6"        [_thread_blocked, id=5112, stack(0x0000008630800000,0x0000008630900000) (1024K)]
  0x0000020401a55710 JavaThread "Chunk Render Task Executor #7"        [_thread_blocked, id=4528, stack(0x0000008630900000,0x0000008630a00000) (1024K)]
  0x0000020401a53cd0 JavaThread "Chunk Render Task Executor #8"        [_thread_blocked, id=7520, stack(0x0000008630d00000,0x0000008630e00000) (1024K)]
  0x0000020367bc0b20 JavaThread "Chunk Render Task Executor #9"        [_thread_blocked, id=20132, stack(0x0000008631d00000,0x0000008631e00000) (1024K)]
  0x0000020367bc3910 JavaThread "Chunk Render Task Executor #10"        [_thread_blocked, id=4512, stack(0x0000008631e00000,0x0000008631f00000) (1024K)]
  0x0000020367bc1840 JavaThread "Chunk Render Task Executor #11"        [_thread_blocked, id=4892, stack(0x0000008632000000,0x0000008632100000) (1024K)]
  0x0000020367bc11b0 JavaThread "Chunk Render Task Executor #12"        [_thread_blocked, id=20164, stack(0x0000008632100000,0x0000008632200000) (1024K)]
  0x0000020367bc1ed0 JavaThread "Chunk Render Task Executor #13"        [_thread_blocked, id=5256, stack(0x0000008632400000,0x0000008632500000) (1024K)]
  0x0000020367bc2560 JavaThread "Chunk Render Task Executor #14"        [_thread_blocked, id=20064, stack(0x0000008632500000,0x0000008632600000) (1024K)]
  0x0000020367bc2bf0 JavaThread "Chunk Render Task Executor #15"        [_thread_blocked, id=7884, stack(0x0000008632600000,0x0000008632700000) (1024K)]
  0x00000203f6da5100 JavaThread "minecraft_the_end - Light"  daemon [_thread_blocked, id=9532, stack(0x0000008626700000,0x0000008626800000) (1024K)]
  0x0000020367bc0490 JavaThread "Worker-Main-20"             daemon [_thread_blocked, id=1688, stack(0x0000008628100000,0x0000008628200000) (1024K)]
  0x00000203827c2800 JavaThread "Worker-ResourceReload-44"   daemon [_thread_blocked, id=10380, stack(0x0000008629d00000,0x0000008629e00000) (1024K)]
  0x00000203827c3bb0 JavaThread "Worker-ResourceReload-51"   daemon [_thread_blocked, id=20080, stack(0x000000862c600000,0x000000862c700000) (1024K)]
  0x00000203e4b8c3f0 JavaThread "Worker-ResourceReload-56"   daemon [_thread_blocked, id=13796, stack(0x0000008628e00000,0x0000008628f00000) (1024K)]
  0x00000203a9a12a90 JavaThread "Worker-Main-23"             daemon [_thread_blocked, id=3208, stack(0x0000008627200000,0x0000008627300000) (1024K)]
  0x00000203e4b8d7a0 JavaThread "Worker-Main-24"             daemon [_thread_blocked, id=16728, stack(0x0000008628200000,0x0000008628300000) (1024K)]
  0x00000203a9844770 JavaThread "Worker-Main-25"             daemon [_thread_blocked, id=9992, stack(0x0000008628300000,0x0000008628400000) (1024K)]
  0x00000203fedf0e30 JavaThread "ForkJoinPool.commonPool-worker-16" daemon [_thread_blocked, id=13156, stack(0x0000008627e00000,0x0000008627f00000) (1024K)]
  0x00000203827c0dc0 JavaThread "TMRV-JEIPluginManager-150-worker-1" daemon [_thread_blocked, id=9092, stack(0x0000008627500000,0x0000008627600000) (1024K)]
  0x00000203f66478c0 JavaThread "TMRV-JEIPluginManager-153-worker-4" daemon [_thread_blocked, id=19484, stack(0x0000008628400000,0x0000008628500000) (1024K)]
  0x00000204226b7260 JavaThread "TMRV-JEIPluginManager-154-worker-5" daemon [_thread_blocked, id=6880, stack(0x0000008628500000,0x0000008628600000) (1024K)]
  0x00000203f6647230 JavaThread "TMRV-JEIPluginManager-156-worker-7" daemon [_thread_blocked, id=3340, stack(0x0000008628700000,0x0000008628800000) (1024K)]
  0x000002029fd737e0 JavaThread "Worker-ResourceReload-60"   daemon [_thread_blocked, id=10620, stack(0x0000008624200000,0x0000008624300000) (1024K)]
  0x00000204226b6bd0 JavaThread "Worker-ResourceReload-61"   daemon [_thread_blocked, id=21308, stack(0x0000008628c00000,0x0000008628d00000) (1024K)]
  0x00000204226b7f80 JavaThread "Worker-ResourceReload-62"   daemon [_thread_blocked, id=8528, stack(0x0000008628d00000,0x0000008628e00000) (1024K)]
  0x000002040c6de320 JavaThread "Worker-ResourceReload-63"   daemon [_thread_blocked, id=13816, stack(0x0000008628f00000,0x0000008629000000) (1024K)]
  0x000002038a9267a0 JavaThread "Worker-ResourceReload-64"   daemon [_thread_blocked, id=8600, stack(0x0000008629e00000,0x0000008629f00000) (1024K)]
  0x00000203a9a309a0 JavaThread "Worker-ResourceReload-65"   daemon [_thread_blocked, id=448, stack(0x0000008629f00000,0x000000862a000000) (1024K)]
  0x00000203e4b8bd60 JavaThread "Worker-ResourceReload-67"   daemon [_thread_blocked, id=11952, stack(0x000000862c700000,0x000000862c800000) (1024K)]
  0x00000203e4b8d110 JavaThread "Worker-ResourceReload-68"   daemon [_thread_blocked, id=15312, stack(0x000000862ca00000,0x000000862cb00000) (1024K)]
  0x000002029fd73e70 JavaThread "IO-Worker-79"                      [_thread_blocked, id=13492, stack(0x000000862ce00000,0x000000862cf00000) (1024K)]
  0x00000203a9a2f5f0 JavaThread "TMRV-JEIPluginManager-157-worker-0" daemon [_thread_blocked, id=15520, stack(0x000000862ec00000,0x000000862ed00000) (1024K)]
  0x00000203fd6fb0e0 JavaThread "TMRV-JEIPluginManager-161-worker-4" daemon [_thread_blocked, id=13672, stack(0x000000862f500000,0x000000862f600000) (1024K)]
  0x00000203fd6fc490 JavaThread "TMRV-JEIPluginManager-162-worker-5" daemon [_thread_blocked, id=9124, stack(0x000000862f600000,0x000000862f700000) (1024K)]
  0x00000204226b9330 JavaThread "TMRV-JEIPluginManager-164-worker-7" daemon [_thread_blocked, id=3116, stack(0x000000862ff00000,0x0000008630000000) (1024K)]
  0x000002044f68e4f0 JavaThread "TMRV-JEIPluginManager-165-worker-8" daemon [_thread_blocked, id=8456, stack(0x0000008630c00000,0x0000008630d00000) (1024K)]
  0x000002042d606200 JavaThread "TMRV-JEIPluginManager-166-worker-0" daemon [_thread_blocked, id=7696, stack(0x0000008627600000,0x0000008627700000) (1024K)]
  0x0000020422807830 JavaThread "TMRV-JEIPluginManager-167-worker-1" daemon [_thread_blocked, id=6556, stack(0x000000862ea00000,0x000000862eb00000) (1024K)]
  0x000002040c9d6320 JavaThread "TMRV-JEIPluginManager-171-worker-5" daemon [_thread_blocked, id=6024, stack(0x0000008632800000,0x0000008632900000) (1024K)]
  0x0000020401a55da0 JavaThread "TMRV-JEIPluginManager-172-worker-6" daemon [_thread_blocked, id=11852, stack(0x0000008632900000,0x0000008632a00000) (1024K)]
  0x00000204015c3320 JavaThread "TMRV-JEIPluginManager-173-worker-7" daemon [_thread_blocked, id=15976, stack(0x0000008632a00000,0x0000008632b00000) (1024K)]
  0x00000203fe04b080 JavaThread "AWT-Shutdown"                      [_thread_blocked, id=7180, stack(0x0000008624100000,0x0000008624200000) (1024K)]
  0x00000203fe04c430 JavaThread "AWT-EventQueue-0"                  [_thread_blocked, id=11152, stack(0x0000008626e00000,0x0000008626f00000) (1024K)]
Total: 168

Other Threads:
  0x000001fe1f4a4260 VMThread "VM Thread"                           [id=7100, stack(0x0000008625e00000,0x0000008625f00000) (1024K)]
  0x000001fe1f4d9480 WatcherThread "VM Periodic Task Thread"        [id=6388, stack(0x0000008625d00000,0x0000008625e00000) (1024K)]
  0x000001fe1f48cb60 ConcurrentGCThread "ZDirector"                 [id=21120, stack(0x0000008625100000,0x0000008625200000) (1024K)]
  0x000001fe1f4840e0 ConcurrentGCThread "ZDriverMajor"              [id=2992, stack(0x0000008625000000,0x0000008625100000) (1024K)]
  0x000001fe1f481660 ConcurrentGCThread "ZDriverMinor"              [id=9840, stack(0x0000008624f00000,0x0000008625000000) (1024K)]
  0x000001fe1f48da30 ConcurrentGCThread "ZStat"                     [id=20276, stack(0x0000008625200000,0x0000008625300000) (1024K)]
  0x000001fe1d3c8930 ConcurrentGCThread "ZUnmapper"                 [id=8012, stack(0x0000008624500000,0x0000008624600000) (1024K)]
  0x000001fe1fbf6d60 ConcurrentGCThread "ZUncommitter"              [id=19048, stack(0x0000008624600000,0x0000008624700000) (1024K)]
  0x000001fe1f3ea230 WorkerThread "ZWorkerYoung#0"                  [id=9064, stack(0x0000008624b00000,0x0000008624c00000) (1024K)]
  0x000001fe1f3eb9c0 WorkerThread "ZWorkerYoung#1"                  [id=8632, stack(0x0000008624c00000,0x0000008624d00000) (1024K)]
  0x000001fe1f3ebd70 WorkerThread "ZWorkerYoung#2"                  [id=9688, stack(0x0000008624d00000,0x0000008624e00000) (1024K)]
  0x000001fe1f3ec120 WorkerThread "ZWorkerYoung#3"                  [id=8088, stack(0x0000008624e00000,0x0000008624f00000) (1024K)]
  0x000001fe1f3dff20 WorkerThread "ZWorkerOld#0"                    [id=19268, stack(0x0000008624700000,0x0000008624800000) (1024K)]
  0x000001fe1f3e0a10 WorkerThread "ZWorkerOld#1"                    [id=6884, stack(0x0000008624800000,0x0000008624900000) (1024K)]
  0x000001fe1f3e2ad0 WorkerThread "ZWorkerOld#2"                    [id=7944, stack(0x0000008624900000,0x0000008624a00000) (1024K)]
  0x000001fe1f3e5ba0 WorkerThread "ZWorkerOld#3"                    [id=5860, stack(0x0000008624a00000,0x0000008624b00000) (1024K)]
  0x000001fe1f3ec4d0 WorkerThread "RuntimeWorker#0"                 [id=11536, stack(0x0000008625300000,0x0000008625400000) (1024K)]
  0x000001fe1f3eb610 WorkerThread "RuntimeWorker#1"                 [id=13932, stack(0x0000008625400000,0x0000008625500000) (1024K)]
  0x000001fe1f3ec880 WorkerThread "RuntimeWorker#2"                 [id=9060, stack(0x0000008625500000,0x0000008625600000) (1024K)]
  0x000001fe1f3ecc30 WorkerThread "RuntimeWorker#3"                 [id=19052, stack(0x0000008625600000,0x0000008625700000) (1024K)]
  0x000001fe1f3ecfe0 WorkerThread "RuntimeWorker#4"                 [id=4948, stack(0x0000008625700000,0x0000008625800000) (1024K)]
  0x000001fe1f4a1d80 WorkerThread "RuntimeWorker#5"                 [id=6112, stack(0x0000008625800000,0x0000008625900000) (1024K)]
  0x000001fe1f4a2890 WorkerThread "RuntimeWorker#6"                 [id=19428, stack(0x0000008625900000,0x0000008625a00000) (1024K)]
  0x000001fe1f4a2c40 WorkerThread "RuntimeWorker#7"                 [id=6224, stack(0x0000008625a00000,0x0000008625b00000) (1024K)]
  0x000001fe1f4a2ff0 WorkerThread "RuntimeWorker#8"                 [id=18092, stack(0x0000008625b00000,0x0000008625c00000) (1024K)]
  0x000001fe1f4a19d0 WorkerThread "RuntimeWorker#9"                 [id=19984, stack(0x0000008625c00000,0x0000008625d00000) (1024K)]
Total: 26

Threads with active compile tasks:
Total: 0

VM state: not at safepoint (normal execution)

VM Mutex/Monitor currently owned by a thread: None

CDS archive(s) mapped at: [0x000002023a000000-0x000002023ac80000-0x000002023ac80000), size 13107200, SharedBaseAddress: 0x000002023a000000, ArchiveRelocationMode: 1.
Compressed class space mapped at: 0x000002023b000000-0x000002027b000000, reserved size: 1073741824
Narrow klass base: 0x000002023a000000, Narrow klass shift: 0, Narrow klass range: 0x100000000

GC Precious Log:
 NUMA Support: Disabled
 CPUs: 16 total, 16 available
 Memory: 49041M
 Large Page Support: Disabled
 Address Space Type: Contiguous/Unrestricted/Complete
 Address Space Size: 524288M
 Min Capacity: 8M
 Initial Capacity: 768M
 Max Capacity: 32768M
 Soft Max Capacity: 32768M
 Medium Page Size: 32M
 Pre-touch: Disabled
 Uncommit: Enabled
 Uncommit Delay: 300s
 GC Workers for Old Generation: 4 (dynamic)
 GC Workers for Young Generation: 4 (dynamic)
 GC Workers Max: 4 (dynamic)
 Runtime Workers: 10

ZGC Globals:
 Young Collection:   Relocate/108
 Old Collection:     Relocate/22
 Offset Max:         4096G (0x0000040000000000)
 Page Size Small:    2M
 Page Size Medium:   32M

ZGC Metadata Bits:
 LoadGood:           0x0000000000008000
 LoadBad:            0x0000000000007000
 MarkGood:           0x0000000000008a00
 MarkBad:            0x00000000000075c0
 StoreGood:          0x0000000000008a20
 StoreBad:           0x00000000000075d0
 ------------------- 
 Remapped:           0x0000000000008000
 RemappedYoung:      0x000000000000a000
 RemappedOld:        0x000000000000c000
 MarkedYoung:        0x0000000000000200
 MarkedOld:          0x0000000000000800
 Remembered:         0x0000000000000020

Heap:
 ZHeap           used 3910M, capacity 31450M, max capacity 32768M
 Metaspace       used 409498K, committed 415872K, reserved 1441792K
  class space    used 70839K, committed 73664K, reserved 1048576K

ZGC Page Table:
 Small   0x0000000000000000 0x00000000001fe770 0x0000000000200000 O/6     Relocatable
 Small   0x0000000000400000 0x0000000000600000 0x0000000000600000 Y/108   Allocating 
 Small   0x0000000000800000 0x0000000000a00000 0x0000000000a00000 Y/108   Allocating 
 Small   0x0000000000c00000 0x0000000000dffff8 0x0000000000e00000 O/8     Relocatable
 Small   0x0000000001000000 0x0000000001200000 0x0000000001200000 Y/108   Allocating 
 Small   0x0000000001a00000 0x0000000001c00000 0x0000000001c00000 Y/108   Allocating 
 Small   0x0000000002000000 0x0000000002140000 0x0000000002200000 Y/108   Allocating 
 Small   0x0000000002c00000 0x0000000002e00000 0x0000000002e00000 Y/108   Allocating 
 Small   0x0000000002e00000 0x0000000003000000 0x0000000003000000 Y/108   Allocating 
 Small   0x0000000003000000 0x0000000003200000 0x0000000003200000 Y/108   Allocating 
 Small   0x0000000003400000 0x0000000003600000 0x0000000003600000 O/9     Relocatable
 Small   0x0000000003a00000 0x0000000003c00000 0x0000000003c00000 Y/108   Allocating 
 Small   0x0000000003e00000 0x0000000004000000 0x0000000004000000 O/6     Relocatable
 Small   0x0000000004600000 0x00000000047fff60 0x0000000004800000 O/8     Relocatable
 Small   0x0000000004800000 0x00000000049ff658 0x0000000004a00000 O/9     Relocatable
 Small   0x0000000004c00000 0x0000000004dffbc8 0x0000000004e00000 O/8     Relocatable
 Small   0x0000000005000000 0x00000000051ffff0 0x0000000005200000 O/9     Relocatable
 Small   0x0000000005600000 0x00000000057ffff0 0x0000000005800000 O/6     Relocatable
 Small   0x0000000005a00000 0x0000000005c00000 0x0000000005c00000 Y/108   Allocating 
 Small   0x0000000005c00000 0x0000000005dfffe8 0x0000000005e00000 O/8     Relocatable
 Small   0x0000000005e00000 0x0000000005fffff0 0x0000000006000000 O/6     Relocatable
 Small   0x0000000006000000 0x0000000006200000 0x0000000006200000 Y/108   Allocating 
 Small   0x0000000006400000 0x0000000006600000 0x0000000006600000 Y/108   Allocating 
 Small   0x0000000006600000 0x00000000067ffff8 0x0000000006800000 O/15    Relocatable
 Small   0x0000000006c00000 0x0000000006e00000 0x0000000006e00000 Y/108   Allocating 
 Small   0x0000000006e00000 0x0000000007000000 0x0000000007000000 Y/108   Allocating 
 Small   0x0000000007000000 0x00000000071fffe8 0x0000000007200000 O/8     Relocatable
 Small   0x0000000007600000 0x0000000007800000 0x0000000007800000 Y/108   Allocating 
 Small   0x0000000007800000 0x00000000079fd2b8 0x0000000007a00000 O/8     Relocatable
 Small   0x0000000007a00000 0x0000000007bfdf28 0x0000000007c00000 O/6     Relocatable
 Small   0x0000000007c00000 0x0000000007e00000 0x0000000007e00000 O/6     Relocatable
 Small   0x0000000007e00000 0x0000000008000000 0x0000000008000000 Y/108   Allocating 
 Small   0x0000000008000000 0x0000000008200000 0x0000000008200000 Y/108   Allocating 
 Small   0x0000000008200000 0x0000000008400000 0x0000000008400000 Y/108   Allocating 
 Small   0x0000000008400000 0x0000000008600000 0x0000000008600000 Y/108   Allocating 
 Small   0x0000000008600000 0x0000000008800000 0x0000000008800000 Y/108   Allocating 
 Small   0x0000000008800000 0x0000000008a00000 0x0000000008a00000 Y/108   Allocating 
 Small   0x0000000008a00000 0x0000000008c00000 0x0000000008c00000 Y/108   Allocating 
 Small   0x0000000008c00000 0x0000000008e00000 0x0000000008e00000 Y/108   Allocating 
 Small   0x0000000008e00000 0x0000000009000000 0x0000000009000000 Y/108   Allocating 
 Small   0x0000000009000000 0x0000000009200000 0x0000000009200000 O/6     Relocatable
 Small   0x0000000009200000 0x00000000093ff5d8 0x0000000009400000 O/6     Relocatable
 Small   0x0000000009400000 0x00000000095fffe8 0x0000000009600000 O/9     Relocatable
 Small   0x0000000009600000 0x0000000009800000 0x0000000009800000 Y/108   Allocating 
 Small   0x0000000009800000 0x0000000009a00000 0x0000000009a00000 Y/108   Allocating 
 Small   0x0000000009a00000 0x0000000009c00000 0x0000000009c00000 Y/108   Allocating 
 Small   0x0000000009c00000 0x0000000009dfffc0 0x0000000009e00000 O/8     Relocatable
 Small   0x0000000009e00000 0x000000000a000000 0x000000000a000000 Y/108   Allocating 
 Small   0x000000000a200000 0x000000000a3fffd0 0x000000000a400000 O/8     Relocatable
 Small   0x000000000a400000 0x000000000a5ffff0 0x000000000a600000 O/8     Relocatable
 Small   0x000000000aa00000 0x000000000abfff98 0x000000000ac00000 O/6     Relocatable
 Small   0x000000000ae00000 0x000000000b000000 0x000000000b000000 Y/108   Allocating 
 Small   0x000000000b000000 0x000000000b1fffe0 0x000000000b200000 O/6     Relocatable
 Small   0x000000000b200000 0x000000000b400000 0x000000000b400000 Y/108   Allocating 
 Small   0x000000000b400000 0x000000000b5f99b8 0x000000000b600000 O/6     Relocatable
 Small   0x000000000b600000 0x000000000b7ffff0 0x000000000b800000 O/6     Relocatable
 Small   0x000000000c400000 0x000000000c5e5cc8 0x000000000c600000 O/6     Relocatable
 Small   0x000000000c800000 0x000000000c9ffff8 0x000000000ca00000 O/8     Relocatable
 Small   0x000000000d200000 0x000000000d400000 0x000000000d400000 Y/108   Allocating 
 Small   0x000000000d400000 0x000000000d600000 0x000000000d600000 Y/108   Allocating 
 Small   0x000000000d600000 0x000000000d800000 0x000000000d800000 Y/108   Allocating 
 Small   0x000000000da00000 0x000000000dbfcd58 0x000000000dc00000 O/6     Relocatable
 Small   0x000000000dc00000 0x000000000ddfffd8 0x000000000de00000 O/6     Relocatable
 Small   0x000000000e000000 0x000000000e200000 0x000000000e200000 Y/108   Allocating 
 Small   0x000000000fa00000 0x000000000fc00000 0x000000000fc00000 Y/108   Allocating 
 Small   0x000000000fe00000 0x000000000fffd810 0x0000000010000000 O/6     Relocatable
 Small   0x0000000010400000 0x0000000010600000 0x0000000010600000 Y/108   Allocating 
 Small   0x0000000010600000 0x00000000107fed30 0x0000000010800000 O/6     Relocatable
 Small   0x0000000010800000 0x00000000109fd730 0x0000000010a00000 O/8     Relocatable
 Small   0x0000000011a00000 0x0000000011bfffc0 0x0000000011c00000 O/8     Relocatable
 Small   0x0000000011c00000 0x0000000011e00000 0x0000000011e00000 Y/108   Allocating 
 Small   0x0000000011e00000 0x0000000012000000 0x0000000012000000 Y/108   Allocating 
 Small   0x0000000012400000 0x0000000012600000 0x0000000012600000 O/6     Relocatable
 Small   0x0000000012600000 0x00000000127fffc8 0x0000000012800000 O/6     Relocatable
 Small   0x0000000012a00000 0x0000000012bf0690 0x0000000012c00000 O/6     Relocatable
 Small   0x0000000012e00000 0x0000000012ffffe8 0x0000000013000000 O/8     Relocatable
 Small   0x0000000013200000 0x00000000133fdcd0 0x0000000013400000 O/6     Relocatable
 Small   0x0000000013600000 0x00000000137fff98 0x0000000013800000 O/9     Relocatable
 Small   0x0000000014200000 0x0000000014400000 0x0000000014400000 O/8     Relocatable
 Small   0x0000000014400000 0x0000000014600000 0x0000000014600000 Y/108   Allocating 
 Small   0x0000000014600000 0x00000000147ffff0 0x0000000014800000 O/8     Relocatable
 Small   0x0000000014c00000 0x0000000014dfbc80 0x0000000014e00000 O/6     Relocatable
 Small   0x0000000014e00000 0x0000000014ff95a0 0x0000000015000000 O/6     Relocatable
 Small   0x0000000015000000 0x00000000151fffe8 0x0000000015200000 O/8     Relocatable
 Small   0x0000000015400000 0x0000000015600000 0x0000000015600000 Y/108   Allocating 
 Small   0x0000000015a00000 0x0000000015c00000 0x0000000015c00000 Y/108   Allocating 
 Small   0x0000000015c00000 0x0000000015e00000 0x0000000015e00000 Y/108   Allocating 
 Small   0x0000000016000000 0x00000000161fffc8 0x0000000016200000 O/8     Relocatable
 Small   0x0000000016200000 0x00000000163fffe8 0x0000000016400000 O/8     Relocatable
 Small   0x0000000016400000 0x00000000165ffff0 0x0000000016600000 O/7     Relocatable
 Small   0x0000000016600000 0x00000000167fffd8 0x0000000016800000 O/6     Relocatable
 Small   0x0000000016a00000 0x0000000016bffff8 0x0000000016c00000 O/8     Relocatable
 Small   0x0000000016c00000 0x0000000016e00000 0x0000000016e00000 Y/108   Allocating 
 Small   0x0000000016e00000 0x0000000017000000 0x0000000017000000 Y/108   Allocating 
 Small   0x0000000017000000 0x00000000171ffef8 0x0000000017200000 O/12    Relocatable
 Small   0x0000000017800000 0x00000000179fffd0 0x0000000017a00000 O/6     Relocatable
 Small   0x0000000017a00000 0x0000000017bffff0 0x0000000017c00000 O/9     Relocatable
 Small   0x0000000017c00000 0x0000000017dfffd8 0x0000000017e00000 O/7     Relocatable
 Small   0x0000000017e00000 0x0000000017fffff0 0x0000000018000000 O/6     Relocatable
 Small   0x0000000018000000 0x00000000181fffe0 0x0000000018200000 O/6     Relocatable
 Small   0x0000000018600000 0x0000000018800000 0x0000000018800000 Y/108   Allocating 
 Small   0x0000000018800000 0x0000000018a00000 0x0000000018a00000 O/8     Relocatable
 Small   0x0000000019800000 0x0000000019a00000 0x0000000019a00000 O/6     Relocatable
 Small   0x0000000019a00000 0x0000000019c00000 0x0000000019c00000 Y/108   Allocating 
 Small   0x000000001a000000 0x000000001a200000 0x000000001a200000 Y/108   Allocating 
 Small   0x000000001a800000 0x000000001aa00000 0x000000001aa00000 O/6     Relocatable
 Small   0x000000001aa00000 0x000000001ac00000 0x000000001ac00000 Y/108   Allocating 
 Small   0x000000001b000000 0x000000001b200000 0x000000001b200000 Y/108   Allocating 
 Small   0x000000001b200000 0x000000001b400000 0x000000001b400000 Y/108   Allocating 
 Small   0x000000001b400000 0x000000001b600000 0x000000001b600000 Y/108   Allocating 
 Small   0x000000001b600000 0x000000001b7fffc8 0x000000001b800000 O/9     Relocatable
 Small   0x000000001be00000 0x000000001c000000 0x000000001c000000 Y/108   Allocating 
 Large   0x000000001c200000 0x000000001c800000 0x000000001c800000 O/6     Relocatable
 Small   0x000000001c800000 0x000000001c9ffff8 0x000000001ca00000 O/8     Relocatable
 Small   0x000000001ce00000 0x000000001cfffff0 0x000000001d000000 O/6     Relocatable
 Small   0x000000001d000000 0x000000001d200000 0x000000001d200000 Y/108   Allocating 
 Small   0x000000001d200000 0x000000001d400000 0x000000001d400000 Y/108   Allocating 
 Small   0x000000001d400000 0x000000001d5fff38 0x000000001d600000 O/6     Relocatable
 Small   0x000000001d800000 0x000000001da00000 0x000000001da00000 Y/108   Allocating 
 Small   0x000000001da00000 0x000000001dc00000 0x000000001dc00000 Y/108   Allocating 
 Small   0x000000001dc00000 0x000000001ddfffd8 0x000000001de00000 O/8     Relocatable
 Small   0x000000001de00000 0x000000001dfffff0 0x000000001e000000 O/8     Relocatable
 Small   0x000000001e000000 0x000000001e1fffe8 0x000000001e200000 O/8     Relocatable
 Small   0x000000001e200000 0x000000001e3ffff0 0x000000001e400000 O/7     Relocatable
 Small   0x000000001e400000 0x000000001e5fff48 0x000000001e600000 O/15    Relocatable
 Small   0x000000001e800000 0x000000001e9fffa8 0x000000001ea00000 O/6     Relocatable
 Small   0x000000001ec00000 0x000000001edffff0 0x000000001ee00000 O/6     Relocatable
 Small   0x000000001ee00000 0x000000001effeb90 0x000000001f000000 O/6     Relocatable
 Small   0x000000001f800000 0x000000001fa00000 0x000000001fa00000 Y/108   Allocating 
 Small   0x000000001fe00000 0x0000000020000000 0x0000000020000000 Y/108   Allocating 
 Small   0x0000000020000000 0x0000000020200000 0x0000000020200000 Y/108   Allocating 
 Small   0x0000000020200000 0x00000000203ffff0 0x0000000020400000 O/9     Relocatable
 Small   0x0000000020400000 0x0000000020600000 0x0000000020600000 Y/108   Allocating 
 Small   0x0000000020c00000 0x0000000020e00000 0x0000000020e00000 Y/108   Allocating 
 Small   0x0000000021000000 0x00000000211ffff8 0x0000000021200000 O/8     Relocatable
 Small   0x0000000021200000 0x00000000213ec8f8 0x0000000021400000 O/6     Relocatable
 Small   0x0000000021600000 0x0000000021800000 0x0000000021800000 Y/108   Allocating 
 Small   0x0000000021800000 0x00000000219ffff0 0x0000000021a00000 O/8     Relocatable
 Small   0x0000000021c00000 0x0000000021e00000 0x0000000021e00000 Y/108   Allocating 
 Small   0x0000000021e00000 0x0000000022000000 0x0000000022000000 Y/108   Allocating 
 Small   0x0000000022400000 0x0000000022600000 0x0000000022600000 O/6     Relocatable
 Small   0x0000000022600000 0x0000000022800000 0x0000000022800000 Y/108   Allocating 
 Small   0x0000000022800000 0x0000000022a00000 0x0000000022a00000 Y/108   Allocating 
 Small   0x0000000022a00000 0x0000000022c00000 0x0000000022c00000 Y/108   Allocating 
 Small   0x0000000023200000 0x0000000023400000 0x0000000023400000 Y/108   Allocating 
 Small   0x0000000023400000 0x0000000023600000 0x0000000023600000 Y/108   Allocating 
 Small   0x0000000023a00000 0x0000000023c00000 0x0000000023c00000 Y/108   Allocating 
 Small   0x0000000023e00000 0x0000000024000000 0x0000000024000000 Y/108   Allocating 
 Small   0x0000000024600000 0x00000000247ff540 0x0000000024800000 O/6     Relocatable
 Small   0x0000000024c00000 0x0000000024e00000 0x0000000024e00000 Y/108   Allocating 
 Small   0x0000000024e00000 0x0000000024fffff0 0x0000000025000000 O/6     Relocatable
 Small   0x0000000025600000 0x00000000257fffc8 0x0000000025800000 O/22    Allocating 
 Small   0x0000000025a00000 0x0000000025bffff8 0x0000000025c00000 O/8     Relocatable
 Small   0x0000000025e00000 0x0000000026000000 0x0000000026000000 O/8     Relocatable
 Small   0x0000000026600000 0x00000000267ffdd0 0x0000000026800000 O/12    Relocatable
 Small   0x0000000026800000 0x0000000026a00000 0x0000000026a00000 Y/108   Allocating 
 Small   0x0000000026a00000 0x0000000026c00000 0x0000000026c00000 Y/108   Allocating 
 Small   0x0000000026e00000 0x0000000026fffff0 0x0000000027000000 O/14    Relocatable
 Small   0x0000000027000000 0x0000000027200000 0x0000000027200000 O/8     Relocatable
 Large   0x0000000027200000 0x0000000027a00000 0x0000000027a00000 O/6     Relocatable
 Large   0x0000000027a00000 0x0000000028200000 0x0000000028200000 O/6     Relocatable
 Small   0x0000000028200000 0x00000000283fffc0 0x0000000028400000 O/8     Relocatable
 Small   0x0000000028400000 0x0000000028600000 0x0000000028600000 Y/108   Allocating 
 Small   0x0000000028600000 0x00000000287ffff8 0x0000000028800000 O/15    Relocatable
 Small   0x0000000028800000 0x00000000289fffe8 0x0000000028a00000 O/7     Relocatable
 Large   0x0000000028a00000 0x0000000029000000 0x0000000029000000 O/6     Relocatable
 Small   0x0000000029400000 0x0000000029600000 0x0000000029600000 Y/108   Allocating 
 Small   0x0000000029800000 0x0000000029a00000 0x0000000029a00000 Y/108   Allocating 
 Small   0x0000000029e00000 0x000000002a000000 0x000000002a000000 Y/108   Allocating 
 Small   0x000000002a000000 0x000000002a200000 0x000000002a200000 Y/108   Allocating 
 Small   0x000000002a400000 0x000000002a600000 0x000000002a600000 Y/108   Allocating 
 Small   0x000000002a600000 0x000000002a800000 0x000000002a800000 Y/108   Allocating 
 Small   0x000000002aa00000 0x000000002abffff8 0x000000002ac00000 O/16    Relocatable
 Small   0x000000002ae00000 0x000000002b000000 0x000000002b000000 Y/108   Allocating 
 Small   0x000000002b000000 0x000000002b200000 0x000000002b200000 Y/108   Allocating 
 Small   0x000000002b200000 0x000000002b3fff78 0x000000002b400000 O/8     Relocatable
 Small   0x000000002b600000 0x000000002b800000 0x000000002b800000 Y/108   Allocating 
 Small   0x000000002b800000 0x000000002b9f5448 0x000000002ba00000 O/6     Relocatable
 Small   0x000000002ba00000 0x000000002bbf08c8 0x000000002bc00000 O/6     Relocatable
 Small   0x000000002c000000 0x000000002c1ffed8 0x000000002c200000 O/6     Relocatable
 Small   0x000000002c200000 0x000000002c400000 0x000000002c400000 Y/108   Allocating 
 Small   0x000000002c400000 0x000000002c600000 0x000000002c600000 O/8     Relocatable
 Small   0x000000002c800000 0x000000002c9ffff0 0x000000002ca00000 O/8     Relocatable
 Small   0x000000002ca00000 0x000000002cc00000 0x000000002cc00000 Y/108   Allocating 
 Small   0x000000002d400000 0x000000002d5f8d28 0x000000002d600000 O/6     Relocatable
 Small   0x000000002d800000 0x000000002da00000 0x000000002da00000 Y/108   Allocating 
 Small   0x000000002de00000 0x000000002dffffd8 0x000000002e000000 O/6     Relocatable
 Small   0x000000002e600000 0x000000002e7ff988 0x000000002e800000 O/6     Relocatable
 Small   0x000000002e800000 0x000000002e9f48f8 0x000000002ea00000 O/6     Relocatable
 Small   0x000000002ec00000 0x000000002edfffb8 0x000000002ee00000 O/6     Relocatable
 Small   0x000000002f400000 0x000000002f5ffff0 0x000000002f600000 O/9     Relocatable
 Small   0x000000002f600000 0x000000002f7fffe8 0x000000002f800000 O/6     Relocatable
 Small   0x000000002fa00000 0x000000002fbffff8 0x000000002fc00000 O/6     Relocatable
 Small   0x0000000030200000 0x0000000030400000 0x0000000030400000 Y/108   Allocating 
 Small   0x0000000030a00000 0x0000000030c00000 0x0000000030c00000 Y/108   Allocating 
 Small   0x0000000030e00000 0x0000000030ec0000 0x0000000031000000 Y/108   Allocating 
 Small   0x0000000031000000 0x0000000031200000 0x0000000031200000 O/22    Allocating 
 Small   0x0000000031200000 0x00000000313fa468 0x0000000031400000 O/10    Relocatable
 Small   0x0000000031600000 0x00000000317fffc0 0x0000000031800000 O/8     Relocatable
 Small   0x0000000031c00000 0x0000000031e00000 0x0000000031e00000 Y/108   Allocating 
 Small   0x0000000031e00000 0x0000000031ffc0b8 0x0000000032000000 O/6     Relocatable
 Small   0x0000000032600000 0x0000000032800000 0x0000000032800000 Y/108   Allocating 
 Small   0x0000000033400000 0x00000000334c0000 0x0000000033600000 Y/108   Allocating 
 Small   0x0000000033600000 0x00000000337fffc0 0x0000000033800000 O/14    Relocatable
 Small   0x0000000033800000 0x00000000339ffff0 0x0000000033a00000 O/9     Relocatable
 Small   0x0000000033a00000 0x0000000033c00000 0x0000000033c00000 Y/108   Allocating 
 Small   0x0000000034400000 0x0000000034600000 0x0000000034600000 Y/108   Allocating 
 Small   0x0000000034a00000 0x0000000034b50028 0x0000000034c00000 Y/108   Allocating 
 Small   0x0000000034e00000 0x0000000035000000 0x0000000035000000 Y/108   Allocating 
 Small   0x0000000035600000 0x00000000357fff98 0x0000000035800000 O/8     Relocatable
 Small   0x0000000035e00000 0x0000000035ffffd8 0x0000000036000000 O/8     Relocatable
 Small   0x0000000036800000 0x0000000036a00000 0x0000000036a00000 Y/108   Allocating 
 Small   0x0000000036c00000 0x0000000036e00000 0x0000000036e00000 Y/108   Allocating 
 Small   0x0000000037000000 0x00000000371ffd30 0x0000000037200000 O/6     Relocatable
 Small   0x0000000037a00000 0x0000000037bfffa0 0x0000000037c00000 O/6     Relocatable
 Small   0x0000000037c00000 0x0000000037e00000 0x0000000037e00000 Y/108   Allocating 
 Small   0x0000000038000000 0x00000000381d7258 0x0000000038200000 O/6     Relocatable
 Small   0x0000000038200000 0x00000000383fffd8 0x0000000038400000 O/6     Relocatable
 Small   0x0000000038a00000 0x0000000038bc0000 0x0000000038c00000 Y/108   Allocating 
 Small   0x0000000038c00000 0x0000000038dfffb8 0x0000000038e00000 O/6     Relocatable
 Small   0x0000000039200000 0x0000000039400000 0x0000000039400000 O/6     Relocatable
 Small   0x0000000039800000 0x00000000399fffe8 0x0000000039a00000 O/7     Relocatable
 Small   0x0000000039e00000 0x000000003a000000 0x000000003a000000 Y/108   Allocating 
 Small   0x000000003a600000 0x000000003a7fffd8 0x000000003a800000 O/6     Relocatable
 Small   0x000000003a800000 0x000000003aa00000 0x000000003aa00000 Y/108   Allocating 
 Small   0x000000003ac00000 0x000000003ae00000 0x000000003ae00000 Y/108   Allocating 
 Small   0x000000003b000000 0x000000003b1e6f28 0x000000003b200000 O/6     Relocatable
 Small   0x000000003b400000 0x000000003b600000 0x000000003b600000 Y/108   Allocating 
 Small   0x000000003b600000 0x000000003b7fffc8 0x000000003b800000 O/6     Relocatable
 Small   0x000000003b800000 0x000000003b9fffd8 0x000000003ba00000 O/6     Relocatable
 Small   0x000000003bc00000 0x000000003bdffff0 0x000000003be00000 O/6     Relocatable
 Small   0x000000003be00000 0x000000003bffffd8 0x000000003c000000 O/6     Relocatable
 Small   0x000000003c200000 0x000000003c3fffe8 0x000000003c400000 O/9     Relocatable
 Small   0x000000003c600000 0x000000003c800000 0x000000003c800000 Y/108   Allocating 
 Small   0x000000003c800000 0x000000003c9fffd8 0x000000003ca00000 O/6     Relocatable
 Small   0x000000003ca00000 0x000000003cc00000 0x000000003cc00000 O/6     Relocatable
 Small   0x000000003ce00000 0x000000003cff1658 0x000000003d000000 O/6     Relocatable
 Small   0x000000003d200000 0x000000003d3fed50 0x000000003d400000 O/6     Relocatable
 Small   0x000000003d400000 0x000000003d5fd980 0x000000003d600000 O/6     Relocatable
 Small   0x000000003da00000 0x000000003dbf8420 0x000000003dc00000 O/7     Relocatable
 Small   0x000000003dc00000 0x000000003ddda060 0x000000003de00000 O/6     Relocatable
 Small   0x000000003e000000 0x000000003e200000 0x000000003e200000 Y/108   Allocating 
 Small   0x000000003e200000 0x000000003e400000 0x000000003e400000 Y/108   Allocating 
 Small   0x000000003e400000 0x000000003e5ffff8 0x000000003e600000 O/9     Relocatable
 Small   0x000000003e600000 0x000000003e800000 0x000000003e800000 Y/108   Allocating 
 Small   0x000000003ea00000 0x000000003ebfff98 0x000000003ec00000 O/8     Relocatable
 Small   0x000000003ec00000 0x000000003ee00000 0x000000003ee00000 Y/108   Allocating 
 Small   0x0000000040000000 0x00000000401fffa0 0x0000000040200000 O/7     Relocatable
 Small   0x0000000040a00000 0x0000000040bfffe8 0x0000000040c00000 O/8     Relocatable
 Small   0x0000000041400000 0x0000000041600000 0x0000000041600000 Y/108   Allocating 
 Small   0x0000000041e00000 0x0000000041fffff8 0x0000000042000000 O/6     Relocatable
 Small   0x0000000042200000 0x0000000042400000 0x0000000042400000 Y/108   Allocating 
 Small   0x0000000042800000 0x00000000429ffb78 0x0000000042a00000 O/19    Relocatable
 Small   0x0000000042c00000 0x0000000042dfe290 0x0000000042e00000 O/8     Relocatable
 Small   0x0000000043c00000 0x0000000043e00000 0x0000000043e00000 O/22    Allocating 
 Small   0x0000000044400000 0x00000000445ffff8 0x0000000044600000 O/6     Relocatable
 Small   0x0000000044600000 0x0000000044800000 0x0000000044800000 Y/108   Allocating 
 Small   0x0000000044800000 0x0000000044a00000 0x0000000044a00000 O/9     Relocatable
 Small   0x0000000044c00000 0x0000000044e00000 0x0000000044e00000 Y/108   Allocating 
 Small   0x0000000045200000 0x00000000453fffe8 0x0000000045400000 O/7     Relocatable
 Small   0x0000000045600000 0x0000000045800000 0x0000000045800000 Y/108   Allocating 
 Small   0x0000000045a00000 0x0000000045c00000 0x0000000045c00000 O/8     Relocatable
 Small   0x0000000046200000 0x00000000463ffa00 0x0000000046400000 O/16    Relocatable
 Small   0x0000000046800000 0x0000000046a00000 0x0000000046a00000 O/7     Relocatable
 Small   0x0000000048600000 0x00000000487fffa0 0x0000000048800000 O/8     Relocatable
 Small   0x0000000049a00000 0x0000000049c00000 0x0000000049c00000 O/8     Relocatable
 Small   0x000000004a600000 0x000000004a800000 0x000000004a800000 O/8     Relocatable
 Small   0x000000004c000000 0x000000004c000490 0x000000004c200000 O/22    Allocating 
 Small   0x000000004ca00000 0x000000004cbfffc0 0x000000004cc00000 O/10    Relocatable
 Small   0x000000004de00000 0x000000004e000000 0x000000004e000000 O/8     Relocatable
 Small   0x000000004e200000 0x000000004e3fffe8 0x000000004e400000 O/9     Relocatable
 Small   0x000000004ee00000 0x000000004effffd8 0x000000004f000000 O/10    Relocatable
 Small   0x000000004f200000 0x000000004f400000 0x000000004f400000 Y/108   Allocating 
 Small   0x000000004f600000 0x000000004f7ffff8 0x000000004f800000 O/9     Relocatable
 Small   0x0000000050400000 0x00000000505fffe8 0x0000000050600000 O/8     Relocatable
 Small   0x0000000050600000 0x0000000050800000 0x0000000050800000 Y/108   Allocating 
 Small   0x0000000050a00000 0x0000000050bf8618 0x0000000050c00000 O/6     Relocatable
 Small   0x0000000051200000 0x0000000051400000 0x0000000051400000 Y/108   Allocating 
 Small   0x0000000053800000 0x0000000053a00000 0x0000000053a00000 O/8     Relocatable
 Small   0x0000000053a00000 0x0000000053bfffd0 0x0000000053c00000 O/6     Relocatable
 Small   0x0000000053e00000 0x0000000053ffffd0 0x0000000054000000 O/9     Relocatable
 Small   0x0000000054800000 0x00000000549fffb0 0x0000000054a00000 O/8     Relocatable
 Small   0x0000000054e00000 0x0000000054fedf38 0x0000000055000000 O/6     Relocatable
 Small   0x0000000055200000 0x00000000553fffe8 0x0000000055400000 O/8     Relocatable
 Small   0x0000000056600000 0x0000000056800000 0x0000000056800000 Y/108   Allocating 
 Small   0x0000000056800000 0x0000000056a00000 0x0000000056a00000 O/20    Relocatable
 Small   0x0000000057800000 0x00000000579fffe0 0x0000000057a00000 O/9     Relocatable
 Small   0x0000000058000000 0x0000000058200000 0x0000000058200000 Y/108   Allocating 
 Small   0x0000000058400000 0x00000000585fffd0 0x0000000058600000 O/8     Relocatable
 Small   0x0000000058c00000 0x0000000058dffb50 0x0000000058e00000 O/9     Relocatable
 Small   0x0000000059600000 0x00000000597fffd8 0x0000000059800000 O/8     Relocatable
 Small   0x000000005c200000 0x000000005c3fffe0 0x000000005c400000 O/14    Relocatable
 Small   0x000000005cc00000 0x000000005ce00000 0x000000005ce00000 Y/108   Allocating 
 Small   0x000000005d400000 0x000000005d5ffff0 0x000000005d600000 O/9     Relocatable
 Small   0x000000005de00000 0x000000005e000000 0x000000005e000000 Y/108   Allocating 
 Small   0x000000005e200000 0x000000005e3fffe8 0x000000005e400000 O/7     Relocatable
 Small   0x000000005e400000 0x000000005e5ffe48 0x000000005e600000 Y/108   Allocating 
 Small   0x000000005ea00000 0x000000005ebffff8 0x000000005ec00000 O/20    Relocatable
 Small   0x000000005f000000 0x000000005f1ffff0 0x000000005f200000 O/7     Relocatable
 Small   0x000000005fa00000 0x000000005fc00000 0x000000005fc00000 Y/108   Allocating 
 Small   0x000000005fc00000 0x000000005fdfffc8 0x000000005fe00000 O/19    Relocatable
 Small   0x0000000060400000 0x00000000605fff98 0x0000000060600000 O/8     Relocatable
 Small   0x0000000061600000 0x0000000061800000 0x0000000061800000 O/6     Relocatable
 Small   0x0000000061a00000 0x0000000061bfffc0 0x0000000061c00000 O/9     Relocatable
 Small   0x0000000062a00000 0x0000000062c00000 0x0000000062c00000 O/7     Relocatable
 Small   0x0000000063000000 0x00000000631ffff0 0x0000000063200000 O/9     Relocatable
 Small   0x0000000063c00000 0x0000000063dfffe0 0x0000000063e00000 O/8     Relocatable
 Small   0x0000000063e00000 0x0000000064000000 0x0000000064000000 Y/108   Allocating 
 Small   0x0000000064600000 0x0000000064800000 0x0000000064800000 Y/108   Allocating 
 Small   0x0000000064c00000 0x0000000064dfffd8 0x0000000064e00000 O/8     Relocatable
 Small   0x0000000065200000 0x0000000065400000 0x0000000065400000 Y/108   Allocating 
 Small   0x0000000066200000 0x0000000066400000 0x0000000066400000 Y/108   Allocating 
 Small   0x0000000066400000 0x0000000066600000 0x0000000066600000 Y/108   Allocating 
 Small   0x0000000066600000 0x00000000667ffff8 0x0000000066800000 O/6     Relocatable
 Small   0x0000000066e00000 0x0000000067000000 0x0000000067000000 Y/108   Allocating 
 Small   0x0000000067000000 0x00000000671fffd8 0x0000000067200000 O/8     Relocatable
 Small   0x0000000068000000 0x0000000068200000 0x0000000068200000 O/10    Relocatable
 Small   0x0000000068800000 0x0000000068a00000 0x0000000068a00000 Y/108   Allocating 
 Small   0x0000000068c00000 0x0000000068dffd40 0x0000000068e00000 O/14    Relocatable
 Small   0x0000000069e00000 0x0000000069ffffe8 0x000000006a000000 O/9     Relocatable
 Small   0x000000006a000000 0x000000006a200000 0x000000006a200000 O/7     Relocatable
 Small   0x000000006a800000 0x000000006a9ffff8 0x000000006aa00000 O/9     Relocatable
 Small   0x000000006b600000 0x000000006b7ffff8 0x000000006b800000 O/8     Relocatable
 Small   0x000000006ba00000 0x000000006bc00000 0x000000006bc00000 O/6     Relocatable
 Small   0x000000006cc00000 0x000000006cdffff0 0x000000006ce00000 O/19    Relocatable
 Small   0x000000006ec00000 0x000000006edfff68 0x000000006ee00000 O/8     Relocatable
 Small   0x0000000070200000 0x0000000070400000 0x0000000070400000 O/6     Relocatable
 Small   0x0000000070400000 0x00000000705ffd00 0x0000000070600000 O/15    Relocatable
 Small   0x0000000070800000 0x0000000070a00000 0x0000000070a00000 O/9     Relocatable
 Small   0x0000000070c00000 0x0000000070e00000 0x0000000070e00000 Y/108   Allocating 
 Small   0x0000000071200000 0x00000000713ffff8 0x0000000071400000 O/6     Relocatable
 Small   0x0000000071600000 0x00000000717fffe8 0x0000000071800000 O/9     Relocatable
 Small   0x0000000072000000 0x00000000721ffff8 0x0000000072200000 O/16    Relocatable
 Small   0x0000000074a00000 0x0000000074bfffc8 0x0000000074c00000 O/8     Relocatable
 Small   0x0000000075000000 0x0000000075200000 0x0000000075200000 Y/108   Allocating 
 Small   0x0000000077600000 0x0000000077800000 0x0000000077800000 Y/108   Allocating 
 Small   0x0000000077c00000 0x0000000077dfffe8 0x0000000077e00000 O/8     Relocatable
 Small   0x0000000078800000 0x0000000078a00000 0x0000000078a00000 Y/108   Allocating 
 Small   0x0000000078a00000 0x0000000078c00000 0x0000000078c00000 Y/108   Allocating 
 Small   0x0000000078e00000 0x0000000079000000 0x0000000079000000 O/10    Relocatable
 Small   0x0000000079c00000 0x0000000079dffff0 0x0000000079e00000 O/6     Relocatable
 Small   0x000000007a200000 0x000000007a3fffd0 0x000000007a400000 O/9     Relocatable
 Small   0x000000007ac00000 0x000000007adfffe8 0x000000007ae00000 O/8     Relocatable
 Small   0x000000007ba00000 0x000000007bc00000 0x000000007bc00000 Y/108   Allocating 
 Small   0x000000007bc00000 0x000000007bdfffe0 0x000000007be00000 O/16    Relocatable
 Small   0x000000007d600000 0x000000007d7fffd0 0x000000007d800000 O/8     Relocatable
 Small   0x000000007dc00000 0x000000007de00000 0x000000007de00000 O/9     Relocatable
 Small   0x000000007f000000 0x000000007f1ffff8 0x000000007f200000 O/8     Relocatable
 Small   0x000000007fa00000 0x000000007fc00000 0x000000007fc00000 Y/108   Allocating 
 Small   0x0000000080200000 0x0000000080400000 0x0000000080400000 O/6     Relocatable
 Small   0x0000000080400000 0x00000000805ffff8 0x0000000080600000 O/15    Relocatable
 Small   0x0000000081600000 0x00000000817fccd0 0x0000000081800000 O/8     Relocatable
 Small   0x0000000083e00000 0x0000000083ffffd8 0x0000000084000000 O/22    Allocating 
 Small   0x0000000084200000 0x0000000084400000 0x0000000084400000 Y/108   Allocating 
 Small   0x0000000084a00000 0x0000000084c00000 0x0000000084c00000 O/8     Relocatable
 Small   0x0000000085e00000 0x0000000085fffff0 0x0000000086000000 O/9     Relocatable
 Small   0x0000000087e00000 0x0000000087ffffe0 0x0000000088000000 O/9     Relocatable
 Small   0x0000000089400000 0x00000000895fffb0 0x0000000089600000 O/8     Relocatable
 Small   0x0000000089e00000 0x0000000089fffff8 0x000000008a000000 O/6     Relocatable
 Small   0x000000008aa00000 0x000000008ac00000 0x000000008ac00000 O/8     Relocatable
 Small   0x000000008c200000 0x000000008c3fff78 0x000000008c400000 O/8     Relocatable
 Small   0x000000008da00000 0x000000008dbfffe0 0x000000008dc00000 O/6     Relocatable
 Small   0x000000008f400000 0x000000008f5fffd0 0x000000008f600000 O/9     Relocatable
 Small   0x0000000090c00000 0x0000000090e00000 0x0000000090e00000 Y/108   Allocating 
 Small   0x0000000091400000 0x00000000915ffff0 0x0000000091600000 O/9     Relocatable
 Small   0x0000000091800000 0x00000000919ffff0 0x0000000091a00000 O/8     Relocatable
 Small   0x0000000092c00000 0x0000000092dfffe8 0x0000000092e00000 O/6     Relocatable
 Small   0x0000000093c00000 0x0000000093e00000 0x0000000093e00000 Y/108   Allocating 
 Small   0x0000000095800000 0x0000000095a00000 0x0000000095a00000 O/7     Relocatable
 Small   0x0000000097800000 0x00000000979ffff8 0x0000000097a00000 O/9     Relocatable
 Small   0x0000000098a00000 0x0000000098bffff0 0x0000000098c00000 O/8     Relocatable
 Small   0x0000000098e00000 0x0000000098ffffe8 0x0000000099000000 O/8     Relocatable
 Small   0x0000000099600000 0x00000000997ffff0 0x0000000099800000 O/8     Relocatable
 Small   0x0000000099e00000 0x0000000099fffff0 0x000000009a000000 O/8     Relocatable
 Small   0x000000009a800000 0x000000009aa00000 0x000000009aa00000 Y/108   Allocating 
 Small   0x000000009ac00000 0x000000009adfffe8 0x000000009ae00000 O/9     Relocatable
 Small   0x000000009ae00000 0x000000009affffc8 0x000000009b000000 O/14    Relocatable
 Small   0x000000009bc00000 0x000000009be00000 0x000000009be00000 Y/108   Allocating 
 Small   0x000000009c600000 0x000000009c7fffc8 0x000000009c800000 O/9     Relocatable
 Small   0x000000009ca00000 0x000000009cbfff00 0x000000009cc00000 O/9     Relocatable
 Small   0x000000009ec00000 0x000000009edfffe0 0x000000009ee00000 O/8     Relocatable
 Small   0x00000000a0000000 0x00000000a01fffc8 0x00000000a0200000 O/9     Relocatable
 Small   0x00000000a1400000 0x00000000a15ffff8 0x00000000a1600000 O/8     Relocatable
 Small   0x00000000a2000000 0x00000000a2200000 0x00000000a2200000 Y/108   Allocating 
 Small   0x00000000a2600000 0x00000000a27fff78 0x00000000a2800000 O/8     Relocatable
 Small   0x00000000a2a00000 0x00000000a2bfffb0 0x00000000a2c00000 O/8     Relocatable
 Small   0x00000000a3a00000 0x00000000a3bffff0 0x00000000a3c00000 O/9     Relocatable
 Small   0x00000000a4c00000 0x00000000a4dfffe8 0x00000000a4e00000 O/6     Relocatable
 Small   0x00000000a5a00000 0x00000000a5bfffc8 0x00000000a5c00000 O/8     Relocatable
 Small   0x00000000a5c00000 0x00000000a5dffff0 0x00000000a5e00000 O/6     Relocatable
 Small   0x00000000a5e00000 0x00000000a6000000 0x00000000a6000000 O/8     Relocatable
 Small   0x00000000a6600000 0x00000000a67fffe8 0x00000000a6800000 O/9     Relocatable
 Small   0x00000000a6c00000 0x00000000a6dfffe0 0x00000000a6e00000 O/6     Relocatable
 Small   0x00000000a7c00000 0x00000000a7dffff0 0x00000000a7e00000 O/8     Relocatable
 Small   0x00000000a8400000 0x00000000a85ffff8 0x00000000a8600000 O/9     Relocatable
 Small   0x00000000a8800000 0x00000000a8a00000 0x00000000a8a00000 O/9     Relocatable
 Small   0x00000000a8a00000 0x00000000a8c00000 0x00000000a8c00000 O/9     Relocatable
 Small   0x00000000a8c00000 0x00000000a8dfecc0 0x00000000a8e00000 O/8     Relocatable
 Small   0x00000000a9600000 0x00000000a97fd470 0x00000000a9800000 O/6     Relocatable
 Small   0x00000000aa200000 0x00000000aa3fffd8 0x00000000aa400000 O/10    Relocatable
 Small   0x00000000aa400000 0x00000000aa5ffff0 0x00000000aa600000 O/8     Relocatable
 Small   0x00000000aaa00000 0x00000000aabfffd8 0x00000000aac00000 O/6     Relocatable
 Small   0x00000000ab000000 0x00000000ab1fdcb8 0x00000000ab200000 O/6     Relocatable
 Small   0x00000000ab200000 0x00000000ab3fff80 0x00000000ab400000 O/7     Relocatable
 Small   0x00000000ac400000 0x00000000ac5ffc10 0x00000000ac600000 O/8     Relocatable
 Small   0x00000000ac800000 0x00000000ac9ffff0 0x00000000aca00000 O/9     Relocatable
 Small   0x00000000acc00000 0x00000000acdffff8 0x00000000ace00000 O/12    Relocatable
 Small   0x00000000ada00000 0x00000000adbffff0 0x00000000adc00000 O/14    Relocatable
 Small   0x00000000ae400000 0x00000000ae5eb1e8 0x00000000ae600000 O/7     Relocatable
 Small   0x00000000ae600000 0x00000000ae800000 0x00000000ae800000 Y/108   Allocating 
 Small   0x00000000ae800000 0x00000000ae9fffe8 0x00000000aea00000 O/7     Relocatable
 Small   0x00000000b1a00000 0x00000000b1bfffe8 0x00000000b1c00000 O/8     Relocatable
 Small   0x00000000b2c00000 0x00000000b2dffff8 0x00000000b2e00000 O/8     Relocatable
 Small   0x00000000b3400000 0x00000000b3600000 0x00000000b3600000 O/12    Relocatable
 Small   0x00000000b3800000 0x00000000b39f9c38 0x00000000b3a00000 O/8     Relocatable
 Small   0x00000000b4e00000 0x00000000b4ffffd0 0x00000000b5000000 O/9     Relocatable
 Small   0x00000000b5a00000 0x00000000b5bfffc0 0x00000000b5c00000 O/22    Allocating 
 Small   0x00000000b7000000 0x00000000b71fffd0 0x00000000b7200000 O/9     Relocatable
 Small   0x00000000b7e00000 0x00000000b7fffff0 0x00000000b8000000 O/8     Relocatable
 Small   0x00000000b8200000 0x00000000b8400000 0x00000000b8400000 O/12    Relocatable
 Small   0x00000000b8600000 0x00000000b87ffff0 0x00000000b8800000 O/9     Relocatable
 Small   0x00000000b9800000 0x00000000b99fffe8 0x00000000b9a00000 O/8     Relocatable
 Small   0x00000000bd800000 0x00000000bd9fffd0 0x00000000bda00000 O/8     Relocatable
 Small   0x00000000bec00000 0x00000000bee00000 0x00000000bee00000 Y/108   Allocating 
 Small   0x00000000bf200000 0x00000000bf400000 0x00000000bf400000 O/9     Relocatable
 Small   0x00000000bf400000 0x00000000bf5fec30 0x00000000bf600000 O/7     Relocatable
 Small   0x00000000bfc00000 0x00000000bfdfff80 0x00000000bfe00000 O/8     Relocatable
 Small   0x00000000c0000000 0x00000000c01ffff8 0x00000000c0200000 O/8     Relocatable
 Small   0x00000000c1200000 0x00000000c13fffc0 0x00000000c1400000 O/8     Relocatable
 Small   0x00000000c2a00000 0x00000000c2bfffc8 0x00000000c2c00000 O/8     Relocatable
 Small   0x00000000c3200000 0x00000000c33fffe0 0x00000000c3400000 O/9     Relocatable
 Small   0x00000000c3600000 0x00000000c37fffe0 0x00000000c3800000 O/9     Relocatable
 Small   0x00000000c4e00000 0x00000000c4fffff0 0x00000000c5000000 O/8     Relocatable
 Small   0x00000000c5600000 0x00000000c57fffd0 0x00000000c5800000 O/7     Relocatable
 Small   0x00000000c6000000 0x00000000c61ffff8 0x00000000c6200000 O/7     Relocatable
 Small   0x00000000c7e00000 0x00000000c7ffffd0 0x00000000c8000000 O/6     Relocatable
 Small   0x00000000ca000000 0x00000000ca1ffff8 0x00000000ca200000 O/7     Relocatable
 Small   0x00000000ca200000 0x00000000ca3fffe8 0x00000000ca400000 O/9     Relocatable
 Small   0x00000000ca800000 0x00000000ca9fffa0 0x00000000caa00000 O/7     Relocatable
 Small   0x00000000cb400000 0x00000000cb600000 0x00000000cb600000 O/8     Relocatable
 Small   0x00000000cc000000 0x00000000cc1fffd0 0x00000000cc200000 O/8     Relocatable
 Small   0x00000000cc200000 0x00000000cc400000 0x00000000cc400000 O/14    Relocatable
 Small   0x00000000ccc00000 0x00000000ccdfffe8 0x00000000cce00000 O/9     Relocatable
 Small   0x00000000cde00000 0x00000000cdffffd8 0x00000000ce000000 O/8     Relocatable
 Small   0x00000000ce400000 0x00000000ce5ffff8 0x00000000ce600000 O/7     Relocatable
 Small   0x00000000ce600000 0x00000000ce7ffff8 0x00000000ce800000 O/8     Relocatable
 Small   0x00000000cf800000 0x00000000cf9ffff8 0x00000000cfa00000 O/8     Relocatable
 Small   0x00000000d2200000 0x00000000d23fffd0 0x00000000d2400000 O/8     Relocatable
 Small   0x00000000d2800000 0x00000000d2a00000 0x00000000d2a00000 O/8     Relocatable
 Small   0x00000000d5c00000 0x00000000d5dfffe8 0x00000000d5e00000 O/8     Relocatable
 Small   0x00000000d7000000 0x00000000d71fffe8 0x00000000d7200000 O/9     Relocatable
 Small   0x00000000d7200000 0x00000000d73ffff0 0x00000000d7400000 O/14    Relocatable
 Small   0x00000000d7c00000 0x00000000d7dfd860 0x00000000d7e00000 O/7     Relocatable
 Small   0x00000000da600000 0x00000000da7fff88 0x00000000da800000 O/8     Relocatable
 Small   0x00000000dac00000 0x00000000dae00000 0x00000000dae00000 O/8     Relocatable
 Small   0x00000000db800000 0x00000000dba00000 0x00000000dba00000 O/9     Relocatable
 Small   0x00000000dc000000 0x00000000dc1ffff0 0x00000000dc200000 O/9     Relocatable
 Small   0x00000000dc600000 0x00000000dc800000 0x00000000dc800000 Y/108   Allocating 
 Small   0x00000000dcc00000 0x00000000dcdffff8 0x00000000dce00000 O/9     Relocatable
 Small   0x00000000df400000 0x00000000df5ffef0 0x00000000df600000 O/22    Allocating 
 Small   0x00000000e0200000 0x00000000e0400000 0x00000000e0400000 O/8     Relocatable
 Small   0x00000000e1000000 0x00000000e1149b10 0x00000000e1200000 O/22    Allocating 
 Small   0x00000000e1c00000 0x00000000e1dfffd8 0x00000000e1e00000 O/14    Relocatable
 Small   0x00000000e2000000 0x00000000e21fff68 0x00000000e2200000 O/7     Relocatable
 Small   0x00000000e4a00000 0x00000000e4bfffc8 0x00000000e4c00000 O/22    Allocating 
 Small   0x00000000e5000000 0x00000000e51ffff0 0x00000000e5200000 O/8     Relocatable
 Small   0x00000000e5600000 0x00000000e5680000 0x00000000e5800000 Y/108   Allocating 
 Small   0x00000000e5800000 0x00000000e59fffe8 0x00000000e5a00000 O/9     Relocatable
 Small   0x00000000e5e00000 0x00000000e5fffff0 0x00000000e6000000 O/14    Relocatable
 Small   0x00000000e7400000 0x00000000e75ffff8 0x00000000e7600000 O/7     Relocatable
 Small   0x00000000e9400000 0x00000000e95ffc10 0x00000000e9600000 O/8     Relocatable
 Small   0x00000000e9a00000 0x00000000e9bfffc8 0x00000000e9c00000 O/7     Relocatable
 Small   0x00000000e9e00000 0x00000000e9ffff40 0x00000000ea000000 O/22    Allocating 
 Small   0x00000000ea600000 0x00000000ea800000 0x00000000ea800000 O/9     Relocatable
 Small   0x00000000ebe00000 0x00000000ec000000 0x00000000ec000000 Y/108   Allocating 
 Small   0x00000000ed400000 0x00000000ed5fffe8 0x00000000ed600000 O/8     Relocatable
 Small   0x00000000ee000000 0x00000000ee1fffe0 0x00000000ee200000 O/14    Relocatable
 Small   0x00000000ee200000 0x00000000ee400000 0x00000000ee400000 Y/108   Allocating 
 Small   0x00000000ee600000 0x00000000ee7ffff8 0x00000000ee800000 O/9     Relocatable
 Small   0x00000000f0400000 0x00000000f05fffe0 0x00000000f0600000 O/8     Relocatable
 Small   0x00000000f0a00000 0x00000000f0bfffe8 0x00000000f0c00000 O/8     Relocatable
 Small   0x00000000f1c00000 0x00000000f1dff010 0x00000000f1e00000 O/8     Relocatable
 Small   0x00000000f2000000 0x00000000f21fff70 0x00000000f2200000 O/8     Relocatable
 Small   0x00000000f2800000 0x00000000f29f9978 0x00000000f2a00000 O/8     Relocatable
 Small   0x00000000f2a00000 0x00000000f2bfffe8 0x00000000f2c00000 O/9     Relocatable
 Small   0x00000000f2c00000 0x00000000f2e00000 0x00000000f2e00000 O/14    Relocatable
 Small   0x00000000f3000000 0x00000000f31fffb8 0x00000000f3200000 O/22    Allocating 
 Small   0x00000000f3600000 0x00000000f3800000 0x00000000f3800000 O/8     Relocatable
 Small   0x00000000f4000000 0x00000000f41fffd0 0x00000000f4200000 O/7     Relocatable
 Small   0x00000000f4400000 0x00000000f45fffd8 0x00000000f4600000 O/8     Relocatable
 Small   0x00000000f4600000 0x00000000f47ffff0 0x00000000f4800000 O/8     Relocatable
 Small   0x00000000f4a00000 0x00000000f4bfffe8 0x00000000f4c00000 O/9     Relocatable
 Small   0x00000000f4e00000 0x00000000f4fffff8 0x00000000f5000000 O/8     Relocatable
 Small   0x00000000f5a00000 0x00000000f5bfff90 0x00000000f5c00000 O/7     Relocatable
 Small   0x00000000f6e00000 0x00000000f7000000 0x00000000f7000000 Y/108   Allocating 
 Small   0x00000000f8a00000 0x00000000f8c00000 0x00000000f8c00000 Y/108   Allocating 
 Small   0x00000000f9000000 0x00000000f9200000 0x00000000f9200000 O/22    Allocating 
 Small   0x00000000f9200000 0x00000000f93fffb8 0x00000000f9400000 O/8     Relocatable
 Small   0x00000000f9a00000 0x00000000f9bfffe0 0x00000000f9c00000 O/9     Relocatable
 Small   0x00000000fb000000 0x00000000fb1fffe8 0x00000000fb200000 O/15    Relocatable
 Small   0x00000000fb400000 0x00000000fb600000 0x00000000fb600000 Y/108   Allocating 
 Small   0x00000000fb800000 0x00000000fba00000 0x00000000fba00000 O/8     Relocatable
 Small   0x00000000fc600000 0x00000000fc64a2e8 0x00000000fc800000 O/22    Allocating 
 Small   0x00000000fd400000 0x00000000fd5ffec0 0x00000000fd600000 O/22    Allocating 
 Small   0x00000000fe200000 0x00000000fe400000 0x00000000fe400000 O/14    Relocatable
 Small   0x00000000ff800000 0x00000000ff9ffff8 0x00000000ffa00000 O/9     Relocatable
 Small   0x00000000ffe00000 0x00000000ffffffb0 0x0000000100000000 O/22    Allocating 
 Small   0x0000000100200000 0x00000001003fffe8 0x0000000100400000 O/7     Relocatable
 Small   0x0000000101000000 0x00000001011fffb8 0x0000000101200000 O/22    Allocating 
 Small   0x0000000101a00000 0x0000000101bff990 0x0000000101c00000 O/14    Relocatable
 Small   0x0000000102600000 0x00000001027ffff0 0x0000000102800000 O/8     Relocatable
 Small   0x0000000103600000 0x00000001037ffff0 0x0000000103800000 O/8     Relocatable
 Small   0x0000000104000000 0x00000001041ffff8 0x0000000104200000 O/8     Relocatable
 Small   0x0000000104800000 0x00000001049fffe0 0x0000000104a00000 O/8     Relocatable
 Small   0x0000000105000000 0x00000001051fffc0 0x0000000105200000 O/8     Relocatable
 Small   0x0000000105400000 0x00000001055fffc8 0x0000000105600000 O/8     Relocatable
 Small   0x0000000105600000 0x00000001057fffb8 0x0000000105800000 O/22    Allocating 
 Small   0x0000000105e00000 0x0000000105ffffc8 0x0000000106000000 O/8     Relocatable
 Small   0x0000000106000000 0x0000000106200000 0x0000000106200000 O/7     Relocatable
 Small   0x0000000106200000 0x0000000106400000 0x0000000106400000 O/8     Relocatable
 Small   0x0000000107400000 0x00000001075fee68 0x0000000107600000 O/6     Relocatable
 Small   0x0000000108c00000 0x0000000108e00000 0x0000000108e00000 O/7     Relocatable
 Small   0x0000000109600000 0x00000001097fffe0 0x0000000109800000 O/8     Relocatable
 Small   0x000000010a800000 0x000000010a9fffc8 0x000000010aa00000 O/7     Relocatable
 Small   0x000000010b000000 0x000000010b1ffff0 0x000000010b200000 O/9     Relocatable
 Small   0x000000010b400000 0x000000010b5ffcb8 0x000000010b600000 O/20    Relocatable
 Small   0x000000010c200000 0x000000010c3ffff0 0x000000010c400000 O/14    Relocatable
 Small   0x000000010d400000 0x000000010d600000 0x000000010d600000 O/7     Relocatable
 Small   0x000000010d800000 0x000000010d9ffff8 0x000000010da00000 O/8     Relocatable
 Small   0x000000010da00000 0x000000010dc00000 0x000000010dc00000 O/8     Relocatable
 Small   0x000000010e600000 0x000000010e7fffe8 0x000000010e800000 O/9     Relocatable
 Small   0x0000000110800000 0x00000001109ff9d0 0x0000000110a00000 O/8     Relocatable
 Small   0x0000000110a00000 0x0000000110bfffd0 0x0000000110c00000 O/22    Allocating 
 Small   0x0000000110c00000 0x0000000110dffff0 0x0000000110e00000 O/22    Allocating 
 Small   0x0000000111000000 0x00000001111fffb0 0x0000000111200000 O/8     Relocatable
 Small   0x0000000112800000 0x00000001129fff40 0x0000000112a00000 O/22    Allocating 
 Small   0x0000000113400000 0x00000001135fffc8 0x0000000113600000 O/8     Relocatable
 Small   0x0000000114400000 0x00000001145f0d68 0x0000000114600000 O/6     Relocatable
 Small   0x0000000116000000 0x00000001161ffff0 0x0000000116200000 O/8     Relocatable
 Small   0x0000000116c00000 0x0000000116e00000 0x0000000116e00000 Y/108   Allocating 
 Small   0x0000000117e00000 0x0000000117fffff8 0x0000000118000000 O/6     Relocatable
 Small   0x0000000118000000 0x00000001181fff30 0x0000000118200000 O/7     Relocatable
 Small   0x0000000119a00000 0x0000000119c00000 0x0000000119c00000 O/8     Relocatable
 Small   0x000000011a000000 0x000000011a1ffff8 0x000000011a200000 O/9     Relocatable
 Small   0x000000011a800000 0x000000011a9fffe8 0x000000011aa00000 O/22    Allocating 
 Small   0x000000011c000000 0x000000011c1fffe8 0x000000011c200000 O/8     Relocatable
 Small   0x000000011c600000 0x000000011c800000 0x000000011c800000 O/9     Relocatable
 Small   0x000000011c800000 0x000000011c9fff78 0x000000011ca00000 O/8     Relocatable
 Small   0x000000011e200000 0x000000011e3fffe8 0x000000011e400000 O/8     Relocatable
 Small   0x000000011e800000 0x000000011e9fffd0 0x000000011ea00000 O/15    Relocatable
 Small   0x0000000120600000 0x00000001207ffff8 0x0000000120800000 O/8     Relocatable
 Small   0x0000000120a00000 0x0000000120c00000 0x0000000120c00000 O/16    Relocatable
 Small   0x0000000122600000 0x00000001227ffff0 0x0000000122800000 O/8     Relocatable
 Small   0x0000000123200000 0x00000001233fffe8 0x0000000123400000 O/9     Relocatable
 Small   0x0000000126e00000 0x0000000126fffff0 0x0000000127000000 O/8     Relocatable
 Small   0x0000000127400000 0x00000001275ffff8 0x0000000127600000 O/8     Relocatable
 Small   0x0000000128e00000 0x0000000128ffffc0 0x0000000129000000 O/8     Relocatable
 Small   0x0000000129a00000 0x0000000129bfff90 0x0000000129c00000 O/8     Relocatable
 Small   0x000000012a400000 0x000000012a600000 0x000000012a600000 O/9     Relocatable
 Small   0x000000012a600000 0x000000012a7ffff0 0x000000012a800000 O/9     Relocatable
 Small   0x000000012bc00000 0x000000012be00000 0x000000012be00000 O/9     Relocatable
 Small   0x000000012da00000 0x000000012dbfffd8 0x000000012dc00000 O/8     Relocatable
 Small   0x000000012e400000 0x000000012e600000 0x000000012e600000 O/7     Relocatable
 Small   0x000000012fa00000 0x000000012fbffff0 0x000000012fc00000 O/7     Relocatable
 Small   0x0000000130000000 0x00000001301ffff0 0x0000000130200000 O/9     Relocatable
 Small   0x0000000130200000 0x0000000130400000 0x0000000130400000 Y/108   Allocating 
 Small   0x0000000130e00000 0x0000000130ffffd8 0x0000000131000000 O/7     Relocatable
 Small   0x0000000131c00000 0x0000000131dffdc0 0x0000000131e00000 O/22    Allocating 
 Small   0x0000000132000000 0x00000001321ffff0 0x0000000132200000 O/22    Allocating 
 Small   0x0000000132400000 0x00000001325fffe8 0x0000000132600000 O/8     Relocatable
 Small   0x0000000132600000 0x00000001327fffe8 0x0000000132800000 O/8     Relocatable
 Small   0x0000000134a00000 0x0000000134bfffe8 0x0000000134c00000 O/9     Relocatable
 Small   0x0000000136200000 0x00000001363fffd0 0x0000000136400000 O/8     Relocatable
 Small   0x0000000137800000 0x00000001378196d8 0x0000000137a00000 O/22    Allocating 
 Small   0x0000000138a00000 0x0000000138bfff98 0x0000000138c00000 O/8     Relocatable
 Small   0x0000000139e00000 0x0000000139fffff0 0x000000013a000000 O/9     Relocatable
 Small   0x000000013be00000 0x000000013c000000 0x000000013c000000 O/9     Relocatable
 Small   0x0000000141200000 0x00000001413ffff0 0x0000000141400000 O/7     Relocatable
 Small   0x0000000141400000 0x00000001415fffe8 0x0000000141600000 O/22    Allocating 
 Small   0x0000000141a00000 0x0000000141c00000 0x0000000141c00000 O/8     Relocatable
 Small   0x0000000142200000 0x00000001423fffd8 0x0000000142400000 O/8     Relocatable
 Small   0x0000000143c00000 0x0000000143e00000 0x0000000143e00000 O/8     Relocatable
 Small   0x0000000143e00000 0x0000000144000000 0x0000000144000000 O/9     Relocatable
 Small   0x0000000144a00000 0x0000000144bfffe0 0x0000000144c00000 O/8     Relocatable
 Small   0x0000000145600000 0x00000001457ffff8 0x0000000145800000 O/9     Relocatable
 Small   0x0000000146a00000 0x0000000146bffff0 0x0000000146c00000 O/22    Allocating 
 Small   0x0000000148800000 0x00000001489ffb50 0x0000000148a00000 O/8     Relocatable
 Small   0x0000000148c00000 0x0000000148dffff8 0x0000000148e00000 O/8     Relocatable
 Small   0x000000014a200000 0x000000014a3fffb0 0x000000014a400000 O/14    Relocatable
 Small   0x000000014ae00000 0x000000014afffb78 0x000000014b000000 O/14    Relocatable
 Small   0x000000014b000000 0x000000014b1ffa18 0x000000014b200000 O/22    Allocating 
 Small   0x000000014c800000 0x000000014c9fffd0 0x000000014ca00000 O/9     Relocatable
 Small   0x000000014d400000 0x000000014d5ffff0 0x000000014d600000 O/8     Relocatable
 Small   0x000000014da00000 0x000000014dbffff8 0x000000014dc00000 O/8     Relocatable
 Small   0x000000014e000000 0x000000014e1ffe78 0x000000014e200000 O/9     Relocatable
 Small   0x000000014ec00000 0x000000014ee00000 0x000000014ee00000 O/14    Relocatable
 Small   0x000000014f200000 0x000000014f3fffb0 0x000000014f400000 O/9     Relocatable
 Small   0x0000000150c00000 0x0000000150e00000 0x0000000150e00000 Y/108   Allocating 
 Small   0x0000000151400000 0x00000001515fffa8 0x0000000151600000 O/22    Allocating 
 Small   0x0000000155200000 0x00000001553ffb88 0x0000000155400000 O/16    Relocatable
 Small   0x0000000155e00000 0x0000000155fffff8 0x0000000156000000 O/9     Relocatable
 Small   0x0000000156400000 0x00000001565ffcc8 0x0000000156600000 O/7     Relocatable
 Small   0x0000000156600000 0x00000001567fffe0 0x0000000156800000 O/6     Relocatable
 Small   0x0000000156e00000 0x0000000156fffff8 0x0000000157000000 O/8     Relocatable
 Small   0x0000000157000000 0x00000001571fffd0 0x0000000157200000 O/9     Relocatable
 Small   0x0000000157600000 0x00000001577fff90 0x0000000157800000 O/9     Relocatable
 Small   0x0000000157e00000 0x0000000157fffe80 0x0000000158000000 O/22    Allocating 
 Small   0x0000000158800000 0x00000001589fffe0 0x0000000158a00000 O/9     Relocatable
 Small   0x000000015a400000 0x000000015a600000 0x000000015a600000 O/22    Allocating 
 Small   0x000000015b800000 0x000000015ba00000 0x000000015ba00000 O/7     Relocatable
 Small   0x000000015c200000 0x000000015c3fffb0 0x000000015c400000 O/8     Relocatable
 Small   0x000000015c800000 0x000000015c9fffd0 0x000000015ca00000 O/9     Relocatable
 Small   0x000000015cc00000 0x000000015cdfffe8 0x000000015ce00000 O/22    Allocating 
 Small   0x000000015ce00000 0x000000015cffff70 0x000000015d000000 O/20    Relocatable
 Small   0x000000015ee00000 0x000000015effffb8 0x000000015f000000 O/9     Relocatable
 Small   0x000000015f000000 0x000000015f1ffff0 0x000000015f200000 O/8     Relocatable
 Small   0x0000000160800000 0x0000000160a00000 0x0000000160a00000 O/8     Relocatable
 Small   0x0000000160e00000 0x0000000161000000 0x0000000161000000 O/7     Relocatable
 Small   0x0000000161400000 0x00000001615fff60 0x0000000161600000 O/8     Relocatable
 Small   0x0000000162200000 0x00000001623fffa8 0x0000000162400000 O/9     Relocatable
 Small   0x0000000163000000 0x00000001631fffb0 0x0000000163200000 O/7     Relocatable
 Small   0x0000000163200000 0x00000001633fff78 0x0000000163400000 O/7     Relocatable
 Small   0x0000000164200000 0x00000001643fffe8 0x0000000164400000 O/9     Relocatable
 Small   0x0000000166000000 0x00000001661ffd80 0x0000000166200000 Y/108   Allocating 
 Small   0x0000000166200000 0x0000000166400000 0x0000000166400000 O/8     Relocatable
 Small   0x0000000166400000 0x00000001665fff60 0x0000000166600000 O/8     Relocatable
 Small   0x0000000166600000 0x00000001667fffe0 0x0000000166800000 O/22    Allocating 
 Small   0x0000000166a00000 0x0000000166bfffe8 0x0000000166c00000 O/7     Relocatable
 Small   0x0000000166c00000 0x0000000166dfff78 0x0000000166e00000 O/8     Relocatable
 Small   0x0000000168800000 0x00000001689fffd8 0x0000000168a00000 O/7     Relocatable
 Small   0x0000000169800000 0x00000001699fffd0 0x0000000169a00000 O/8     Relocatable
 Small   0x0000000169c00000 0x0000000169dffff0 0x0000000169e00000 O/10    Relocatable
 Small   0x000000016aa00000 0x000000016abfffe8 0x000000016ac00000 O/12    Relocatable
 Small   0x000000016c800000 0x000000016c9ffff0 0x000000016ca00000 O/7     Relocatable
 Small   0x000000016d400000 0x000000016d5fffc8 0x000000016d600000 O/8     Relocatable
 Small   0x000000016ea00000 0x000000016ebffdf0 0x000000016ec00000 O/8     Relocatable
 Small   0x0000000170200000 0x00000001703ffff8 0x0000000170400000 O/22    Allocating 
 Small   0x0000000170400000 0x00000001705ffff0 0x0000000170600000 O/7     Relocatable
 Small   0x0000000171400000 0x00000001715ffdc8 0x0000000171600000 O/16    Relocatable
 Small   0x0000000173a00000 0x0000000173bff188 0x0000000173c00000 O/7     Relocatable
 Small   0x0000000174600000 0x00000001747fffe8 0x0000000174800000 O/8     Relocatable
 Small   0x0000000174800000 0x00000001749ffed8 0x0000000174a00000 O/8     Relocatable
 Small   0x0000000174e00000 0x0000000174ffffe0 0x0000000175000000 O/14    Relocatable
 Small   0x0000000175400000 0x00000001755ffff0 0x0000000175600000 O/22    Allocating 
 Small   0x0000000175c00000 0x0000000175dfff90 0x0000000175e00000 O/8     Relocatable
 Small   0x0000000178000000 0x00000001781fffe8 0x0000000178200000 O/7     Relocatable
 Small   0x0000000179600000 0x00000001797fff88 0x0000000179800000 O/8     Relocatable
 Small   0x0000000179e00000 0x0000000179ffffe8 0x000000017a000000 O/8     Relocatable
 Small   0x000000017ae00000 0x000000017afffff8 0x000000017b000000 O/22    Allocating 
 Small   0x000000017be00000 0x000000017bfff698 0x000000017c000000 O/9     Relocatable
 Small   0x000000017c600000 0x000000017c7ffff8 0x000000017c800000 O/9     Relocatable
 Small   0x000000017d600000 0x000000017d7fff60 0x000000017d800000 O/8     Relocatable
 Small   0x000000017f000000 0x000000017f1fffe8 0x000000017f200000 O/7     Relocatable
 Small   0x000000017f200000 0x000000017f3ffff0 0x000000017f400000 O/9     Relocatable
 Small   0x0000000180200000 0x0000000180400000 0x0000000180400000 O/9     Relocatable
 Small   0x0000000180800000 0x00000001809fffe0 0x0000000180a00000 O/9     Relocatable
 Small   0x0000000180c00000 0x0000000180dfffa8 0x0000000180e00000 O/8     Relocatable
 Small   0x0000000181c00000 0x0000000181dffbd0 0x0000000181e00000 O/22    Allocating 
 Small   0x0000000182c00000 0x0000000182dfffd8 0x0000000182e00000 O/9     Relocatable
 Small   0x0000000183000000 0x00000001831fff20 0x0000000183200000 O/22    Allocating 
 Small   0x0000000183e00000 0x0000000183fffe58 0x0000000184000000 O/19    Relocatable
 Small   0x0000000185000000 0x0000000185200000 0x0000000185200000 O/9     Relocatable
 Small   0x0000000185200000 0x00000001853fffd8 0x0000000185400000 O/15    Relocatable
 Small   0x0000000186000000 0x00000001861fffe0 0x0000000186200000 O/22    Allocating 
 Small   0x0000000186400000 0x00000001865ffff0 0x0000000186600000 O/16    Relocatable
 Small   0x0000000187000000 0x00000001871ffff8 0x0000000187200000 O/22    Allocating 
 Small   0x0000000187c00000 0x0000000187dfffb0 0x0000000187e00000 O/8     Relocatable
 Small   0x0000000187e00000 0x0000000187fff640 0x0000000188000000 O/9     Relocatable
 Small   0x0000000188200000 0x00000001883fffd0 0x0000000188400000 O/8     Relocatable
 Small   0x000000018a800000 0x000000018a9ffff8 0x000000018aa00000 O/8     Relocatable
 Small   0x000000018aa00000 0x000000018abfffe8 0x000000018ac00000 O/9     Relocatable
 Small   0x000000018b200000 0x000000018b400000 0x000000018b400000 O/8     Relocatable
 Small   0x000000018c600000 0x000000018c7fffd0 0x000000018c800000 O/8     Relocatable
 Small   0x000000018d600000 0x000000018d800000 0x000000018d800000 O/8     Relocatable
 Small   0x000000018e600000 0x000000018e7fffb0 0x000000018e800000 O/8     Relocatable
 Small   0x0000000190200000 0x00000001903fffe0 0x0000000190400000 O/7     Relocatable
 Small   0x0000000190e00000 0x0000000190fffff8 0x0000000191000000 O/16    Relocatable
 Small   0x0000000191000000 0x00000001911ffff0 0x0000000191200000 O/8     Relocatable
 Small   0x0000000191200000 0x00000001913ffff8 0x0000000191400000 O/22    Allocating 
 Small   0x0000000191400000 0x00000001915fffe8 0x0000000191600000 O/8     Relocatable
 Small   0x0000000192000000 0x00000001921ffff0 0x0000000192200000 O/9     Relocatable
 Small   0x0000000192e00000 0x0000000192fffff0 0x0000000193000000 O/8     Relocatable
 Small   0x0000000194600000 0x00000001947fffe8 0x0000000194800000 Y/108   Allocating 
 Small   0x0000000195a00000 0x0000000195bfffc0 0x0000000195c00000 O/8     Relocatable
 Small   0x0000000196400000 0x00000001965fffe8 0x0000000196600000 O/8     Relocatable
 Small   0x0000000196a00000 0x0000000196bfffc0 0x0000000196c00000 O/8     Relocatable
 Small   0x0000000198000000 0x00000001981fffd8 0x0000000198200000 O/8     Relocatable
 Small   0x0000000198200000 0x00000001983ffff0 0x0000000198400000 O/8     Relocatable
 Small   0x0000000199200000 0x00000001993fff70 0x0000000199400000 O/21    Relocatable
 Small   0x000000019a200000 0x000000019a3ffff0 0x000000019a400000 O/8     Relocatable
 Small   0x000000019c000000 0x000000019c1ffff0 0x000000019c200000 O/14    Relocatable
 Small   0x000000019ce00000 0x000000019cffff78 0x000000019d000000 O/10    Relocatable
 Small   0x000000019d600000 0x000000019d800000 0x000000019d800000 O/9     Relocatable
 Small   0x000000019d800000 0x000000019d9fffe8 0x000000019da00000 O/8     Relocatable
 Small   0x000000019e200000 0x000000019e3fffe0 0x000000019e400000 O/8     Relocatable
 Small   0x000000019e600000 0x000000019e7fffb8 0x000000019e800000 O/9     Relocatable
 Small   0x000000019ee00000 0x000000019efffff8 0x000000019f000000 O/9     Relocatable
 Small   0x000000019f000000 0x000000019f1fffd8 0x000000019f200000 O/9     Relocatable
 Small   0x00000001a0800000 0x00000001a09ffff8 0x00000001a0a00000 O/20    Relocatable
 Small   0x00000001a0e00000 0x00000001a0fff070 0x00000001a1000000 O/8     Relocatable
 Small   0x00000001a1400000 0x00000001a15fff98 0x00000001a1600000 O/8     Relocatable
 Small   0x00000001a5c00000 0x00000001a5dfff80 0x00000001a5e00000 O/22    Allocating 
 Small   0x00000001a5e00000 0x00000001a5fffff8 0x00000001a6000000 O/8     Relocatable
 Small   0x00000001a6000000 0x00000001a61fffd8 0x00000001a6200000 O/8     Relocatable
 Small   0x00000001a6c00000 0x00000001a6dffff8 0x00000001a6e00000 O/8     Relocatable
 Small   0x00000001a7000000 0x00000001a71fffe8 0x00000001a7200000 O/15    Relocatable
 Small   0x00000001a7600000 0x00000001a7800000 0x00000001a7800000 O/8     Relocatable
 Small   0x00000001a7e00000 0x00000001a7ffff58 0x00000001a8000000 O/14    Relocatable
 Small   0x00000001a8200000 0x00000001a83ffff0 0x00000001a8400000 O/8     Relocatable
 Small   0x00000001a8800000 0x00000001a89ffff8 0x00000001a8a00000 Y/108   Allocating 
 Small   0x00000001a9400000 0x00000001a95ffff8 0x00000001a9600000 O/8     Relocatable
 Small   0x00000001aa000000 0x00000001aa1ffff8 0x00000001aa200000 O/14    Relocatable
 Small   0x00000001aaa00000 0x00000001aac00000 0x00000001aac00000 Y/108   Allocating 
 Small   0x00000001aae00000 0x00000001aaffff58 0x00000001ab000000 O/19    Relocatable
 Small   0x00000001abc00000 0x00000001abdffff8 0x00000001abe00000 O/15    Relocatable
 Small   0x00000001ac000000 0x00000001ac1ffff8 0x00000001ac200000 O/8     Relocatable
 Small   0x00000001ae000000 0x00000001ae1fffc0 0x00000001ae200000 O/8     Relocatable
 Small   0x00000001b0400000 0x00000001b05fffe0 0x00000001b0600000 O/22    Allocating 
 Small   0x00000001b0600000 0x00000001b07ffff8 0x00000001b0800000 O/8     Relocatable
 Small   0x00000001b1800000 0x00000001b19fffe8 0x00000001b1a00000 O/8     Relocatable
 Small   0x00000001b2e00000 0x00000001b2fffff0 0x00000001b3000000 O/9     Relocatable
 Small   0x00000001b4400000 0x00000001b45ffff8 0x00000001b4600000 O/8     Relocatable
 Small   0x00000001b5600000 0x00000001b57ffff0 0x00000001b5800000 O/9     Relocatable
 Small   0x00000001b6800000 0x00000001b69fffc0 0x00000001b6a00000 O/8     Relocatable
 Small   0x00000001b7c00000 0x00000001b7dffff8 0x00000001b7e00000 O/8     Relocatable
 Small   0x00000001b8600000 0x00000001b87fffe8 0x00000001b8800000 O/7     Relocatable
 Small   0x00000001bac00000 0x00000001badffff8 0x00000001bae00000 O/14    Relocatable
 Small   0x00000001bb000000 0x00000001bb1fff70 0x00000001bb200000 O/14    Relocatable
 Small   0x00000001bcc00000 0x00000001bce00000 0x00000001bce00000 O/8     Relocatable
 Small   0x00000001bdc00000 0x00000001bde00000 0x00000001bde00000 Y/108   Allocating 
 Small   0x00000001bde00000 0x00000001bdfffff8 0x00000001be000000 O/9     Relocatable
 Small   0x00000001c0a00000 0x00000001c0bfffd8 0x00000001c0c00000 O/8     Relocatable
 Small   0x00000001c1400000 0x00000001c1600000 0x00000001c1600000 O/22    Allocating 
 Small   0x00000001c2200000 0x00000001c23fffe0 0x00000001c2400000 O/8     Relocatable
 Small   0x00000001c7c00000 0x00000001c7dfffc8 0x00000001c7e00000 O/22    Allocating 
 Small   0x00000001c8000000 0x00000001c81fffb8 0x00000001c8200000 O/8     Relocatable
 Small   0x00000001cc400000 0x00000001cc5ffff0 0x00000001cc600000 O/8     Relocatable
 Small   0x00000001ccc00000 0x00000001ccc021b0 0x00000001cce00000 O/22    Allocating 
 Small   0x00000001cd400000 0x00000001cd5ffff8 0x00000001cd600000 O/22    Allocating 
 Small   0x00000001ce200000 0x00000001ce3ffff8 0x00000001ce400000 O/14    Relocatable
 Small   0x00000001cf000000 0x00000001cf1fff98 0x00000001cf200000 O/8     Relocatable
 Small   0x00000001cf600000 0x00000001cf7fffe8 0x00000001cf800000 O/9     Relocatable
 Small   0x00000001cf800000 0x00000001cf9fffd0 0x00000001cfa00000 O/9     Relocatable
 Small   0x00000001cfa00000 0x00000001cfbfedb8 0x00000001cfc00000 O/9     Relocatable
 Small   0x00000001d1000000 0x00000001d11fffe8 0x00000001d1200000 O/22    Allocating 
 Small   0x00000001d1a00000 0x00000001d1c00000 0x00000001d1c00000 O/10    Relocatable
 Small   0x00000001d2400000 0x00000001d2600000 0x00000001d2600000 O/9     Relocatable
 Small   0x00000001d2a00000 0x00000001d2bfff58 0x00000001d2c00000 O/22    Allocating 
 Small   0x00000001d3800000 0x00000001d3a00000 0x00000001d3a00000 Y/108   Allocating 
 Small   0x00000001d4400000 0x00000001d4600000 0x00000001d4600000 Y/108   Allocating 
 Small   0x00000001d8400000 0x00000001d85fffd0 0x00000001d8600000 O/9     Relocatable
 Small   0x00000001d9200000 0x00000001d93fffe8 0x00000001d9400000 O/14    Relocatable
 Small   0x00000001da200000 0x00000001da3ff8d8 0x00000001da400000 O/19    Relocatable
 Small   0x00000001ddc00000 0x00000001dddf9498 0x00000001dde00000 O/9     Relocatable
 Small   0x00000001de400000 0x00000001de5ffff0 0x00000001de600000 O/12    Relocatable
 Small   0x00000001e0200000 0x00000001e03fffc8 0x00000001e0400000 O/19    Relocatable
 Small   0x00000001e0600000 0x00000001e07fffc8 0x00000001e0800000 Y/108   Allocating 
 Small   0x00000001e0e00000 0x00000001e1000000 0x00000001e1000000 Y/108   Allocating 
 Small   0x00000001e1400000 0x00000001e1600000 0x00000001e1600000 Y/108   Allocating 
 Small   0x00000001e3800000 0x00000001e39ffff8 0x00000001e3a00000 O/22    Allocating 
 Small   0x00000001e6800000 0x00000001e69fff88 0x00000001e6a00000 O/21    Relocatable
 Small   0x00000001e7400000 0x00000001e75ffa18 0x00000001e7600000 O/20    Relocatable
 Small   0x00000001e8400000 0x00000001e85ffee0 0x00000001e8600000 O/14    Relocatable
 Small   0x00000001ed000000 0x00000001ed1ffff8 0x00000001ed200000 Y/108   Allocating 
 Small   0x00000001eee00000 0x00000001ef000000 0x00000001ef000000 O/14    Relocatable
 Small   0x00000001efe00000 0x00000001effffdb0 0x00000001f0000000 O/22    Allocating 
 Small   0x00000001f1400000 0x00000001f15ffff0 0x00000001f1600000 O/15    Relocatable
 Small   0x00000001f3400000 0x00000001f35ffff8 0x00000001f3600000 O/8     Relocatable
 Small   0x00000001f4200000 0x00000001f43ffff8 0x00000001f4400000 O/8     Relocatable
 Small   0x00000001f5600000 0x00000001f57fffe8 0x00000001f5800000 O/22    Allocating 
 Small   0x00000001ff800000 0x00000001ff9ffff0 0x00000001ffa00000 O/8     Relocatable
 Small   0x0000000200400000 0x00000002005ffff0 0x0000000200600000 O/8     Relocatable
 Small   0x0000000200800000 0x00000002009ffc18 0x0000000200a00000 O/14    Relocatable
 Small   0x0000000202a00000 0x0000000202bfffe0 0x0000000202c00000 Y/108   Allocating 
 Small   0x0000000203400000 0x00000002035fffe8 0x0000000203600000 O/15    Relocatable
 Small   0x0000000204c00000 0x0000000204dfffd0 0x0000000204e00000 O/9     Relocatable
 Small   0x0000000205000000 0x00000002051ffff8 0x0000000205200000 O/22    Allocating 
 Small   0x0000000205600000 0x0000000205800000 0x0000000205800000 O/15    Relocatable
 Small   0x0000000206600000 0x0000000206800000 0x0000000206800000 Y/108   Allocating 
 Small   0x0000000207400000 0x00000002075fffc0 0x0000000207600000 O/16    Relocatable
 Small   0x000000020b400000 0x000000020b5ff028 0x000000020b600000 O/16    Relocatable
 Small   0x000000020c600000 0x000000020c800000 0x000000020c800000 Y/108   Allocating 
 Small   0x000000020ce00000 0x000000020cfffdb0 0x000000020d000000 O/16    Relocatable
 Small   0x000000020d600000 0x000000020d7fffd0 0x000000020d800000 O/22    Allocating 
 Small   0x000000020d800000 0x000000020d9ffff0 0x000000020da00000 O/14    Relocatable
 Small   0x000000020e200000 0x000000020e3fffa0 0x000000020e400000 O/14    Relocatable
 Small   0x000000020ea00000 0x000000020ec00000 0x000000020ec00000 O/16    Relocatable
 Small   0x0000000211000000 0x0000000211200000 0x0000000211200000 Y/108   Allocating 
 Small   0x0000000211800000 0x00000002119ffff8 0x0000000211a00000 O/14    Relocatable
 Small   0x0000000213000000 0x0000000213200000 0x0000000213200000 Y/108   Allocating 
 Small   0x0000000214200000 0x0000000214400000 0x0000000214400000 Y/108   Allocating 
 Small   0x0000000214400000 0x0000000214600000 0x0000000214600000 Y/108   Allocating 
 Small   0x0000000214c00000 0x0000000214e00000 0x0000000214e00000 Y/108   Allocating 
 Small   0x0000000215c00000 0x0000000215dffb80 0x0000000215e00000 O/9     Relocatable
 Small   0x0000000217e00000 0x0000000217fffae8 0x0000000218000000 O/14    Relocatable
 Small   0x000000021a000000 0x000000021a1ffff0 0x000000021a200000 O/8     Relocatable
 Small   0x000000021a200000 0x000000021a3ffff8 0x000000021a400000 O/14    Relocatable
 Small   0x000000021b000000 0x000000021b1ffeb8 0x000000021b200000 O/9     Relocatable
 Small   0x000000021b200000 0x000000021b3fffe0 0x000000021b400000 O/14    Relocatable
 Small   0x000000021b400000 0x000000021b5f59f8 0x000000021b600000 O/14    Relocatable
 Small   0x000000021b800000 0x000000021b9fffe8 0x000000021ba00000 O/8     Relocatable
 Small   0x000000021c200000 0x000000021c3f1630 0x000000021c400000 O/16    Relocatable
 Small   0x000000021c400000 0x000000021c5ffff8 0x000000021c600000 O/15    Relocatable
 Small   0x000000021d400000 0x000000021d600000 0x000000021d600000 O/9     Relocatable
 Small   0x000000021d800000 0x000000021da00000 0x000000021da00000 O/22    Allocating 
 Small   0x000000021ee00000 0x000000021effffe0 0x000000021f000000 O/22    Allocating 
 Small   0x0000000220800000 0x00000002209fffe0 0x0000000220a00000 O/22    Allocating 
 Small   0x0000000221000000 0x00000002211f80f8 0x0000000221200000 O/8     Relocatable
 Small   0x0000000221600000 0x00000002217fffe8 0x0000000221800000 O/8     Relocatable
 Small   0x0000000223a00000 0x0000000223bffff8 0x0000000223c00000 O/22    Allocating 
 Small   0x0000000225000000 0x00000002251ffff0 0x0000000225200000 O/8     Relocatable
 Small   0x0000000226600000 0x00000002267fffe0 0x0000000226800000 O/22    Allocating 
 Small   0x0000000228000000 0x0000000228200000 0x0000000228200000 O/9     Relocatable
 Small   0x0000000229200000 0x00000002293fffb0 0x0000000229400000 O/9     Relocatable
 Small   0x0000000229a00000 0x0000000229bffff8 0x0000000229c00000 O/8     Relocatable
 Small   0x000000022a000000 0x000000022a1ffff8 0x000000022a200000 O/9     Relocatable
 Small   0x000000022ac00000 0x000000022ae00000 0x000000022ae00000 O/8     Relocatable
 Small   0x000000022ae00000 0x000000022afffff0 0x000000022b000000 O/16    Relocatable
 Small   0x000000022b600000 0x000000022b7fffa0 0x000000022b800000 O/8     Relocatable
 Small   0x000000022c200000 0x000000022c3fffe0 0x000000022c400000 O/7     Relocatable
 Small   0x000000022c800000 0x000000022c9ffff0 0x000000022ca00000 O/9     Relocatable
 Small   0x000000022d400000 0x000000022d5ffff0 0x000000022d600000 O/8     Relocatable
 Small   0x000000022e800000 0x000000022ea00000 0x000000022ea00000 O/9     Relocatable
 Small   0x000000022f600000 0x000000022f7ffff8 0x000000022f800000 O/22    Allocating 
 Small   0x000000022fe00000 0x0000000230000000 0x0000000230000000 O/22    Allocating 
 Small   0x0000000231200000 0x00000002313ffff8 0x0000000231400000 O/16    Relocatable
 Small   0x0000000231600000 0x00000002317fff18 0x0000000231800000 O/19    Relocatable
 Small   0x0000000232000000 0x00000002321ffff8 0x0000000232200000 O/16    Relocatable
 Small   0x0000000233200000 0x00000002333ffff8 0x0000000233400000 O/22    Allocating 
 Small   0x0000000233600000 0x00000002337fffe8 0x0000000233800000 O/8     Relocatable
 Small   0x0000000234a00000 0x0000000234c00000 0x0000000234c00000 O/22    Allocating 
 Small   0x0000000234e00000 0x0000000234fffff0 0x0000000235000000 O/8     Relocatable
 Small   0x0000000235e00000 0x0000000235ffffd0 0x0000000236000000 O/16    Relocatable
 Small   0x0000000236e00000 0x0000000236fffff8 0x0000000237000000 O/8     Relocatable
 Small   0x0000000238000000 0x00000002381ffff0 0x0000000238200000 O/9     Relocatable
 Small   0x0000000239800000 0x0000000239a00000 0x0000000239a00000 O/14    Relocatable
 Small   0x0000000239a00000 0x0000000239bfffd8 0x0000000239c00000 O/19    Relocatable
 Small   0x000000023d000000 0x000000023d1ffff8 0x000000023d200000 O/8     Relocatable
 Small   0x000000023e600000 0x000000023e7fffe0 0x000000023e800000 O/8     Relocatable
 Small   0x000000023e800000 0x000000023e9ffff0 0x000000023ea00000 O/8     Relocatable
 Small   0x000000023ea00000 0x000000023ebffff8 0x000000023ec00000 O/8     Relocatable
 Small   0x000000023f600000 0x000000023f7ffff8 0x000000023f800000 O/9     Relocatable
 Small   0x000000023f800000 0x000000023f9fff90 0x000000023fa00000 O/8     Relocatable
 Small   0x0000000240200000 0x00000002403fff68 0x0000000240400000 O/8     Relocatable
 Small   0x0000000240400000 0x00000002405ffff0 0x0000000240600000 O/8     Relocatable
 Small   0x0000000241a00000 0x0000000241c00000 0x0000000241c00000 O/9     Relocatable
 Small   0x0000000243200000 0x0000000243400000 0x0000000243400000 O/8     Relocatable
 Small   0x0000000243400000 0x00000002435fff08 0x0000000243600000 O/22    Allocating 
 Small   0x0000000243c00000 0x0000000243dfffd8 0x0000000243e00000 O/8     Relocatable
 Small   0x0000000245000000 0x00000002451ffff8 0x0000000245200000 O/9     Relocatable
 Small   0x0000000245600000 0x00000002457fffd0 0x0000000245800000 O/9     Relocatable
 Small   0x0000000245a00000 0x0000000245bfffe8 0x0000000245c00000 O/9     Relocatable
 Small   0x0000000245e00000 0x0000000245ffffd8 0x0000000246000000 O/9     Relocatable
 Small   0x0000000246800000 0x0000000246a00000 0x0000000246a00000 O/8     Relocatable
 Small   0x0000000246a00000 0x0000000246c00000 0x0000000246c00000 O/9     Relocatable
 Small   0x0000000246c00000 0x0000000246dffff0 0x0000000246e00000 O/8     Relocatable
 Small   0x0000000247400000 0x00000002475fffe0 0x0000000247600000 O/15    Relocatable
 Small   0x0000000248a00000 0x0000000248bffcf8 0x0000000248c00000 O/22    Allocating 
 Small   0x0000000248e00000 0x0000000248ffffd0 0x0000000249000000 O/9     Relocatable
 Small   0x0000000249600000 0x00000002497fff60 0x0000000249800000 O/8     Relocatable
 Small   0x0000000249800000 0x00000002499ffb20 0x0000000249a00000 O/21    Relocatable
 Small   0x000000024a800000 0x000000024a9fff88 0x000000024aa00000 O/9     Relocatable
 Small   0x000000024aa00000 0x000000024abf8b90 0x000000024ac00000 O/9     Relocatable
 Small   0x000000024ac00000 0x000000024ae00000 0x000000024ae00000 O/9     Relocatable
 Small   0x000000024b000000 0x000000024b1ffff8 0x000000024b200000 O/9     Relocatable
 Small   0x000000024b200000 0x000000024b3fce88 0x000000024b400000 O/8     Relocatable
 Small   0x000000024b600000 0x000000024b7ffff0 0x000000024b800000 O/16    Relocatable
 Small   0x000000024e800000 0x000000024e9fffd8 0x000000024ea00000 O/7     Relocatable
 Small   0x000000024ea00000 0x000000024ebfda48 0x000000024ec00000 O/8     Relocatable
 Small   0x000000024fa00000 0x000000024fbfffd0 0x000000024fc00000 O/16    Relocatable
 Small   0x0000000250000000 0x0000000250200000 0x0000000250200000 Y/108   Allocating 
 Small   0x0000000250200000 0x00000002503fff10 0x0000000250400000 O/14    Relocatable
 Small   0x0000000250600000 0x0000000250800000 0x0000000250800000 O/9     Relocatable
 Small   0x0000000250a00000 0x0000000250bfffd0 0x0000000250c00000 O/16    Relocatable
 Small   0x0000000250e00000 0x0000000250ffffc8 0x0000000251000000 O/16    Relocatable
 Small   0x0000000251800000 0x00000002519fffe8 0x0000000251a00000 O/15    Relocatable
 Small   0x0000000252600000 0x0000000252800000 0x0000000252800000 Y/108   Allocating 
 Small   0x0000000252c00000 0x0000000252dffff8 0x0000000252e00000 O/9     Relocatable
 Small   0x0000000252e00000 0x0000000252fffff0 0x0000000253000000 O/9     Relocatable
 Small   0x0000000253800000 0x0000000253a00000 0x0000000253a00000 Y/108   Allocating 
 Small   0x0000000253a00000 0x0000000253c00000 0x0000000253c00000 Y/108   Allocating 
 Small   0x0000000253c00000 0x0000000253e00000 0x0000000253e00000 Y/108   Allocating 
 Small   0x0000000254200000 0x00000002543fff38 0x0000000254400000 O/16    Relocatable
 Small   0x0000000254400000 0x0000000254600000 0x0000000254600000 Y/108   Allocating 
 Small   0x0000000254600000 0x00000002547fffe0 0x0000000254800000 O/9     Relocatable
 Small   0x0000000254a00000 0x0000000254bffec0 0x0000000254c00000 Y/108   Allocating 
 Small   0x0000000256600000 0x00000002567fffb8 0x0000000256800000 O/19    Relocatable
 Small   0x0000000256a00000 0x0000000256bff8d8 0x0000000256c00000 O/19    Relocatable
 Small   0x0000000257000000 0x00000002571ffff8 0x0000000257200000 O/14    Relocatable
 Small   0x0000000257c00000 0x0000000257dfffd8 0x0000000257e00000 O/9     Relocatable
 Small   0x0000000257e00000 0x0000000257fffe40 0x0000000258000000 O/16    Relocatable
 Small   0x0000000258800000 0x00000002589fffb8 0x0000000258a00000 O/15    Relocatable
 Small   0x0000000258c00000 0x0000000258dfffe8 0x0000000258e00000 O/9     Relocatable
 Small   0x000000025a800000 0x000000025a9fffd0 0x000000025aa00000 O/14    Relocatable
 Small   0x000000025b200000 0x000000025b400000 0x000000025b400000 Y/108   Allocating 
 Small   0x000000025e800000 0x000000025e9ffff8 0x000000025ea00000 O/14    Relocatable
 Small   0x000000025f200000 0x000000025f3ffff8 0x000000025f400000 O/9     Relocatable
 Small   0x0000000261800000 0x00000002619fffe0 0x0000000261a00000 O/22    Allocating 
 Small   0x0000000262e00000 0x0000000262ffffc8 0x0000000263000000 O/9     Relocatable
 Small   0x0000000263600000 0x0000000263800000 0x0000000263800000 O/9     Relocatable
 Small   0x0000000267600000 0x00000002677fffe8 0x0000000267800000 O/16    Relocatable
 Small   0x0000000268e00000 0x0000000268ffffe8 0x0000000269000000 O/22    Allocating 
 Small   0x0000000269600000 0x00000002697ffff0 0x0000000269800000 O/9     Relocatable
 Small   0x000000026ae00000 0x000000026affffd8 0x000000026b000000 O/22    Allocating 
 Small   0x000000026c600000 0x000000026c7ffff8 0x000000026c800000 O/22    Allocating 
 Small   0x000000026cc00000 0x000000026cdfffd8 0x000000026ce00000 O/9     Relocatable
 Small   0x000000026d000000 0x000000026d1fffe8 0x000000026d200000 O/9     Relocatable
 Small   0x000000026de00000 0x000000026dffffd8 0x000000026e000000 O/22    Allocating 
 Small   0x000000026f800000 0x000000026f9ffff8 0x000000026fa00000 O/15    Relocatable
 Small   0x0000000270400000 0x0000000270600000 0x0000000270600000 O/9     Relocatable
 Small   0x0000000271c00000 0x0000000271dfffe8 0x0000000271e00000 Y/108   Allocating 
 Small   0x0000000272800000 0x0000000272a00000 0x0000000272a00000 O/9     Relocatable
 Small   0x0000000273400000 0x00000002735ffff0 0x0000000273600000 O/9     Relocatable
 Small   0x0000000274a00000 0x0000000274bff8f0 0x0000000274c00000 O/14    Relocatable
 Small   0x0000000277e00000 0x0000000278000000 0x0000000278000000 O/9     Relocatable
 Small   0x0000000279000000 0x00000002791fffd8 0x0000000279200000 O/9     Relocatable
 Small   0x0000000279400000 0x00000002795fffe0 0x0000000279600000 O/9     Relocatable
 Small   0x000000027ae00000 0x000000027affffe0 0x000000027b000000 O/9     Relocatable
 Small   0x000000027c600000 0x000000027c7ffff0 0x000000027c800000 O/9     Relocatable
 Small   0x000000027ce00000 0x000000027cffff90 0x000000027d000000 O/22    Allocating 
 Small   0x0000000280a00000 0x0000000280c00000 0x0000000280c00000 O/9     Relocatable
 Small   0x0000000281c00000 0x0000000281dfffe8 0x0000000281e00000 O/22    Allocating 
 Small   0x0000000282a00000 0x0000000282c00000 0x0000000282c00000 O/9     Relocatable
 Small   0x0000000283400000 0x00000002835fffd8 0x0000000283600000 O/22    Allocating 
 Small   0x0000000283c00000 0x0000000283dffff0 0x0000000283e00000 O/9     Relocatable
 Small   0x0000000285000000 0x00000002851ffff0 0x0000000285200000 O/9     Relocatable
 Small   0x0000000285a00000 0x0000000285bffff0 0x0000000285c00000 O/19    Relocatable
 Small   0x0000000286a00000 0x0000000286bfff50 0x0000000286c00000 O/15    Relocatable
 Small   0x0000000288400000 0x00000002885ffff8 0x0000000288600000 O/9     Relocatable
 Small   0x0000000289e00000 0x0000000289fffff8 0x000000028a000000 O/22    Allocating 
 Small   0x000000028b000000 0x000000028b1ff998 0x000000028b200000 O/22    Allocating 
 Small   0x000000028c000000 0x000000028c1fff30 0x000000028c200000 O/22    Allocating 
 Small   0x000000028da00000 0x000000028dbffff8 0x000000028dc00000 O/9     Relocatable
 Small   0x000000028e200000 0x000000028e3fffb0 0x000000028e400000 O/22    Allocating 
 Small   0x0000000291000000 0x00000002911fffd0 0x0000000291200000 O/10    Relocatable
 Small   0x0000000293a00000 0x0000000293bffa80 0x0000000293c00000 O/20    Relocatable
 Small   0x0000000293e00000 0x0000000293ffffd8 0x0000000294000000 O/16    Relocatable
 Small   0x0000000295c00000 0x0000000295dffff0 0x0000000295e00000 O/8     Relocatable
 Small   0x0000000297000000 0x00000002971ffff8 0x0000000297200000 O/19    Relocatable
 Small   0x0000000298c00000 0x0000000298dffbf8 0x0000000298e00000 O/9     Relocatable
 Small   0x00000002a3800000 0x00000002a39fffe8 0x00000002a3a00000 O/9     Relocatable
 Small   0x00000002a5a00000 0x00000002a5bfff70 0x00000002a5c00000 O/22    Allocating 
 Small   0x00000002a6600000 0x00000002a67fff10 0x00000002a6800000 O/14    Relocatable
 Small   0x00000002a7600000 0x00000002a77fffe0 0x00000002a7800000 O/15    Relocatable
 Small   0x00000002a8400000 0x00000002a85ffd48 0x00000002a8600000 O/20    Relocatable
 Small   0x00000002a9400000 0x00000002a95ffff8 0x00000002a9600000 O/14    Relocatable
 Small   0x00000002ab000000 0x00000002ab1ffff0 0x00000002ab200000 O/10    Relocatable
 Small   0x00000002adc00000 0x00000002addffff0 0x00000002ade00000 O/10    Relocatable
 Small   0x00000002ae200000 0x00000002ae3ff9b8 0x00000002ae400000 O/12    Relocatable
 Small   0x00000002ae600000 0x00000002ae7fffd8 0x00000002ae800000 O/22    Allocating 
 Small   0x00000002ae800000 0x00000002ae9ffcc0 0x00000002aea00000 O/19    Relocatable
 Small   0x00000002af400000 0x00000002af5fffe8 0x00000002af600000 O/9     Relocatable
 Small   0x00000002b2600000 0x00000002b2800000 0x00000002b2800000 O/8     Relocatable
 Small   0x00000002b2a00000 0x00000002b2bfffe8 0x00000002b2c00000 O/10    Relocatable
 Small   0x00000002b3200000 0x00000002b33fffe8 0x00000002b3400000 O/15    Relocatable
 Small   0x00000002b4800000 0x00000002b49fffb8 0x00000002b4a00000 O/9     Relocatable
 Small   0x00000002b6c00000 0x00000002b6dfffe8 0x00000002b6e00000 O/9     Relocatable
 Small   0x00000002b9000000 0x00000002b9200000 0x00000002b9200000 O/9     Relocatable
 Small   0x00000002b9c00000 0x00000002b9dfffd0 0x00000002b9e00000 O/17    Relocatable
 Small   0x00000002bac00000 0x00000002bae00000 0x00000002bae00000 O/14    Relocatable
 Small   0x00000002bfa00000 0x00000002bfc00000 0x00000002bfc00000 O/22    Allocating 
 Small   0x00000002c3400000 0x00000002c35ffff0 0x00000002c3600000 O/15    Relocatable
 Small   0x00000002c4000000 0x00000002c41fffe8 0x00000002c4200000 O/22    Allocating 
 Small   0x00000002c4600000 0x00000002c4800000 0x00000002c4800000 Y/108   Allocating 
 Small   0x00000002c5400000 0x00000002c55fffd0 0x00000002c5600000 O/16    Relocatable
 Small   0x00000002c8800000 0x00000002c89fffd8 0x00000002c8a00000 O/9     Relocatable
 Small   0x00000002ccc00000 0x00000002ccdfffe8 0x00000002cce00000 O/16    Relocatable
 Small   0x00000002cce00000 0x00000002cd000000 0x00000002cd000000 Y/108   Allocating 
 Small   0x00000002cea00000 0x00000002cebfffe8 0x00000002cec00000 O/10    Relocatable
 Small   0x00000002d0200000 0x00000002d0400000 0x00000002d0400000 Y/108   Allocating 
 Small   0x00000002d0600000 0x00000002d0800000 0x00000002d0800000 Y/108   Allocating 
 Small   0x00000002d0a00000 0x00000002d0c00000 0x00000002d0c00000 Y/108   Allocating 
 Small   0x00000002d2400000 0x00000002d25fffe0 0x00000002d2600000 O/14    Relocatable
 Small   0x00000002d2600000 0x00000002d27fffd0 0x00000002d2800000 O/15    Relocatable
 Small   0x00000002d2c00000 0x00000002d2e00000 0x00000002d2e00000 Y/108   Allocating 
 Small   0x00000002d4c00000 0x00000002d4dffe08 0x00000002d4e00000 O/14    Relocatable
 Small   0x00000002d7c00000 0x00000002d7e00000 0x00000002d7e00000 O/14    Relocatable
 Small   0x00000002d8200000 0x00000002d8400000 0x00000002d8400000 O/14    Relocatable
 Small   0x00000002d8600000 0x00000002d8800000 0x00000002d8800000 O/14    Relocatable
 Small   0x00000002d8a00000 0x00000002d8bfffd0 0x00000002d8c00000 O/14    Relocatable
 Small   0x00000002d9000000 0x00000002d9200000 0x00000002d9200000 O/14    Relocatable
 Small   0x00000002d9400000 0x00000002d9600000 0x00000002d9600000 O/14    Relocatable
 Small   0x00000002d9c00000 0x00000002d9dfffe0 0x00000002d9e00000 O/9     Relocatable
 Small   0x00000002da000000 0x00000002da200000 0x00000002da200000 O/14    Relocatable
 Small   0x00000002dae00000 0x00000002db000000 0x00000002db000000 O/14    Relocatable
 Small   0x00000002dee00000 0x00000002defff6c0 0x00000002df000000 O/14    Relocatable
 Small   0x00000002e3800000 0x00000002e3a00000 0x00000002e3a00000 O/15    Relocatable
 Small   0x00000002e8c00000 0x00000002e8dff960 0x00000002e8e00000 O/14    Relocatable
 Small   0x00000002edc00000 0x00000002eddfff10 0x00000002ede00000 O/12    Relocatable
 Small   0x00000002ede00000 0x00000002edffff10 0x00000002ee000000 O/9     Relocatable
 Small   0x00000002f0000000 0x00000002f0200000 0x00000002f0200000 Y/108   Allocating 
 Small   0x00000002f0400000 0x00000002f05ffff0 0x00000002f0600000 O/14    Relocatable
 Small   0x00000002f2200000 0x00000002f23ffc18 0x00000002f2400000 O/14    Relocatable
 Small   0x00000002f3e00000 0x00000002f3fffb80 0x00000002f4000000 O/19    Relocatable
 Small   0x00000002f5200000 0x00000002f53ff878 0x00000002f5400000 O/19    Relocatable
 Small   0x00000002f5e00000 0x00000002f5ffffc0 0x00000002f6000000 O/15    Relocatable
 Small   0x00000002f6a00000 0x00000002f6bfffd8 0x00000002f6c00000 O/20    Relocatable
 Small   0x00000002f8200000 0x00000002f83ff988 0x00000002f8400000 O/14    Relocatable
 Small   0x00000002f8a00000 0x00000002f8bfffe0 0x00000002f8c00000 O/22    Allocating 
 Small   0x00000002f9200000 0x00000002f93ffa00 0x00000002f9400000 O/14    Relocatable
 Small   0x00000002fda00000 0x00000002fdbfffe0 0x00000002fdc00000 O/20    Relocatable
 Small   0x00000002ffa00000 0x00000002ffc00000 0x00000002ffc00000 Y/108   Allocating 
 Small   0x0000000304600000 0x00000003047ffa40 0x0000000304800000 O/20    Relocatable
 Small   0x0000000305400000 0x00000003055fff38 0x0000000305600000 O/14    Relocatable
 Small   0x0000000308000000 0x0000000308200000 0x0000000308200000 O/9     Relocatable
 Small   0x0000000309200000 0x00000003093fffd0 0x0000000309400000 O/10    Relocatable
 Small   0x000000030a800000 0x000000030a9ffff0 0x000000030aa00000 O/9     Relocatable
 Small   0x000000030b200000 0x000000030b3fffc0 0x000000030b400000 O/9     Relocatable
 Small   0x000000030d600000 0x000000030d7ffff0 0x000000030d800000 O/9     Relocatable
 Small   0x000000030fa00000 0x000000030fbfffb8 0x000000030fc00000 O/9     Relocatable
 Small   0x0000000310000000 0x0000000310200000 0x0000000310200000 O/12    Relocatable
 Small   0x0000000310e00000 0x0000000310fffff0 0x0000000311000000 O/14    Relocatable
 Small   0x0000000313400000 0x00000003135ffff8 0x0000000313600000 O/9     Relocatable
 Small   0x0000000313e00000 0x0000000314000000 0x0000000314000000 O/9     Relocatable
 Small   0x0000000318800000 0x00000003189fffb0 0x0000000318a00000 O/22    Allocating 
 Small   0x0000000319e00000 0x0000000319fffc40 0x000000031a000000 O/14    Relocatable
 Small   0x000000031e400000 0x000000031e5fcf08 0x000000031e600000 O/14    Relocatable
 Small   0x000000031f400000 0x000000031f5ff9b0 0x000000031f600000 O/14    Relocatable
 Small   0x0000000320600000 0x00000003207fffe8 0x0000000320800000 O/10    Relocatable
 Small   0x0000000321000000 0x00000003211ffff8 0x0000000321200000 O/22    Allocating 
 Small   0x0000000321e00000 0x0000000321fff878 0x0000000322000000 O/16    Relocatable
 Small   0x0000000322400000 0x00000003225fffb0 0x0000000322600000 O/14    Relocatable
 Small   0x0000000324200000 0x00000003243ffb50 0x0000000324400000 O/14    Relocatable
 Small   0x0000000324e00000 0x0000000324fffff8 0x0000000325000000 O/9     Relocatable
 Small   0x0000000325600000 0x0000000325800000 0x0000000325800000 Y/108   Allocating 
 Small   0x0000000325a00000 0x0000000325c00000 0x0000000325c00000 Y/108   Allocating 
 Small   0x0000000325c00000 0x0000000325dffff0 0x0000000325e00000 O/16    Relocatable
 Small   0x0000000326000000 0x0000000326077140 0x0000000326200000 Y/108   Allocating 
 Small   0x000000032b800000 0x000000032b9ffff0 0x000000032ba00000 O/15    Relocatable
 Small   0x000000032f800000 0x000000032f9fffe0 0x000000032fa00000 O/14    Relocatable
 Small   0x0000000330400000 0x00000003305fffe0 0x0000000330600000 O/14    Relocatable
 Small   0x0000000332e00000 0x0000000333000000 0x0000000333000000 O/9     Relocatable
 Small   0x0000000334000000 0x00000003341ffff0 0x0000000334200000 O/14    Relocatable
 Small   0x0000000334a00000 0x0000000334c00000 0x0000000334c00000 O/20    Relocatable
 Small   0x0000000335a00000 0x0000000335bffff0 0x0000000335c00000 O/22    Allocating 
 Small   0x0000000336600000 0x00000003367fffe0 0x0000000336800000 O/9     Relocatable
 Small   0x0000000339400000 0x00000003395ffb50 0x0000000339600000 O/14    Relocatable
 Small   0x000000033a400000 0x000000033a5ffff0 0x000000033a600000 O/22    Allocating 
 Small   0x000000033c200000 0x000000033c400000 0x000000033c400000 O/22    Allocating 
 Small   0x000000033f800000 0x000000033fa00000 0x000000033fa00000 Y/108   Allocating 
 Small   0x0000000340a00000 0x0000000340bffab8 0x0000000340c00000 O/22    Allocating 
 Small   0x0000000349000000 0x00000003491ffff0 0x0000000349200000 O/9     Relocatable
 Small   0x0000000349a00000 0x0000000349bffd88 0x0000000349c00000 O/14    Relocatable
 Small   0x000000034ae00000 0x000000034afff948 0x000000034b000000 O/14    Relocatable
 Small   0x000000034c200000 0x000000034c3ffa90 0x000000034c400000 O/14    Relocatable
 Small   0x000000034ce00000 0x000000034cffffe0 0x000000034d000000 O/14    Relocatable
 Small   0x000000034e200000 0x000000034e3ffa00 0x000000034e400000 O/14    Relocatable
 Small   0x0000000350800000 0x00000003509fffd8 0x0000000350a00000 O/15    Relocatable
 Small   0x0000000352a00000 0x0000000352bfffe8 0x0000000352c00000 O/22    Allocating 
 Small   0x0000000355800000 0x00000003559ffff8 0x0000000355a00000 O/14    Relocatable
 Small   0x0000000355c00000 0x0000000355e00000 0x0000000355e00000 Y/108   Allocating 
 Small   0x0000000358e00000 0x0000000358fffff8 0x0000000359000000 O/15    Relocatable
 Small   0x000000035ac00000 0x000000035adffd18 0x000000035ae00000 O/14    Relocatable
 Small   0x000000035ea00000 0x000000035ebfff18 0x000000035ec00000 O/14    Relocatable
 Small   0x0000000362600000 0x00000003627ffff8 0x0000000362800000 O/14    Relocatable
 Small   0x000000036c600000 0x000000036c7fffd8 0x000000036c800000 O/22    Allocating 
 Small   0x000000036e200000 0x000000036e3ffdb8 0x000000036e400000 O/14    Relocatable
 Small   0x000000036e600000 0x000000036e7ffff0 0x000000036e800000 O/14    Relocatable
 Small   0x000000036f200000 0x000000036f3fff40 0x000000036f400000 O/20    Relocatable
 Small   0x000000036f400000 0x000000036f5fffc8 0x000000036f600000 O/9     Relocatable
 Small   0x0000000370000000 0x00000003701fffc0 0x0000000370200000 Y/108   Allocating 
 Small   0x0000000372200000 0x00000003723fffd8 0x0000000372400000 Y/108   Allocating 
 Small   0x0000000372800000 0x00000003729fff80 0x0000000372a00000 O/18    Relocatable
 Small   0x0000000373200000 0x00000003733ffff8 0x0000000373400000 O/9     Relocatable
 Small   0x0000000373800000 0x00000003739fffe8 0x0000000373a00000 O/14    Relocatable
 Small   0x0000000374000000 0x00000003741ffff8 0x0000000374200000 O/9     Relocatable
 Small   0x0000000374600000 0x00000003747fffe0 0x0000000374800000 O/9     Relocatable
 Small   0x0000000376400000 0x00000003765febc0 0x0000000376600000 O/12    Relocatable
 Small   0x0000000376a00000 0x0000000376c00000 0x0000000376c00000 Y/108   Allocating 
 Small   0x0000000376c00000 0x0000000376dffea0 0x0000000376e00000 O/19    Relocatable
 Small   0x0000000377000000 0x0000000377200000 0x0000000377200000 Y/108   Allocating 
 Small   0x0000000377800000 0x0000000377a00000 0x0000000377a00000 Y/108   Allocating 
 Small   0x0000000379000000 0x0000000379200000 0x0000000379200000 Y/108   Allocating 
 Small   0x0000000379800000 0x0000000379a00000 0x0000000379a00000 O/10    Relocatable
 Small   0x000000037a600000 0x000000037a7fffe0 0x000000037a800000 O/9     Relocatable
 Small   0x000000037aa00000 0x000000037abffae8 0x000000037ac00000 O/16    Relocatable
 Small   0x000000037c000000 0x000000037c200000 0x000000037c200000 Y/108   Allocating 
 Small   0x000000037ca00000 0x000000037cbfffd0 0x000000037cc00000 Y/108   Allocating 
 Small   0x000000037d000000 0x000000037d200000 0x000000037d200000 Y/108   Allocating 
 Small   0x000000037d200000 0x000000037d3ff948 0x000000037d400000 O/20    Relocatable
 Small   0x000000037e400000 0x000000037e5fffd0 0x000000037e600000 O/14    Relocatable
 Small   0x000000037f000000 0x000000037f200000 0x000000037f200000 Y/108   Allocating 
 Small   0x000000037f800000 0x000000037f9ffc30 0x000000037fa00000 O/9     Relocatable
 Small   0x0000000380200000 0x00000003803fff90 0x0000000380400000 O/14    Relocatable
 Small   0x0000000380800000 0x00000003809fffb8 0x0000000380a00000 O/15    Relocatable
 Small   0x0000000383c00000 0x0000000383dfffb8 0x0000000383e00000 O/9     Relocatable
 Small   0x0000000385400000 0x00000003855fffd0 0x0000000385600000 O/19    Relocatable
 Small   0x0000000387800000 0x00000003879fffa0 0x0000000387a00000 O/15    Relocatable
 Small   0x0000000389200000 0x00000003893ffff0 0x0000000389400000 O/15    Relocatable
 Small   0x000000038e400000 0x000000038e5ffd28 0x000000038e600000 O/14    Relocatable
 Small   0x000000038e600000 0x000000038e600d48 0x000000038e800000 O/22    Allocating 
 Small   0x000000038fc00000 0x000000038fe00000 0x000000038fe00000 Y/108   Allocating 
 Small   0x0000000391600000 0x00000003917fff70 0x0000000391800000 O/22    Allocating 
 Small   0x0000000392a00000 0x0000000392c00000 0x0000000392c00000 Y/108   Allocating 
 Small   0x0000000394c00000 0x0000000394dffff8 0x0000000394e00000 O/14    Relocatable
 Small   0x0000000395c00000 0x0000000395dff910 0x0000000395e00000 O/9     Relocatable
 Small   0x0000000397800000 0x00000003979fffe8 0x0000000397a00000 O/16    Relocatable
 Small   0x0000000398c00000 0x0000000398dfff70 0x0000000398e00000 O/15    Relocatable
 Small   0x00000003a3600000 0x00000003a3800000 0x00000003a3800000 O/15    Relocatable
 Small   0x00000003a3e00000 0x00000003a3fffff0 0x00000003a4000000 O/16    Relocatable
 Small   0x00000003a5c00000 0x00000003a5dfff38 0x00000003a5e00000 O/19    Relocatable
 Small   0x00000003a7400000 0x00000003a75ffff0 0x00000003a7600000 O/15    Relocatable
 Small   0x00000003a7800000 0x00000003a79ffff0 0x00000003a7a00000 O/22    Allocating 
 Small   0x00000003a8000000 0x00000003a8200000 0x00000003a8200000 O/22    Allocating 
 Small   0x00000003a9800000 0x00000003a9a00000 0x00000003a9a00000 O/22    Allocating 
 Small   0x00000003ac800000 0x00000003ac9fe510 0x00000003aca00000 O/19    Relocatable
 Small   0x00000003acc00000 0x00000003acdffff8 0x00000003ace00000 O/16    Relocatable
 Small   0x00000003b0000000 0x00000003b0200000 0x00000003b0200000 Y/108   Allocating 
 Small   0x00000003b1c00000 0x00000003b1dfff40 0x00000003b1e00000 O/22    Allocating 
 Small   0x00000003b4400000 0x00000003b45fffc8 0x00000003b4600000 O/15    Relocatable
 Small   0x00000003b7e00000 0x00000003b7fffff0 0x00000003b8000000 O/12    Relocatable
 Small   0x00000003b8000000 0x00000003b81ffff8 0x00000003b8200000 O/14    Relocatable
 Small   0x00000003b8200000 0x00000003b83ffff8 0x00000003b8400000 O/9     Relocatable
 Small   0x00000003b8a00000 0x00000003b8c00000 0x00000003b8c00000 O/15    Relocatable
 Small   0x00000003bc400000 0x00000003bc5ffff0 0x00000003bc600000 O/9     Relocatable
 Small   0x00000003bdc00000 0x00000003bddffff8 0x00000003bde00000 O/9     Relocatable
 Small   0x00000003bfe00000 0x00000003c0000000 0x00000003c0000000 O/15    Relocatable
 Small   0x00000003c0000000 0x00000003c01ffff0 0x00000003c0200000 O/9     Relocatable
 Small   0x00000003c0a00000 0x00000003c0c00000 0x00000003c0c00000 O/19    Relocatable
 Small   0x00000003c3400000 0x00000003c35ffe70 0x00000003c3600000 O/9     Relocatable
 Small   0x00000003c3c00000 0x00000003c3dffe90 0x00000003c3e00000 O/15    Relocatable
 Small   0x00000003c4000000 0x00000003c41ffff8 0x00000003c4200000 O/14    Relocatable
 Small   0x00000003c5000000 0x00000003c51ffff0 0x00000003c5200000 O/9     Relocatable
 Small   0x00000003c6200000 0x00000003c63fffe0 0x00000003c6400000 O/22    Allocating 
 Small   0x00000003c9200000 0x00000003c9400000 0x00000003c9400000 O/22    Allocating 
 Small   0x00000003c9600000 0x00000003c97fffd8 0x00000003c9800000 O/9     Relocatable
 Small   0x00000003ca600000 0x00000003ca7ffbc0 0x00000003ca800000 O/14    Relocatable
 Small   0x00000003cb800000 0x00000003cb9ffa50 0x00000003cba00000 O/15    Relocatable
 Small   0x00000003cc600000 0x00000003cc7fffd8 0x00000003cc800000 O/22    Allocating 
 Small   0x00000003cce00000 0x00000003ccffffc8 0x00000003cd000000 O/9     Relocatable
 Small   0x00000003cde00000 0x00000003cdffff50 0x00000003ce000000 O/22    Allocating 
 Small   0x00000003ce200000 0x00000003ce3ffff0 0x00000003ce400000 O/9     Relocatable
 Small   0x00000003ce400000 0x00000003ce5fffd8 0x00000003ce600000 O/19    Relocatable
 Small   0x00000003d0000000 0x00000003d01ffff0 0x00000003d0200000 O/9     Relocatable
 Small   0x00000003d0400000 0x00000003d05ffbb8 0x00000003d0600000 O/20    Relocatable
 Small   0x00000003d1200000 0x00000003d1400000 0x00000003d1400000 O/22    Allocating 
 Small   0x00000003d2200000 0x00000003d23fffa0 0x00000003d2400000 O/16    Relocatable
 Small   0x00000003d2800000 0x00000003d29fffe8 0x00000003d2a00000 O/9     Relocatable
 Small   0x00000003d4200000 0x00000003d43fffe8 0x00000003d4400000 O/9     Relocatable
 Small   0x00000003d4c00000 0x00000003d4dfff60 0x00000003d4e00000 O/9     Relocatable
 Small   0x00000003d5200000 0x00000003d53fffc8 0x00000003d5400000 O/15    Relocatable
 Small   0x00000003d5c00000 0x00000003d5dffff8 0x00000003d5e00000 O/9     Relocatable
 Small   0x00000003d6800000 0x00000003d69fffb0 0x00000003d6a00000 O/10    Relocatable
 Small   0x00000003d7000000 0x00000003d71fffe0 0x00000003d7200000 O/9     Relocatable
 Small   0x00000003d7c00000 0x00000003d7e00000 0x00000003d7e00000 O/16    Relocatable
 Small   0x00000003d8800000 0x00000003d89fff08 0x00000003d8a00000 O/15    Relocatable
 Small   0x00000003d8e00000 0x00000003d8fffff0 0x00000003d9000000 O/16    Relocatable
 Small   0x00000003d9000000 0x00000003d9200000 0x00000003d9200000 O/9     Relocatable
 Small   0x00000003d9800000 0x00000003d99fd638 0x00000003d9a00000 O/9     Relocatable
 Small   0x00000003db400000 0x00000003db5fff78 0x00000003db600000 O/14    Relocatable
 Small   0x00000003db600000 0x00000003db7ffd70 0x00000003db800000 O/22    Allocating 
 Small   0x00000003dba00000 0x00000003dbc00000 0x00000003dbc00000 Y/108   Allocating 
 Small   0x00000003dc400000 0x00000003dc600000 0x00000003dc600000 O/9     Relocatable
 Small   0x00000003dcc00000 0x00000003dce00000 0x00000003dce00000 O/9     Relocatable
 Small   0x00000003dd000000 0x00000003dd200000 0x00000003dd200000 O/9     Relocatable
 Small   0x00000003de400000 0x00000003de600000 0x00000003de600000 Y/108   Allocating 
 Small   0x00000003df000000 0x00000003df200000 0x00000003df200000 Y/108   Allocating 
 Small   0x00000003df600000 0x00000003df800000 0x00000003df800000 Y/108   Allocating 
 Small   0x00000003e0000000 0x00000003e01ffff0 0x00000003e0200000 O/14    Relocatable
 Small   0x00000003e1200000 0x00000003e1400000 0x00000003e1400000 Y/108   Allocating 
 Small   0x00000003e1600000 0x00000003e17ffff8 0x00000003e1800000 O/22    Allocating 
 Small   0x00000003e1a00000 0x00000003e1bff770 0x00000003e1c00000 O/14    Relocatable
 Small   0x00000003e2600000 0x00000003e27fffa0 0x00000003e2800000 O/22    Allocating 
 Small   0x00000003e3c00000 0x00000003e3dfff88 0x00000003e3e00000 O/9     Relocatable
 Small   0x00000003e4000000 0x00000003e41ffff0 0x00000003e4200000 O/9     Relocatable
 Small   0x00000003e4200000 0x00000003e43fffb8 0x00000003e4400000 O/15    Relocatable
 Small   0x00000003e4600000 0x00000003e47fffe8 0x00000003e4800000 O/14    Relocatable
 Small   0x00000003e5e00000 0x00000003e5fffff8 0x00000003e6000000 O/9     Relocatable
 Small   0x00000003e6200000 0x00000003e6400000 0x00000003e6400000 Y/108   Allocating 
 Small   0x00000003e6600000 0x00000003e67ffff8 0x00000003e6800000 O/10    Relocatable
 Small   0x00000003e6e00000 0x00000003e6fffff8 0x00000003e7000000 O/9     Relocatable
 Small   0x00000003e7600000 0x00000003e7800000 0x00000003e7800000 O/10    Relocatable
 Small   0x00000003e8000000 0x00000003e81ff108 0x00000003e8200000 O/14    Relocatable
 Small   0x00000003e8600000 0x00000003e87fffc8 0x00000003e8800000 O/9     Relocatable
 Small   0x00000003e9000000 0x00000003e91fffe8 0x00000003e9200000 O/16    Relocatable
 Small   0x00000003e9200000 0x00000003e93ffff8 0x00000003e9400000 O/9     Relocatable
 Small   0x00000003e9e00000 0x00000003e9ffffe8 0x00000003ea000000 O/9     Relocatable
 Small   0x00000003eb800000 0x00000003eba00000 0x00000003eba00000 O/15    Relocatable
 Small   0x00000003ec200000 0x00000003ec3ffff8 0x00000003ec400000 O/9     Relocatable
 Small   0x00000003ed000000 0x00000003ed1fffe0 0x00000003ed200000 O/9     Relocatable
 Small   0x00000003ee400000 0x00000003ee5fffb8 0x00000003ee600000 O/10    Relocatable
 Small   0x00000003f0000000 0x00000003f01fff78 0x00000003f0200000 O/10    Relocatable
 Small   0x00000003f0600000 0x00000003f0800000 0x00000003f0800000 O/9     Relocatable
 Small   0x00000003f1000000 0x00000003f11ff8e8 0x00000003f1200000 O/14    Relocatable
 Small   0x00000003f3600000 0x00000003f37ffe68 0x00000003f3800000 O/15    Relocatable
 Small   0x00000003f4c00000 0x00000003f4dfff90 0x00000003f4e00000 O/22    Allocating 
 Small   0x00000003f4e00000 0x00000003f5000000 0x00000003f5000000 O/9     Relocatable
 Small   0x00000003f7200000 0x00000003f73fff78 0x00000003f7400000 O/9     Relocatable
 Small   0x00000003f7c00000 0x00000003f7e00000 0x00000003f7e00000 O/10    Relocatable
 Small   0x00000003f8400000 0x00000003f85ffd78 0x00000003f8600000 O/12    Relocatable
 Small   0x00000003fac00000 0x00000003fae00000 0x00000003fae00000 O/9     Relocatable
 Small   0x00000003fb400000 0x00000003fb5ffff8 0x00000003fb600000 O/14    Relocatable
 Small   0x00000003fb600000 0x00000003fb7ffff0 0x00000003fb800000 O/15    Relocatable
 Small   0x00000003fb800000 0x00000003fb9fffc0 0x00000003fba00000 O/20    Relocatable
 Small   0x00000003fd200000 0x00000003fd3fffb8 0x00000003fd400000 O/9     Relocatable
 Small   0x00000003fd400000 0x00000003fd5fffc8 0x00000003fd600000 O/9     Relocatable
 Small   0x00000003fe400000 0x00000003fe5fffe0 0x00000003fe600000 O/9     Relocatable
 Small   0x0000000400000000 0x00000004001fffe8 0x0000000400200000 O/9     Relocatable
 Small   0x0000000400600000 0x00000004007e8ab0 0x0000000400800000 O/12    Relocatable
 Small   0x0000000401a00000 0x0000000401c00000 0x0000000401c00000 O/9     Relocatable
 Small   0x0000000402000000 0x00000004021ffff0 0x0000000402200000 O/9     Relocatable
 Small   0x0000000402600000 0x00000004027fffe0 0x0000000402800000 O/22    Allocating 
 Small   0x0000000402c00000 0x0000000402dfffd0 0x0000000402e00000 O/22    Allocating 
 Small   0x0000000405200000 0x00000004053ffff8 0x0000000405400000 O/9     Relocatable
 Small   0x0000000405e00000 0x0000000405ffffe8 0x0000000406000000 O/9     Relocatable
 Small   0x0000000406e00000 0x0000000406fffff0 0x0000000407000000 O/9     Relocatable
 Small   0x0000000407000000 0x00000004071fde08 0x0000000407200000 O/22    Allocating 
 Small   0x0000000407400000 0x0000000407600000 0x0000000407600000 O/9     Relocatable
 Small   0x0000000407600000 0x00000004077fffd0 0x0000000407800000 O/16    Relocatable
 Small   0x0000000409200000 0x0000000409400000 0x0000000409400000 O/16    Relocatable
 Small   0x0000000409a00000 0x0000000409bfffe0 0x0000000409c00000 O/22    Allocating 
 Small   0x000000040a800000 0x000000040a9ffff0 0x000000040aa00000 O/22    Allocating 
 Small   0x000000040b400000 0x000000040b56e450 0x000000040b600000 O/22    Allocating 
 Small   0x000000040ba00000 0x000000040bbfffe0 0x000000040bc00000 O/9     Relocatable
 Small   0x000000040de00000 0x000000040dffff98 0x000000040e000000 O/9     Relocatable
 Small   0x000000040e000000 0x000000040e1ffff0 0x000000040e200000 O/9     Relocatable
 Small   0x000000040ea00000 0x000000040ebffff8 0x000000040ec00000 O/9     Relocatable
 Small   0x0000000412400000 0x00000004125fffc8 0x0000000412600000 O/9     Relocatable
 Small   0x0000000414600000 0x00000004147fff88 0x0000000414800000 O/14    Relocatable
 Small   0x0000000414a00000 0x0000000414c00000 0x0000000414c00000 O/9     Relocatable
 Small   0x0000000416e00000 0x0000000416ffffa8 0x0000000417000000 O/9     Relocatable
 Small   0x000000041a000000 0x000000041a200000 0x000000041a200000 O/9     Relocatable
 Small   0x000000041a800000 0x000000041a9ffff8 0x000000041aa00000 O/22    Allocating 
 Small   0x000000041aa00000 0x000000041abffff8 0x000000041ac00000 O/9     Relocatable
 Small   0x000000041c000000 0x000000041c1ffff8 0x000000041c200000 O/9     Relocatable
 Small   0x000000041c200000 0x000000041c3ffff0 0x000000041c400000 O/14    Relocatable
 Small   0x000000041d200000 0x000000041d3ffff8 0x000000041d400000 O/9     Relocatable
 Small   0x000000041e000000 0x000000041e200000 0x000000041e200000 Y/108   Allocating 
 Small   0x000000041e400000 0x000000041e600000 0x000000041e600000 Y/108   Allocating 
 Small   0x000000041e600000 0x000000041e800000 0x000000041e800000 Y/108   Allocating 
 Small   0x000000041f000000 0x000000041f1ffff8 0x000000041f200000 O/9     Relocatable
 Small   0x0000000420e00000 0x0000000420fffff0 0x0000000421000000 O/9     Relocatable
 Small   0x0000000421800000 0x0000000421a00000 0x0000000421a00000 O/9     Relocatable
 Small   0x0000000421e00000 0x0000000421fffff8 0x0000000422000000 O/9     Relocatable
 Small   0x0000000422e00000 0x0000000422fffff8 0x0000000423000000 O/9     Relocatable
 Small   0x0000000424600000 0x0000000424800000 0x0000000424800000 O/9     Relocatable
 Small   0x0000000425400000 0x00000004255fffe8 0x0000000425600000 O/9     Relocatable
 Small   0x0000000428000000 0x00000004281fff78 0x0000000428200000 O/9     Relocatable
 Small   0x0000000428a00000 0x0000000428bfff20 0x0000000428c00000 O/9     Relocatable
 Small   0x0000000429800000 0x00000004299fffe8 0x0000000429a00000 O/9     Relocatable
 Small   0x000000042a400000 0x000000042a5ffff8 0x000000042a600000 O/9     Relocatable
 Small   0x000000042bc00000 0x000000042be00000 0x000000042be00000 O/9     Relocatable
 Small   0x000000042be00000 0x000000042bfffff0 0x000000042c000000 O/9     Relocatable
 Small   0x000000042ca00000 0x000000042cbfffe8 0x000000042cc00000 O/9     Relocatable
 Small   0x000000042dc00000 0x000000042ddfffe0 0x000000042de00000 O/9     Relocatable
 Small   0x0000000431000000 0x00000004311fffd0 0x0000000431200000 O/9     Relocatable
 Small   0x0000000431200000 0x00000004313ffff8 0x0000000431400000 O/9     Relocatable
 Small   0x0000000433200000 0x00000004333fffc8 0x0000000433400000 O/14    Relocatable
 Small   0x0000000433a00000 0x0000000433bff0d0 0x0000000433c00000 O/22    Allocating 
 Small   0x0000000434200000 0x0000000434400000 0x0000000434400000 O/9     Relocatable
 Small   0x0000000434600000 0x00000004347fffd0 0x0000000434800000 O/9     Relocatable
 Small   0x0000000438400000 0x0000000438600000 0x0000000438600000 O/9     Relocatable
 Small   0x0000000438600000 0x00000004387fff90 0x0000000438800000 O/9     Relocatable
 Small   0x0000000439e00000 0x0000000439fffff0 0x000000043a000000 O/9     Relocatable
 Small   0x000000043ae00000 0x000000043afffff8 0x000000043b000000 O/9     Relocatable
 Small   0x000000043bc00000 0x000000043bdffff8 0x000000043be00000 O/12    Relocatable
 Small   0x000000043c000000 0x000000043c1fffe8 0x000000043c200000 O/9     Relocatable
 Small   0x000000043f200000 0x000000043f400000 0x000000043f400000 O/9     Relocatable
 Small   0x000000043fa00000 0x000000043fc00000 0x000000043fc00000 O/9     Relocatable
 Small   0x0000000442000000 0x00000004421fffe0 0x0000000442200000 O/22    Allocating 
 Small   0x0000000442a00000 0x0000000442bfffa0 0x0000000442c00000 Y/108   Allocating 
 Small   0x0000000442c00000 0x0000000442dfffe8 0x0000000442e00000 O/9     Relocatable
 Small   0x0000000443000000 0x00000004431fffe0 0x0000000443200000 O/22    Allocating 
 Small   0x0000000443a00000 0x0000000443bffff8 0x0000000443c00000 O/9     Relocatable
 Small   0x0000000444600000 0x00000004447fff90 0x0000000444800000 O/9     Relocatable
 Small   0x0000000444800000 0x0000000444a00000 0x0000000444a00000 O/9     Relocatable
 Small   0x0000000444e00000 0x0000000444ffffc8 0x0000000445000000 O/16    Relocatable
 Small   0x0000000446800000 0x0000000446a00000 0x0000000446a00000 O/22    Allocating 
 Small   0x0000000447400000 0x00000004475fffd8 0x0000000447600000 O/9     Relocatable
 Small   0x0000000449200000 0x00000004493fffe8 0x0000000449400000 O/9     Relocatable
 Small   0x000000044a600000 0x000000044a800000 0x000000044a800000 Y/108   Allocating 
 Small   0x000000044b200000 0x000000044b3fffe8 0x000000044b400000 O/9     Relocatable
 Small   0x000000044b800000 0x000000044ba00000 0x000000044ba00000 O/9     Relocatable
 Small   0x000000044c800000 0x000000044ca00000 0x000000044ca00000 Y/108   Allocating 
 Small   0x000000044d800000 0x000000044d9ffff8 0x000000044da00000 O/9     Relocatable
 Small   0x000000044e400000 0x000000044e5fffe8 0x000000044e600000 O/9     Relocatable
 Small   0x000000044ee00000 0x000000044effff60 0x000000044f000000 O/16    Relocatable
 Small   0x0000000451a00000 0x0000000451bffff0 0x0000000451c00000 O/9     Relocatable
 Small   0x0000000452600000 0x0000000452800000 0x0000000452800000 O/9     Relocatable
 Small   0x0000000453e00000 0x0000000453fffff8 0x0000000454000000 O/9     Relocatable
 Small   0x0000000454800000 0x0000000454a00000 0x0000000454a00000 O/20    Relocatable
 Small   0x0000000454a00000 0x0000000454bffff8 0x0000000454c00000 O/9     Relocatable
 Small   0x0000000455e00000 0x0000000455ffffd0 0x0000000456000000 O/9     Relocatable
 Small   0x0000000456e00000 0x0000000457000000 0x0000000457000000 O/9     Relocatable
 Small   0x0000000458000000 0x00000004581fffe8 0x0000000458200000 O/14    Relocatable
 Small   0x0000000459000000 0x00000004591fffc8 0x0000000459200000 O/9     Relocatable
 Small   0x000000045b200000 0x000000045b3fbee8 0x000000045b400000 O/22    Allocating 
 Small   0x000000045b600000 0x000000045b7fffd0 0x000000045b800000 O/22    Allocating 
 Small   0x000000045bc00000 0x000000045bdfff88 0x000000045be00000 O/9     Relocatable
 Small   0x000000045d400000 0x000000045d5ffff8 0x000000045d600000 O/9     Relocatable
 Small   0x000000045d600000 0x000000045d7fffc8 0x000000045d800000 O/9     Relocatable
 Small   0x000000045e000000 0x000000045e1fffe8 0x000000045e200000 O/9     Relocatable
 Small   0x000000045f000000 0x000000045f1fffe0 0x000000045f200000 O/22    Allocating 
 Small   0x000000045f600000 0x000000045f7fffe8 0x000000045f800000 O/9     Relocatable
 Small   0x000000045fc00000 0x000000045fe00000 0x000000045fe00000 O/9     Relocatable
 Small   0x0000000460800000 0x00000004609fffe8 0x0000000460a00000 O/9     Relocatable
 Small   0x0000000463600000 0x00000004637ffff0 0x0000000463800000 Y/108   Allocating 
 Small   0x0000000464200000 0x00000004643ffff8 0x0000000464400000 O/9     Relocatable
 Small   0x0000000464400000 0x00000004645fffd8 0x0000000464600000 O/9     Relocatable
 Small   0x0000000465800000 0x0000000465a00000 0x0000000465a00000 O/9     Relocatable
 Small   0x0000000468a00000 0x0000000468bffff8 0x0000000468c00000 O/15    Relocatable
 Small   0x000000046a600000 0x000000046a7fff88 0x000000046a800000 O/9     Relocatable
 Small   0x000000046b000000 0x000000046b1ffef0 0x000000046b200000 O/20    Relocatable
 Small   0x000000046b400000 0x000000046b5ffff0 0x000000046b600000 O/9     Relocatable
 Small   0x000000046c200000 0x000000046c3fff90 0x000000046c400000 O/9     Relocatable
 Small   0x000000046ca00000 0x000000046cbfffb0 0x000000046cc00000 O/9     Relocatable
 Small   0x000000046da00000 0x000000046dbfffe8 0x000000046dc00000 O/9     Relocatable
 Small   0x000000046e000000 0x000000046e1fffe8 0x000000046e200000 O/9     Relocatable
 Small   0x000000046f600000 0x000000046f7fffd8 0x000000046f800000 O/9     Relocatable
 Small   0x0000000472400000 0x00000004725ffff0 0x0000000472600000 O/9     Relocatable
 Small   0x0000000472a00000 0x0000000472c00000 0x0000000472c00000 Y/108   Allocating 
 Small   0x0000000475c00000 0x0000000475dffff0 0x0000000475e00000 O/9     Relocatable
 Small   0x0000000476400000 0x00000004765ffb08 0x0000000476600000 O/20    Relocatable
 Small   0x0000000477e00000 0x0000000477fffff0 0x0000000478000000 O/12    Relocatable
 Small   0x0000000478800000 0x00000004789ffff8 0x0000000478a00000 O/9     Relocatable
 Small   0x000000047b600000 0x000000047b7fffa0 0x000000047b800000 O/22    Allocating 
 Small   0x000000047ba00000 0x000000047bbffff8 0x000000047bc00000 O/9     Relocatable
 Small   0x000000047ca00000 0x000000047cbffff0 0x000000047cc00000 O/14    Relocatable
 Small   0x000000047d800000 0x000000047da00000 0x000000047da00000 O/9     Relocatable
 Small   0x000000047e200000 0x000000047e3ffff0 0x000000047e400000 O/9     Relocatable
 Small   0x0000000481200000 0x00000004813fffc0 0x0000000481400000 O/9     Relocatable
 Small   0x0000000485c00000 0x0000000485dfffe8 0x0000000485e00000 O/9     Relocatable
 Small   0x0000000486e00000 0x0000000486ffffe0 0x0000000487000000 O/9     Relocatable
 Small   0x0000000487200000 0x00000004873ffff8 0x0000000487400000 O/9     Relocatable
 Small   0x0000000487400000 0x00000004875fffd0 0x0000000487600000 O/9     Relocatable
 Small   0x0000000489c00000 0x0000000489dffff8 0x0000000489e00000 O/22    Allocating 
 Small   0x0000000489e00000 0x0000000489fffff8 0x000000048a000000 O/9     Relocatable
 Small   0x000000048a200000 0x000000048a3ffff8 0x000000048a400000 O/14    Relocatable
 Small   0x000000048aa00000 0x000000048abffff8 0x000000048ac00000 O/9     Relocatable
 Small   0x000000048ac00000 0x000000048ae00000 0x000000048ae00000 O/9     Relocatable
 Small   0x000000048b200000 0x000000048b400000 0x000000048b400000 O/9     Relocatable
 Small   0x000000048b600000 0x000000048b7fffe8 0x000000048b800000 O/9     Relocatable
 Small   0x000000048ba00000 0x000000048bbffff0 0x000000048bc00000 Y/108   Allocating 
 Small   0x000000048bc00000 0x000000048be00000 0x000000048be00000 O/9     Relocatable
 Small   0x000000048d600000 0x000000048d800000 0x000000048d800000 O/16    Relocatable
 Small   0x0000000491000000 0x00000004911fffe0 0x0000000491200000 Y/108   Allocating 
 Small   0x0000000492600000 0x0000000492800000 0x0000000492800000 Y/108   Allocating 
 Small   0x0000000494200000 0x00000004943fffc8 0x0000000494400000 O/22    Allocating 
 Small   0x0000000495600000 0x0000000495800000 0x0000000495800000 Y/108   Allocating 
 Small   0x0000000496600000 0x0000000496800000 0x0000000496800000 Y/108   Allocating 
 Small   0x0000000496e00000 0x0000000496ffffa8 0x0000000497000000 O/9     Relocatable
 Small   0x000000049aa00000 0x000000049ac00000 0x000000049ac00000 O/16    Relocatable
 Small   0x000000049be00000 0x000000049bfffff0 0x000000049c000000 O/22    Allocating 
 Small   0x000000049d600000 0x000000049d7fffd0 0x000000049d800000 O/14    Relocatable
 Small   0x000000049f800000 0x000000049fa00000 0x000000049fa00000 Y/108   Allocating 
 Small   0x000000049fa00000 0x000000049fc00000 0x000000049fc00000 O/14    Relocatable
 Small   0x00000004a5400000 0x00000004a55fffe0 0x00000004a5600000 O/22    Allocating 
 Small   0x00000004ab000000 0x00000004ab1fffe8 0x00000004ab200000 O/14    Relocatable
 Small   0x00000004ab600000 0x00000004ab800000 0x00000004ab800000 Y/108   Allocating 
 Small   0x00000004ac800000 0x00000004aca00000 0x00000004aca00000 Y/108   Allocating 
 Small   0x00000004acc00000 0x00000004ace00000 0x00000004ace00000 Y/108   Allocating 
 Small   0x00000004ad600000 0x00000004ad7ffff0 0x00000004ad800000 O/14    Relocatable
 Small   0x00000004af200000 0x00000004af400000 0x00000004af400000 Y/108   Allocating 
 Small   0x00000004b0200000 0x00000004b03fff28 0x00000004b0400000 O/22    Allocating 
 Small   0x00000004b2000000 0x00000004b21ffec0 0x00000004b2200000 O/22    Allocating 
 Small   0x00000004ba600000 0x00000004ba7fffe8 0x00000004ba800000 O/22    Allocating 
 Small   0x00000004bba00000 0x00000004bbbfffe0 0x00000004bbc00000 O/22    Allocating 
 Small   0x00000004bc400000 0x00000004bc5ffff8 0x00000004bc600000 O/16    Relocatable
 Small   0x00000004be000000 0x00000004be1ffff8 0x00000004be200000 O/16    Relocatable
 Small   0x00000004bf800000 0x00000004bfa00000 0x00000004bfa00000 Y/108   Allocating 
 Small   0x00000004c3a00000 0x00000004c3c00000 0x00000004c3c00000 O/10    Relocatable
 Small   0x00000004c3c00000 0x00000004c3dfffe8 0x00000004c3e00000 O/15    Relocatable
 Small   0x00000004c3e00000 0x00000004c4000000 0x00000004c4000000 O/10    Relocatable
 Small   0x00000004c4800000 0x00000004c49ffff0 0x00000004c4a00000 O/9     Relocatable
 Small   0x00000004c6600000 0x00000004c67fffc8 0x00000004c6800000 O/22    Allocating 
 Small   0x00000004c6800000 0x00000004c69ffff0 0x00000004c6a00000 O/9     Relocatable
 Small   0x00000004c6c00000 0x00000004c6e00000 0x00000004c6e00000 O/15    Relocatable
 Small   0x00000004c8200000 0x00000004c83fffd0 0x00000004c8400000 O/8     Relocatable
 Small   0x00000004c8c00000 0x00000004c8dffff8 0x00000004c8e00000 O/22    Allocating 
 Small   0x00000004c9200000 0x00000004c92c4c08 0x00000004c9400000 Y/108   Allocating 
 Small   0x00000004c9600000 0x00000004c97fffe8 0x00000004c9800000 Y/108   Allocating 
 Small   0x00000004cae00000 0x00000004caffff68 0x00000004cb000000 O/22    Allocating 
 Small   0x00000004cd200000 0x00000004cd3fffd0 0x00000004cd400000 O/22    Allocating 
 Small   0x00000004cf600000 0x00000004cf800000 0x00000004cf800000 O/14    Relocatable
 Small   0x00000004cfe00000 0x00000004cfffffd0 0x00000004d0000000 O/22    Allocating 
 Small   0x00000004d0400000 0x00000004d05fffd0 0x00000004d0600000 O/22    Allocating 
 Small   0x00000004dac00000 0x00000004dadffff8 0x00000004dae00000 O/9     Relocatable
 Small   0x00000004de800000 0x00000004de9fffc8 0x00000004dea00000 O/22    Allocating 
 Small   0x00000004e1400000 0x00000004e1537bb8 0x00000004e1600000 O/22    Allocating 
 Small   0x00000004e3200000 0x00000004e33fffb0 0x00000004e3400000 O/9     Relocatable
 Small   0x00000004e3400000 0x00000004e35fffa8 0x00000004e3600000 O/9     Relocatable
 Small   0x00000004e5200000 0x00000004e53f9c30 0x00000004e5400000 O/16    Relocatable
 Small   0x00000004e5400000 0x00000004e55fff20 0x00000004e5600000 O/16    Relocatable
 Small   0x00000004e5a00000 0x00000004e5bfffd0 0x00000004e5c00000 O/9     Relocatable
 Small   0x00000004e7200000 0x00000004e73fffe8 0x00000004e7400000 O/19    Relocatable
 Small   0x00000004e7600000 0x00000004e7800000 0x00000004e7800000 Y/108   Allocating 
 Small   0x00000004e7a00000 0x00000004e7bfffe0 0x00000004e7c00000 O/9     Relocatable
 Small   0x00000004eec00000 0x00000004eedfff30 0x00000004eee00000 O/9     Relocatable
 Small   0x00000004eee00000 0x00000004eefffff0 0x00000004ef000000 O/12    Relocatable
 Small   0x00000004f5800000 0x00000004f59fffb0 0x00000004f5a00000 O/20    Relocatable
 Small   0x00000004f8a00000 0x00000004f8c00000 0x00000004f8c00000 O/14    Relocatable
 Small   0x00000004fa200000 0x00000004fa3ffff8 0x00000004fa400000 O/22    Allocating 
 Small   0x00000004fb200000 0x00000004fb3ffff0 0x00000004fb400000 Y/108   Allocating 
 Small   0x00000004ff800000 0x00000004ff9fffe0 0x00000004ffa00000 O/22    Allocating 
 Small   0x0000000502e00000 0x0000000502ffffd8 0x0000000503000000 O/22    Allocating 
 Small   0x0000000503600000 0x00000005037ffff0 0x0000000503800000 O/20    Relocatable
 Small   0x0000000507c00000 0x0000000507dfffe8 0x0000000507e00000 Y/108   Allocating 
 Small   0x0000000508e00000 0x0000000508ffffe8 0x0000000509000000 O/9     Relocatable
 Small   0x0000000509a00000 0x0000000509c00000 0x0000000509c00000 O/22    Allocating 
 Small   0x000000050b400000 0x000000050b5fffe8 0x000000050b600000 O/20    Relocatable
 Small   0x000000050e000000 0x000000050e1fffe0 0x000000050e200000 O/15    Relocatable
 Small   0x000000050f600000 0x000000050f7fffc0 0x000000050f800000 O/16    Relocatable
 Small   0x0000000510000000 0x00000005101b0878 0x0000000510200000 O/14    Relocatable
 Small   0x0000000510200000 0x00000005103fffa0 0x0000000510400000 O/9     Relocatable
 Small   0x0000000512600000 0x00000005127fffe8 0x0000000512800000 O/22    Allocating 
 Small   0x0000000513200000 0x00000005133ffff0 0x0000000513400000 O/12    Relocatable
 Small   0x0000000518200000 0x0000000518400000 0x0000000518400000 O/14    Relocatable
 Small   0x0000000518e00000 0x0000000518ffffe8 0x0000000519000000 O/22    Allocating 
 Small   0x0000000519800000 0x00000005199fffe8 0x0000000519a00000 O/22    Allocating 
 Small   0x0000000519a00000 0x0000000519bfff78 0x0000000519c00000 O/9     Relocatable
 Small   0x000000051dc00000 0x000000051ddffdc8 0x000000051de00000 O/9     Relocatable
 Small   0x0000000520000000 0x00000005201fffc0 0x0000000520200000 O/9     Relocatable
 Small   0x0000000520e00000 0x0000000521000000 0x0000000521000000 Y/108   Allocating 
 Small   0x0000000521200000 0x0000000521400000 0x0000000521400000 Y/108   Allocating 
 Small   0x0000000521800000 0x00000005219fff08 0x0000000521a00000 O/14    Relocatable
 Small   0x0000000525600000 0x00000005257fffe0 0x0000000525800000 O/22    Allocating 
 Small   0x0000000528200000 0x00000005283ffff8 0x0000000528400000 O/14    Relocatable
 Small   0x0000000529a00000 0x0000000529c00000 0x0000000529c00000 Y/108   Allocating 
 Small   0x000000052a200000 0x000000052a3fff88 0x000000052a400000 O/22    Allocating 
 Small   0x000000052b400000 0x000000052b5fffc8 0x000000052b600000 O/22    Allocating 
 Small   0x000000052e600000 0x000000052e800000 0x000000052e800000 O/14    Relocatable
 Small   0x000000052f200000 0x000000052f3fffd0 0x000000052f400000 O/14    Relocatable
 Small   0x000000052f600000 0x000000052f800000 0x000000052f800000 O/20    Relocatable
 Small   0x0000000530000000 0x00000005301ffef0 0x0000000530200000 O/20    Relocatable
 Small   0x0000000530a00000 0x0000000530bfffe8 0x0000000530c00000 O/22    Allocating 
 Small   0x0000000531a00000 0x0000000531bfffb8 0x0000000531c00000 O/14    Relocatable
 Small   0x0000000532800000 0x00000005329fffe8 0x0000000532a00000 O/9     Relocatable
 Small   0x0000000533600000 0x00000005337ffff0 0x0000000533800000 O/9     Relocatable
 Small   0x0000000535c00000 0x0000000535dfff88 0x0000000535e00000 O/14    Relocatable
 Small   0x0000000537800000 0x00000005379ffa10 0x0000000537a00000 O/16    Relocatable
 Small   0x000000053dc00000 0x000000053ddfffd8 0x000000053de00000 O/16    Relocatable
 Small   0x000000053ea00000 0x000000053ec00000 0x000000053ec00000 Y/108   Allocating 
 Small   0x0000000540400000 0x00000005405fffd0 0x0000000540600000 O/9     Relocatable
 Small   0x0000000541000000 0x00000005411ffff8 0x0000000541200000 O/16    Relocatable
 Small   0x0000000542800000 0x00000005429fff88 0x0000000542a00000 O/20    Relocatable
 Small   0x0000000543a00000 0x0000000543bfffc0 0x0000000543c00000 O/14    Relocatable
 Small   0x0000000544e00000 0x0000000544fffff8 0x0000000545000000 O/9     Relocatable
 Small   0x0000000546c00000 0x0000000546dfffd8 0x0000000546e00000 O/16    Relocatable
 Small   0x0000000548000000 0x00000005481fdb38 0x0000000548200000 O/20    Relocatable
 Small   0x0000000548800000 0x00000005489fffe0 0x0000000548a00000 O/9     Relocatable
 Small   0x000000054fa00000 0x000000054fbfffa0 0x000000054fc00000 O/20    Relocatable
 Small   0x000000054fe00000 0x000000054fffff20 0x0000000550000000 O/14    Relocatable
 Small   0x0000000551600000 0x00000005517ffff8 0x0000000551800000 O/9     Relocatable
 Small   0x0000000555600000 0x0000000555800000 0x0000000555800000 O/9     Relocatable
 Small   0x000000055d800000 0x000000055d9ffe38 0x000000055da00000 O/12    Relocatable
 Small   0x0000000568a00000 0x0000000568bffff8 0x0000000568c00000 O/9     Relocatable
 Small   0x0000000569200000 0x00000005693ffec8 0x0000000569400000 O/16    Relocatable
 Small   0x0000000569800000 0x0000000569a00000 0x0000000569a00000 O/10    Relocatable
 Small   0x000000056ea00000 0x000000056ebfffe0 0x000000056ec00000 O/15    Relocatable
 Small   0x000000056f200000 0x000000056f400000 0x000000056f400000 Y/108   Allocating 
 Small   0x0000000570e00000 0x0000000571000000 0x0000000571000000 Y/108   Allocating 
 Small   0x0000000577600000 0x00000005777ffcb8 0x0000000577800000 O/22    Allocating 
 Small   0x0000000584400000 0x0000000584600000 0x0000000584600000 Y/108   Allocating 
 Small   0x0000000586400000 0x00000005865ffff0 0x0000000586600000 O/22    Allocating 
 Small   0x0000000588000000 0x00000005881fff28 0x0000000588200000 O/20    Relocatable
 Small   0x0000000588a00000 0x0000000588bfff98 0x0000000588c00000 O/14    Relocatable
 Small   0x000000058a400000 0x000000058a5fff80 0x000000058a600000 O/9     Relocatable
 Small   0x000000058b800000 0x000000058b9fffb0 0x000000058ba00000 O/16    Relocatable
 Small   0x0000000594a00000 0x0000000594c00000 0x0000000594c00000 Y/108   Allocating 
 Small   0x0000000594c00000 0x0000000594dfffb8 0x0000000594e00000 O/22    Allocating 
 Small   0x0000000595e00000 0x0000000596000000 0x0000000596000000 Y/108   Allocating 
 Small   0x0000000596400000 0x00000005965fffe8 0x0000000596600000 O/22    Allocating 
 Small   0x0000000596600000 0x0000000596800000 0x0000000596800000 Y/108   Allocating 
 Small   0x0000000596a00000 0x0000000596c00000 0x0000000596c00000 Y/108   Allocating 
 Small   0x0000000598800000 0x0000000598a00000 0x0000000598a00000 Y/108   Allocating 
 Small   0x000000059bc00000 0x000000059bdff5c0 0x000000059be00000 O/22    Allocating 
 Small   0x000000059ea00000 0x000000059ebffff8 0x000000059ec00000 O/16    Relocatable
 Small   0x00000005a1e00000 0x00000005a1ffff88 0x00000005a2000000 O/22    Allocating 
 Small   0x00000005a8200000 0x00000005a83fffe8 0x00000005a8400000 O/20    Relocatable
 Small   0x00000005ace00000 0x00000005acffffd8 0x00000005ad000000 O/22    Allocating 
 Small   0x00000005b1000000 0x00000005b11fffd8 0x00000005b1200000 O/20    Relocatable
 Small   0x00000005b2e00000 0x00000005b2e87f00 0x00000005b3000000 O/22    Allocating 
 Small   0x00000005b3400000 0x00000005b35ffff0 0x00000005b3600000 O/12    Relocatable
 Small   0x00000005b4400000 0x00000005b45fffb0 0x00000005b4600000 O/22    Allocating 
 Small   0x00000005b4a00000 0x00000005b4bffff8 0x00000005b4c00000 O/16    Relocatable
 Small   0x00000005b9000000 0x00000005b91ff868 0x00000005b9200000 O/16    Relocatable
 Small   0x00000005bc200000 0x00000005bc3ffff0 0x00000005bc400000 O/22    Allocating 
 Small   0x00000005be800000 0x00000005be9ffff8 0x00000005bea00000 O/15    Relocatable
 Small   0x00000005bf200000 0x00000005bf400000 0x00000005bf400000 Y/108   Allocating 
 Small   0x00000005c0200000 0x00000005c03fff20 0x00000005c0400000 O/20    Relocatable
 Small   0x00000005c0600000 0x00000005c07ffff8 0x00000005c0800000 O/22    Allocating 
 Small   0x00000005c0800000 0x00000005c09fffe0 0x00000005c0a00000 O/22    Allocating 
 Small   0x00000005c3200000 0x00000005c33fff30 0x00000005c3400000 O/22    Allocating 
 Small   0x00000005c3a00000 0x00000005c3c00000 0x00000005c3c00000 O/22    Allocating 
 Small   0x00000005c4200000 0x00000005c43fffc8 0x00000005c4400000 O/22    Allocating 
 Small   0x00000005cac00000 0x00000005cac11788 0x00000005cae00000 Y/108   Allocating 
 Small   0x00000005cd200000 0x00000005cd3ffff0 0x00000005cd400000 O/22    Allocating 
 Small   0x00000005d4c00000 0x00000005d4e00000 0x00000005d4e00000 O/22    Allocating 
 Small   0x00000005d8800000 0x00000005d89ffff8 0x00000005d8a00000 O/16    Relocatable
 Small   0x00000005dba00000 0x00000005dbbff9e0 0x00000005dbc00000 O/14    Relocatable
 Small   0x00000005df600000 0x00000005df800000 0x00000005df800000 Y/108   Allocating 
 Small   0x00000005e8000000 0x00000005e81ffff0 0x00000005e8200000 O/14    Relocatable
 Small   0x00000005e8800000 0x00000005e89fffe8 0x00000005e8a00000 O/16    Relocatable
 Small   0x00000005f4e00000 0x00000005f4fffe50 0x00000005f5000000 O/22    Allocating 
 Small   0x00000005f7800000 0x00000005f7a00000 0x00000005f7a00000 O/22    Allocating 
 Small   0x00000005f7e00000 0x00000005f7fffff8 0x00000005f8000000 O/20    Relocatable
 Small   0x00000005fb000000 0x00000005fb1ff860 0x00000005fb200000 O/14    Relocatable
 Small   0x00000005ff200000 0x00000005ff400000 0x00000005ff400000 O/19    Relocatable
 Small   0x0000000601800000 0x00000006019fcba0 0x0000000601a00000 O/22    Allocating 
 Small   0x0000000601c00000 0x0000000601dfda30 0x0000000601e00000 O/22    Allocating 
 Small   0x0000000602600000 0x0000000602800000 0x0000000602800000 O/22    Allocating 
 Small   0x0000000602800000 0x00000006029fffe0 0x0000000602a00000 O/20    Relocatable
 Small   0x0000000603400000 0x0000000603600000 0x0000000603600000 O/22    Allocating 
 Small   0x0000000603800000 0x00000006039fff88 0x0000000603a00000 O/22    Allocating 
 Small   0x0000000603e00000 0x0000000603ffff58 0x0000000604000000 O/22    Allocating 
 Small   0x0000000604800000 0x00000006049ffff8 0x0000000604a00000 O/22    Allocating 
 Small   0x0000000605200000 0x00000006053fff58 0x0000000605400000 O/22    Allocating 
 Small   0x000000060a800000 0x000000060a9ffff0 0x000000060aa00000 O/22    Allocating 
 Small   0x0000000611c00000 0x0000000611c0fd00 0x0000000611e00000 O/22    Allocating 
 Small   0x0000000614a00000 0x0000000614bffcb8 0x0000000614c00000 O/22    Allocating 
 Small   0x0000000615400000 0x00000006155ffff0 0x0000000615600000 O/22    Allocating 
 Small   0x0000000616800000 0x00000006169ffff0 0x0000000616a00000 O/22    Allocating 
 Small   0x0000000616a00000 0x0000000616bfffd0 0x0000000616c00000 O/22    Allocating 
 Small   0x0000000616e00000 0x0000000617000000 0x0000000617000000 O/22    Allocating 
 Small   0x0000000617000000 0x00000006171ffff8 0x0000000617200000 O/22    Allocating 
 Small   0x0000000617c00000 0x0000000617dfffe0 0x0000000617e00000 O/19    Relocatable
 Small   0x000000061a800000 0x000000061a9fffe8 0x000000061aa00000 O/14    Relocatable
 Small   0x000000061b400000 0x000000061b600000 0x000000061b600000 O/22    Allocating 
 Small   0x000000061d600000 0x000000061d7ffff8 0x000000061d800000 O/22    Allocating 
 Small   0x000000061fa00000 0x000000061fbffff8 0x000000061fc00000 O/16    Relocatable
 Small   0x0000000622a00000 0x0000000622bffff0 0x0000000622c00000 O/15    Relocatable
 Small   0x0000000624c00000 0x0000000624dfffe8 0x0000000624e00000 O/22    Allocating 
 Small   0x0000000626400000 0x00000006265fff10 0x0000000626600000 Y/108   Allocating 
 Small   0x0000000627600000 0x0000000627800000 0x0000000627800000 O/22    Allocating 
 Small   0x0000000628e00000 0x0000000628fffff8 0x0000000629000000 O/22    Allocating 
 Small   0x000000062a000000 0x000000062a1fffd8 0x000000062a200000 O/22    Allocating 
 Small   0x000000062cc00000 0x000000062cdff7f8 0x000000062ce00000 O/22    Allocating 
 Small   0x000000062d400000 0x000000062d600000 0x000000062d600000 Y/108   Allocating 
 Small   0x000000062e200000 0x000000062e3ffff0 0x000000062e400000 O/22    Allocating 
 Small   0x000000062e400000 0x000000062e600000 0x000000062e600000 Y/108   Allocating 
 Small   0x000000062fe00000 0x000000062ffffff0 0x0000000630000000 O/22    Allocating 
 Small   0x0000000640a00000 0x0000000640bffb40 0x0000000640c00000 O/22    Allocating 
 Small   0x0000000641600000 0x0000000641800000 0x0000000641800000 O/18    Relocatable
 Small   0x0000000648400000 0x00000006485ffff0 0x0000000648600000 O/15    Relocatable
 Small   0x0000000649600000 0x0000000649800000 0x0000000649800000 O/22    Allocating 
 Small   0x0000000649a00000 0x0000000649bffff0 0x0000000649c00000 O/22    Allocating 
 Small   0x000000064a800000 0x000000064a9fa940 0x000000064aa00000 O/16    Relocatable
 Small   0x000000064ac00000 0x000000064ae00000 0x000000064ae00000 O/22    Allocating 
 Small   0x000000064b000000 0x000000064b1fffd8 0x000000064b200000 O/16    Relocatable
 Small   0x000000064b400000 0x000000064b5fff30 0x000000064b600000 O/20    Relocatable
 Small   0x000000064ba00000 0x000000064bc00000 0x000000064bc00000 Y/108   Allocating 
 Small   0x000000064ca00000 0x000000064cbffff8 0x000000064cc00000 O/22    Allocating 
 Small   0x000000064ce00000 0x000000064d000000 0x000000064d000000 Y/108   Allocating 
 Small   0x000000064d200000 0x000000064d3ffff0 0x000000064d400000 O/22    Allocating 
 Small   0x000000064d600000 0x000000064d800000 0x000000064d800000 Y/108   Allocating 
 Small   0x000000064f000000 0x000000064f200000 0x000000064f200000 Y/108   Allocating 
 Small   0x0000000651200000 0x00000006513ffff0 0x0000000651400000 O/22    Allocating 
 Small   0x0000000658800000 0x00000006589fff70 0x0000000658a00000 O/22    Allocating 
 Small   0x0000000658e00000 0x0000000658fffec0 0x0000000659000000 O/15    Relocatable
 Small   0x0000000659000000 0x00000006591ffdb8 0x0000000659200000 O/20    Relocatable
 Small   0x000000065c200000 0x000000065c3ffff0 0x000000065c400000 O/14    Relocatable
 Small   0x0000000660e00000 0x0000000661000000 0x0000000661000000 Y/108   Allocating 
 Small   0x0000000662000000 0x0000000662200000 0x0000000662200000 Y/108   Allocating 
 Small   0x0000000662200000 0x0000000662400000 0x0000000662400000 Y/108   Allocating 
 Small   0x0000000662800000 0x0000000662a00000 0x0000000662a00000 Y/108   Allocating 
 Small   0x0000000663600000 0x00000006637fff30 0x0000000663800000 O/16    Relocatable
 Small   0x0000000664600000 0x0000000664800000 0x0000000664800000 Y/108   Allocating 
 Small   0x0000000668400000 0x0000000668600000 0x0000000668600000 Y/108   Allocating 
 Small   0x000000066bc00000 0x000000066bdfff80 0x000000066be00000 O/22    Allocating 
 Small   0x0000000671e00000 0x0000000671fffb58 0x0000000672000000 O/22    Allocating 
 Small   0x0000000674800000 0x0000000674943858 0x0000000674a00000 O/22    Allocating 
 Small   0x0000000676000000 0x00000006761bede8 0x0000000676200000 O/22    Allocating 
 Small   0x000000067b600000 0x000000067b7fffc8 0x000000067b800000 O/14    Relocatable
 Small   0x000000067ba00000 0x000000067bbffff8 0x000000067bc00000 O/16    Relocatable
 Small   0x0000000687000000 0x00000006871ff548 0x0000000687200000 O/19    Relocatable
 Small   0x0000000688600000 0x00000006886c0000 0x0000000688800000 Y/108   Allocating 
 Small   0x0000000688a00000 0x0000000688c00000 0x0000000688c00000 Y/108   Allocating 
 Small   0x0000000689200000 0x00000006893ffff0 0x0000000689400000 O/14    Relocatable
 Small   0x000000068a600000 0x000000068a7ffff8 0x000000068a800000 Y/108   Allocating 
 Small   0x000000068cc00000 0x000000068cdfffe0 0x000000068ce00000 O/22    Allocating 
 Small   0x000000068ee00000 0x000000068effffb8 0x000000068f000000 O/22    Allocating 
 Small   0x0000000697000000 0x0000000697200000 0x0000000697200000 O/22    Allocating 
 Small   0x0000000697e00000 0x0000000697ffffc8 0x0000000698000000 Y/108   Allocating 
 Small   0x00000006a3c00000 0x00000006a3dffd18 0x00000006a3e00000 O/22    Allocating 
 Small   0x00000006a6a00000 0x00000006a6a43db8 0x00000006a6c00000 Y/108   Allocating 
 Small   0x00000006ab200000 0x00000006ab3fffc8 0x00000006ab400000 Y/108   Allocating 
 Small   0x00000006abe00000 0x00000006abfffff0 0x00000006ac000000 O/22    Allocating 
 Small   0x00000006af800000 0x00000006af9fffd0 0x00000006afa00000 O/22    Allocating 
 Small   0x00000006b3c00000 0x00000006b3e00000 0x00000006b3e00000 O/22    Allocating 
 Small   0x00000006b4a00000 0x00000006b4bffff8 0x00000006b4c00000 O/22    Allocating 
 Small   0x00000006b4c00000 0x00000006b4dffff8 0x00000006b4e00000 O/22    Allocating 
 Small   0x00000006b6400000 0x00000006b65ffff0 0x00000006b6600000 Y/108   Allocating 
 Small   0x00000006b6c00000 0x00000006b6dfffd8 0x00000006b6e00000 O/22    Allocating 
 Small   0x00000006b7000000 0x00000006b71fffe0 0x00000006b7200000 O/22    Allocating 
 Small   0x00000006b9200000 0x00000006b93fffc8 0x00000006b9400000 O/22    Allocating 
 Small   0x00000006bc200000 0x00000006bc3fffd8 0x00000006bc400000 Y/108   Allocating 
 Small   0x00000006bdc00000 0x00000006bddfffc8 0x00000006bde00000 Y/108   Allocating 
 Small   0x00000006be800000 0x00000006bea00000 0x00000006bea00000 Y/108   Allocating 
 Small   0x00000006c1000000 0x00000006c1200000 0x00000006c1200000 Y/108   Allocating 
 Small   0x00000006c9600000 0x00000006c97fffe8 0x00000006c9800000 O/22    Allocating 
 Small   0x00000006c9e00000 0x00000006c9ffffe8 0x00000006ca000000 O/22    Allocating 
 Small   0x00000006cb200000 0x00000006cb400000 0x00000006cb400000 Y/108   Allocating 
 Small   0x00000006ce400000 0x00000006ce600000 0x00000006ce600000 Y/108   Allocating 
 Small   0x00000006d2a00000 0x00000006d2bffff8 0x00000006d2c00000 O/22    Allocating 
 Small   0x00000006d3c00000 0x00000006d3e00000 0x00000006d3e00000 O/22    Allocating 
 Small   0x00000006d5400000 0x00000006d5600000 0x00000006d5600000 Y/108   Allocating 
 Small   0x00000006d5a00000 0x00000006d5c00000 0x00000006d5c00000 Y/108   Allocating 
 Small   0x00000006d5c00000 0x00000006d5e00000 0x00000006d5e00000 Y/108   Allocating 
 Small   0x00000006d7a00000 0x00000006d7c00000 0x00000006d7c00000 O/22    Allocating 
 Small   0x00000006d8600000 0x00000006d87ffff8 0x00000006d8800000 O/22    Allocating 
 Small   0x00000006daa00000 0x00000006dabfffe8 0x00000006dac00000 O/22    Allocating 
 Small   0x00000006dbc00000 0x00000006dbe00000 0x00000006dbe00000 O/22    Allocating 
 Small   0x00000006dc200000 0x00000006dc3fffc8 0x00000006dc400000 O/22    Allocating 
 Small   0x00000006ddc00000 0x00000006dddfffe0 0x00000006dde00000 O/22    Allocating 
 Small   0x00000006de600000 0x00000006de600a78 0x00000006de800000 O/22    Allocating 
 Small   0x00000006df200000 0x00000006df400000 0x00000006df400000 O/22    Allocating 
 Small   0x00000006e1400000 0x00000006e1600000 0x00000006e1600000 O/22    Allocating 
 Small   0x00000006e1c00000 0x00000006e1e00000 0x00000006e1e00000 Y/108   Allocating 
 Small   0x00000006e2200000 0x00000006e2400000 0x00000006e2400000 O/22    Allocating 
 Small   0x00000006e2e00000 0x00000006e3000000 0x00000006e3000000 Y/108   Allocating 
 Small   0x00000006e3400000 0x00000006e3600000 0x00000006e3600000 Y/108   Allocating 
 Small   0x00000006e4600000 0x00000006e47fffb8 0x00000006e4800000 Y/108   Allocating 
 Small   0x00000006e5400000 0x00000006e5600000 0x00000006e5600000 Y/108   Allocating 
 Small   0x00000006e8200000 0x00000006e83ffff8 0x00000006e8400000 O/22    Allocating 
 Small   0x00000006e8a00000 0x00000006e8bffff8 0x00000006e8c00000 O/22    Allocating 
 Small   0x00000006ec800000 0x00000006ec9fdf08 0x00000006eca00000 O/22    Allocating 
 Small   0x00000006efc00000 0x00000006efdffed8 0x00000006efe00000 O/22    Allocating 
 Small   0x00000006efe00000 0x00000006efffffb8 0x00000006f0000000 O/22    Allocating 
 Small   0x00000006f1e00000 0x00000006f1ffffd0 0x00000006f2000000 O/22    Allocating 
 Small   0x00000006f2c00000 0x00000006f2dffff0 0x00000006f2e00000 O/21    Relocatable
 Small   0x00000006f4400000 0x00000006f45fff88 0x00000006f4600000 O/22    Allocating 
 Small   0x00000006f4a00000 0x00000006f4bfffd0 0x00000006f4c00000 O/22    Allocating 
 Small   0x00000006f7a00000 0x00000006f7bffc00 0x00000006f7c00000 O/20    Relocatable
 Small   0x00000006f8c00000 0x00000006f8dfff30 0x00000006f8e00000 O/20    Relocatable
 Small   0x00000006fd400000 0x00000006fd600000 0x00000006fd600000 Y/108   Allocating 
 Small   0x00000006fda00000 0x00000006fdc00000 0x00000006fdc00000 Y/108   Allocating 
 Small   0x00000006ff400000 0x00000006ff600000 0x00000006ff600000 Y/108   Allocating 
 Small   0x0000000701200000 0x00000007013fffe8 0x0000000701400000 O/14    Relocatable
 Small   0x0000000704000000 0x00000007041fffc8 0x0000000704200000 O/15    Relocatable
 Small   0x0000000706c00000 0x0000000706e00000 0x0000000706e00000 Y/108   Allocating 
 Small   0x0000000707000000 0x0000000707200000 0x0000000707200000 Y/108   Allocating 
 Small   0x0000000715a00000 0x0000000715bffff8 0x0000000715c00000 O/22    Allocating 
 Small   0x0000000717200000 0x00000007172005f0 0x0000000717400000 O/22    Allocating 
 Small   0x0000000717e00000 0x0000000718000000 0x0000000718000000 O/22    Allocating 
 Small   0x0000000719600000 0x00000007197fffc8 0x0000000719800000 O/22    Allocating 
 Small   0x000000071b000000 0x000000071b1ffe50 0x000000071b200000 O/16    Relocatable
 Small   0x0000000727a00000 0x0000000727bffd88 0x0000000727c00000 O/22    Allocating 
 Small   0x0000000732c00000 0x0000000732d678c8 0x0000000732e00000 Y/108   Allocating 
 Small   0x0000000739000000 0x00000007391fff98 0x0000000739200000 O/14    Relocatable
 Small   0x0000000739a00000 0x0000000739bffff8 0x0000000739c00000 O/22    Allocating 
 Small   0x000000073c200000 0x000000073c3ffff8 0x000000073c400000 O/22    Allocating 
 Small   0x000000073fc00000 0x000000073fdfff08 0x000000073fe00000 O/16    Relocatable
 Small   0x0000000740800000 0x00000007409fffe0 0x0000000740a00000 Y/108   Allocating 
 Small   0x0000000749200000 0x00000007493ffff8 0x0000000749400000 Y/108   Allocating 
 Small   0x0000000749e00000 0x0000000749ffffd8 0x000000074a000000 O/16    Relocatable
 Small   0x000000074a400000 0x000000074a5ffff8 0x000000074a600000 O/16    Relocatable
 Small   0x000000074ae00000 0x000000074b000000 0x000000074b000000 Y/108   Allocating 
 Small   0x000000074f200000 0x000000074f400000 0x000000074f400000 Y/108   Allocating 
 Small   0x000000074fa00000 0x000000074fc00000 0x000000074fc00000 Y/108   Allocating 
 Small   0x0000000750600000 0x0000000750800000 0x0000000750800000 Y/108   Allocating 
 Small   0x0000000752200000 0x0000000752400000 0x0000000752400000 Y/108   Allocating 
 Small   0x0000000754400000 0x00000007545ff818 0x0000000754600000 O/14    Relocatable
 Small   0x0000000760a00000 0x0000000760bffff8 0x0000000760c00000 O/20    Relocatable
 Small   0x0000000761400000 0x00000007615ffe80 0x0000000761600000 O/22    Allocating 
 Small   0x000000076fe00000 0x000000076fffffe8 0x0000000770000000 O/22    Allocating 
 Small   0x0000000773800000 0x00000007739ffff8 0x0000000773a00000 O/20    Relocatable
 Small   0x0000000776600000 0x00000007767ffd28 0x0000000776800000 O/15    Relocatable
 Small   0x0000000779a00000 0x0000000779bfffa0 0x0000000779c00000 O/16    Relocatable
 Small   0x000000077ae00000 0x000000077aff9bb0 0x000000077b000000 O/19    Relocatable
 Small   0x0000000786800000 0x00000007869fff40 0x0000000786a00000 O/22    Allocating 
 Small   0x000000078f800000 0x000000078f9fffd8 0x000000078fa00000 O/14    Relocatable
 Small   0x0000000793200000 0x0000000793400000 0x0000000793400000 Y/108   Allocating 
 Small   0x0000000794200000 0x00000007943ffff0 0x0000000794400000 Y/108   Allocating 
 Small   0x0000000794600000 0x0000000794800000 0x0000000794800000 Y/108   Allocating 
 Small   0x0000000794e00000 0x0000000794ffff10 0x0000000795000000 Y/108   Allocating 
 Small   0x0000000796c00000 0x0000000796d80000 0x0000000796e00000 Y/108   Allocating 
 Small   0x0000000798c00000 0x0000000798dfffa0 0x0000000798e00000 O/22    Allocating 
 Small   0x0000000799a00000 0x0000000799bee488 0x0000000799c00000 O/15    Relocatable
 Small   0x000000079de00000 0x000000079dfffc58 0x000000079e000000 O/14    Relocatable
 Small   0x00000007a2c00000 0x00000007a2dc0000 0x00000007a2e00000 Y/108   Allocating 
 Small   0x00000007a3400000 0x00000007a35c0000 0x00000007a3600000 Y/108   Allocating 
 Small   0x00000007a4c00000 0x00000007a4dfffe8 0x00000007a4e00000 Y/108   Allocating 
 Small   0x00000007a4e00000 0x00000007a4fff9e0 0x00000007a5000000 O/22    Allocating 
 Small   0x00000007a5200000 0x00000007a53fffe8 0x00000007a5400000 O/22    Allocating 
 Small   0x00000007a9200000 0x00000007a93fffe0 0x00000007a9400000 O/14    Relocatable
 Small   0x00000007ab400000 0x00000007ab600000 0x00000007ab600000 Y/108   Allocating 
 Small   0x00000007ad000000 0x00000007ad1faac0 0x00000007ad200000 O/19    Relocatable
 Small   0x00000007ad200000 0x00000007ad400000 0x00000007ad400000 Y/108   Allocating 
 Small   0x00000007ad600000 0x00000007ad7ffff0 0x00000007ad800000 O/14    Relocatable
 Small   0x00000007ad800000 0x00000007ad9fffe8 0x00000007ada00000 O/14    Relocatable
 Small   0x00000007ade00000 0x00000007adfffff8 0x00000007ae000000 O/20    Relocatable
 Small   0x00000007ae600000 0x00000007ae680000 0x00000007ae800000 Y/108   Allocating 
 Small   0x00000007af400000 0x00000007af5fff90 0x00000007af600000 O/19    Relocatable
 Small   0x00000007afa00000 0x00000007afbfc850 0x00000007afc00000 O/19    Relocatable
 Small   0x00000007b0600000 0x00000007b07ffff8 0x00000007b0800000 O/22    Allocating 
 Small   0x00000007b0e00000 0x00000007b1000000 0x00000007b1000000 Y/108   Allocating 
 Small   0x00000007b5e00000 0x00000007b6000000 0x00000007b6000000 Y/108   Allocating 
 Small   0x00000007bd400000 0x00000007bd600000 0x00000007bd600000 Y/108   Allocating 
 Small   0x00000007c0e00000 0x00000007c0ffffc0 0x00000007c1000000 Y/108   Allocating 
 Small   0x00000007c1000000 0x00000007c10a14f0 0x00000007c1200000 O/22    Allocating 
 Small   0x00000007c1200000 0x00000007c12007f0 0x00000007c1400000 Y/108   Allocating 
 Small   0x00000007c1400000 0x00000007c14008d8 0x00000007c1600000 Y/108   Allocating 
 Small   0x00000007c1600000 0x00000007c1611c88 0x00000007c1800000 Y/108   Allocating 
 Small   0x00000007c1800000 0x00000007c1a00000 0x00000007c1a00000 Y/108   Allocating 
 Small   0x00000007c1a00000 0x00000007c1c00000 0x00000007c1c00000 Y/108   Allocating 
 Small   0x00000007c1c00000 0x00000007c1e00000 0x00000007c1e00000 Y/108   Allocating 
 Small   0x00000007c1e00000 0x00000007c2000000 0x00000007c2000000 Y/108   Allocating 
 Small   0x00000007c2000000 0x00000007c2200000 0x00000007c2200000 Y/108   Allocating 
 Small   0x00000007c2200000 0x00000007c2400000 0x00000007c2400000 Y/108   Allocating 
 Small   0x00000007c2400000 0x00000007c2600000 0x00000007c2600000 Y/108   Allocating 
 Small   0x00000007c2600000 0x00000007c2800000 0x00000007c2800000 Y/108   Allocating 
 Small   0x00000007c2800000 0x00000007c29ffff0 0x00000007c2a00000 O/22    Allocating 
 Small   0x00000007c2a00000 0x00000007c2bfffd8 0x00000007c2c00000 Y/108   Allocating 
 Small   0x00000007c2c00000 0x00000007c2e00000 0x00000007c2e00000 Y/108   Allocating 
 Small   0x00000007c2e00000 0x00000007c2e104b8 0x00000007c3000000 O/22    Allocating 
 Small   0x00000007c3000000 0x00000007c3200000 0x00000007c3200000 Y/108   Allocating 
 Small   0x00000007c3200000 0x00000007c33fff28 0x00000007c3400000 O/22    Allocating 
 Small   0x00000007c3400000 0x00000007c3600000 0x00000007c3600000 Y/108   Allocating 
 Small   0x00000007c3600000 0x00000007c3800000 0x00000007c3800000 Y/108   Allocating 
 Small   0x00000007c3800000 0x00000007c3a00000 0x00000007c3a00000 Y/108   Allocating 
 Small   0x00000007c3a00000 0x00000007c3c00000 0x00000007c3c00000 Y/108   Allocating 
 Small   0x00000007c3c00000 0x00000007c3dffff8 0x00000007c3e00000 Y/108   Allocating 
 Small   0x00000007c3e00000 0x00000007c4000000 0x00000007c4000000 Y/108   Allocating 
 Small   0x00000007c4000000 0x00000007c4200000 0x00000007c4200000 Y/108   Allocating 
 Small   0x00000007c4200000 0x00000007c4400000 0x00000007c4400000 Y/108   Allocating 
 Small   0x00000007c4400000 0x00000007c45ffff8 0x00000007c4600000 Y/108   Allocating 
 Small   0x00000007c4600000 0x00000007c4800000 0x00000007c4800000 Y/108   Allocating 
 Small   0x00000007c4800000 0x00000007c4a00000 0x00000007c4a00000 Y/108   Allocating 
 Small   0x00000007c4a00000 0x00000007c4bffe20 0x00000007c4c00000 O/22    Allocating 
 Small   0x00000007c4c00000 0x00000007c4e00000 0x00000007c4e00000 Y/108   Allocating 
 Small   0x00000007c4e00000 0x00000007c5000000 0x00000007c5000000 Y/108   Allocating 
 Small   0x00000007c5000000 0x00000007c51fffd8 0x00000007c5200000 O/21    Relocatable
 Small   0x00000007c5200000 0x00000007c53fdab8 0x00000007c5400000 O/22    Allocating 
 Small   0x00000007c5400000 0x00000007c5600000 0x00000007c5600000 Y/108   Allocating 
 Small   0x00000007c5600000 0x00000007c5800000 0x00000007c5800000 O/22    Allocating 
 Small   0x00000007c5800000 0x00000007c59ff858 0x00000007c5a00000 O/22    Allocating 
 Small   0x00000007c5a00000 0x00000007c5c00000 0x00000007c5c00000 Y/108   Allocating 
 Small   0x00000007c5c00000 0x00000007c5dfffe0 0x00000007c5e00000 O/22    Allocating 
 Small   0x00000007c5e00000 0x00000007c6000000 0x00000007c6000000 Y/108   Allocating 
 Small   0x00000007c6000000 0x00000007c61fffe8 0x00000007c6200000 O/22    Allocating 
 Small   0x00000007c6200000 0x00000007c6400000 0x00000007c6400000 Y/108   Allocating 
 Small   0x00000007c6400000 0x00000007c6600000 0x00000007c6600000 Y/108   Allocating 
 Medium  0x0000007fdc000000 0x0000007fddfef000 0x0000007fde000000 O/14    Relocatable
 Large   0x0000007fde000000 0x0000007fdf200000 0x0000007fdf200000 O/9     Relocatable
 Large   0x0000007fe0c00000 0x0000007fe1600000 0x0000007fe1600000 O/9     Relocatable
 Medium  0x0000007fe3c00000 0x0000007fe3d84000 0x0000007fe5c00000 O/22    Allocating 
 Medium  0x0000007fe5c00000 0x0000007fe7bb2000 0x0000007fe7c00000 O/8     Relocatable
 Medium  0x0000007fe8200000 0x0000007fe88f3000 0x0000007fea200000 O/22    Allocating 
 Medium  0x0000007fea200000 0x0000007feb382000 0x0000007fec200000 O/21    Relocatable
 Medium  0x0000007fec200000 0x0000007fec384000 0x0000007fee200000 Y/108   Allocating 
 Large   0x0000007fee200000 0x0000007fee800000 0x0000007fee800000 O/9     Relocatable
 Large   0x0000007fef000000 0x0000007fef600000 0x0000007fef600000 O/19    Relocatable
 Large   0x0000007fef600000 0x0000007fefc00000 0x0000007fefc00000 O/14    Relocatable
 Medium  0x0000007ff1c00000 0x0000007ff3ada000 0x0000007ff3c00000 O/6     Relocatable
 Medium  0x0000007ff5c00000 0x0000007ff79bc000 0x0000007ff7c00000 O/6     Relocatable
 Medium  0x0000007ff7e00000 0x0000007ff927b000 0x0000007ff9e00000 O/14    Relocatable
 Large   0x0000007ff9e00000 0x0000007ffa400000 0x0000007ffa400000 O/9     Relocatable
 Large   0x0000007ffa400000 0x0000007ffaa00000 0x0000007ffaa00000 O/9     Relocatable
 Large   0x0000007ffaa00000 0x0000007ffb000000 0x0000007ffb000000 O/8     Relocatable
 Large   0x0000007ffb000000 0x0000007ffb600000 0x0000007ffb600000 O/14    Relocatable
 Large   0x0000007ffb600000 0x0000007ffc000000 0x0000007ffc000000 O/9     Relocatable
 Large   0x0000007ffc000000 0x0000007ffca00000 0x0000007ffca00000 O/9     Relocatable
 Large   0x0000007ffca00000 0x0000007ffd000000 0x0000007ffd000000 O/6     Relocatable
 Large   0x0000007ffd200000 0x0000007ffd800000 0x0000007ffd800000 O/9     Relocatable
 Large   0x0000007ffd800000 0x0000007ffe000000 0x0000007ffe000000 O/6     Relocatable
 Large   0x0000007ffe200000 0x0000007ffe800000 0x0000007ffe800000 O/9     Relocatable
 Large   0x0000007ffe800000 0x0000007ffee00000 0x0000007ffee00000 O/8     Relocatable
 Large   0x0000007ffee00000 0x0000007fff400000 0x0000007fff400000 O/9     Relocatable
 Large   0x0000007fff400000 0x0000007fffe00000 0x0000007fffe00000 O/8     Relocatable

ZBarrierSet

Polling page: 0x000001fe1d470000

Metaspace:

Usage:
  Non-class:    330.72 MB used.
      Class:     69.18 MB used.
       Both:    399.90 MB used.

Virtual space:
  Non-class space:      384.00 MB reserved,     334.19 MB ( 87%) committed,  6 nodes.
      Class space:        1.00 GB reserved,      71.94 MB (  7%) committed,  1 nodes.
             Both:        1.38 GB reserved,     406.12 MB ( 29%) committed. 

Chunk freelists:
   Non-Class:  1.51 MB
       Class:  8.12 MB
        Both:  9.63 MB

MaxMetaspaceSize: unlimited
CompressedClassSpaceSize: 1.00 GB
Initial GC threshold: 21.00 MB
Current GC threshold: 676.81 MB
CDS: on
 - commit_granule_bytes: 65536.
 - commit_granule_words: 8192.
 - virtual_space_node_default_size: 8388608.
 - enlarge_chunks_in_place: 1.
 - use_allocation_guard: 0.


Internal statistics:

num_allocs_failed_limit: 237.
num_arena_births: 11136.
num_arena_deaths: 636.
num_vsnodes_births: 7.
num_vsnodes_deaths: 0.
num_space_committed: 6496.
num_space_uncommitted: 9.
num_chunks_returned_to_freelist: 1256.
num_chunks_taken_from_freelist: 34562.
num_chunk_merges: 594.
num_chunk_splits: 19877.
num_chunks_enlarged: 10918.
num_inconsistent_stats: 0.

CodeHeap 'non-profiled nmethods': size=119168Kb used=80740Kb max_used=94778Kb free=38427Kb
 bounds [0x000001fe2fdf0000, 0x000001fe35ab0000, 0x000001fe37250000]
CodeHeap 'profiled nmethods': size=119104Kb used=39775Kb max_used=105886Kb free=79329Kb
 bounds [0x000001fe28250000, 0x000001fe2e9c0000, 0x000001fe2f6a0000]
CodeHeap 'non-nmethods': size=7488Kb used=4684Kb max_used=6580Kb free=2803Kb
 bounds [0x000001fe2f6a0000, 0x000001fe2fd40000, 0x000001fe2fdf0000]
CodeCache: size=245760Kb, used=125199Kb, max_used=207244Kb, free=120559Kb
 total_blobs=32742, nmethods=29093, adapters=3541, full_count=0
Compilation: enabled, stopped_count=0, restarted_count=0

Compilation events (250 events):
Event: 3840.620 Thread 0x000001fe1d3b07b0 125096       3       sun.security.ssl.SSLHandshake::getHandshakeConsumer (172 bytes)
Event: 3840.620 Thread 0x000001fe1d3b07b0 nmethod 125096 0x000001fe28c52d10 code [0x000001fe28c52f60, 0x000001fe28c539c0]
Event: 3840.620 Thread 0x000001fe1d3b07b0 125098       3       jdk.internal.net.http.HttpConnection$PlainHttpPublisher$HttpWriteSubscription::isEmpty (32 bytes)
Event: 3840.620 Thread 0x000001fe1d3b07b0 nmethod 125098 0x000001fe28269790 code [0x000001fe28269980, 0x000001fe28269df8]
Event: 3840.620 Thread 0x000001fe1d3b07b0 125097       3       jdk.internal.net.http.frame.Http2Frame::<init> (15 bytes)
Event: 3840.621 Thread 0x000001fe1d3b07b0 nmethod 125097 0x000001fe282afe10 code [0x000001fe282affc0, 0x000001fe282b0130]
Event: 3840.621 Thread 0x000001fe1d3b07b0 125095       3       sun.security.ssl.SSLHandshake::consume (52 bytes)
Event: 3840.621 Thread 0x000001fe1d3b07b0 nmethod 125095 0x000001fe283f8210 code [0x000001fe283f8460, 0x000001fe283f8bf0]
Event: 3840.626 Thread 0x000001fe1d3b07b0 125099 % !   3       net.minecraft.server.MinecraftServer::runServer @ 70 (890 bytes)
Event: 3840.632 Thread 0x000001fe1d3b07b0 nmethod 125099% 0x000001fe2d358f10 code [0x000001fe2d359da0, 0x000001fe2d363928]
Event: 3842.585 Thread 0x000001fe1d3b29c0 125100       4       net.spell_engine.utils.WorldScheduler::updateScheduledTasks (165 bytes)
Event: 3842.594 Thread 0x000001fe1d3b29c0 nmethod 125100 0x000001fe30304490 code [0x000001fe30304700, 0x000001fe30305278]
Event: 3842.594 Thread 0x000001fe1d3b29c0 125101       4       net.minecraft.server.level.ServerLevel::tick (515 bytes)
Event: 3842.714 Thread 0x000001fe1d3b29c0 nmethod 125101 0x000001fe32302c90 code [0x000001fe323037e0, 0x000001fe3230ae90]
Event: 3850.993 Thread 0x000001fe1d3b07b0 125102       3       net.minecraft.world.entity.Mob::isEffectiveAi (20 bytes)
Event: 3850.994 Thread 0x000001fe1d3b07b0 nmethod 125102 0x000001fe28576590 code [0x000001fe28576760, 0x000001fe28576b38]
Event: 3851.024 Thread 0x000001fe1d3b07b0 125103       3       net.minecraft.world.entity.Mob::getControllingPassenger (35 bytes)
Event: 3851.024 Thread 0x000001fe1d3b29c0 125104       4       net.minecraft.world.entity.Entity::getFirstPassenger (26 bytes)
Event: 3851.025 Thread 0x000001fe1d3b07b0 nmethod 125103 0x000001fe28395390 code [0x000001fe283955e0, 0x000001fe28396220]
Event: 3851.025 Thread 0x000001fe1d3b29c0 nmethod 125104 0x000001fe2fea9590 code [0x000001fe2fea9720, 0x000001fe2fea98c8]
Event: 3851.034 Thread 0x000001fe1d3b29c0 125105       4       it.unimi.dsi.fastutil.objects.Reference2ReferenceArrayMap::get (36 bytes)
Event: 3851.034 Thread 0x000001fe1d3b07b0 125107       3       net.caffeinemc.mods.lithium.common.world.WorldHelper::lambda$getEntitiesOfEntityGroup$0 (122 bytes)
Event: 3851.035 Thread 0x000001fe1d3b07b0 nmethod 125107 0x000001fe28c56810 code [0x000001fe28c56ac0, 0x000001fe28c577f0]
Event: 3851.035 Thread 0x000001fe1d3b29c0 nmethod 125105 0x000001fe2fe72990 code [0x000001fe2fe72b40, 0x000001fe2fe72e10]
Event: 3851.035 Thread 0x000001fe1d3b07b0 125109       3       net.caffeinemc.mods.lithium.common.entity.LithiumEntityCollisions::addEntityCollisionsIfRequired (14 bytes)
Event: 3851.035 Thread 0x000001fe1d3b29c0 125111       4       net.minecraft.core.Registry::getOptional (11 bytes)
Event: 3851.035 Thread 0x000001fe1d3b07b0 nmethod 125109 0x000001fe282e6a10 code [0x000001fe282e6bc0, 0x000001fe282e6d20]
Event: 3851.036 Thread 0x000001fe1d3b07b0 125106       3       net.caffeinemc.mods.lithium.common.world.WorldHelper$$Lambda/0x000002023f0ff688::accept (28 bytes)
Event: 3851.036 Thread 0x000001fe1d3b07b0 nmethod 125106 0x000001fe28553090 code [0x000001fe28553260, 0x000001fe285535b0]
Event: 3851.036 Thread 0x000001fe1d3b07b0 125110       1       net.minecraft.world.level.entity.EntitySection::getCollection (5 bytes)
Event: 3851.036 Thread 0x000001fe1d3b07b0 nmethod 125110 0x000001fe2fe06410 code [0x000001fe2fe065a0, 0x000001fe2fe06698]
Event: 3851.041 Thread 0x000001fe1d3b29c0 nmethod 125111 0x000001fe30241810 code [0x000001fe30241a20, 0x000001fe302420d0]
Event: 3851.041 Thread 0x000001fe1d3b29c0 125108       4       net.minecraft.util.ClassInstanceMultiMap::lithium$getAllOfGroupType (24 bytes)
Event: 3851.043 Thread 0x000001fe1d3b29c0 nmethod 125108 0x000001fe2fdf3010 code [0x000001fe2fdf31e0, 0x000001fe2fdf3630]
Event: 3851.085 Thread 0x000001fe1d3b29c0 125112       4       net.caffeinemc.mods.lithium.common.entity.LithiumEntityCollisions::isBoxEmpty (17 bytes)
Event: 3851.086 Thread 0x000001fe1d3b29c0 nmethod 125112 0x000001fe2fe29590 code [0x000001fe2fe29740, 0x000001fe2fe29828]
Event: 3851.120 Thread 0x000001fe1d3b29c0 125113       4       net.minecraft.world.entity.Mob::isEffectiveAi (20 bytes)
Event: 3851.122 Thread 0x000001fe1d3b29c0 nmethod 125113 0x000001fe2fe76510 code [0x000001fe2fe766a0, 0x000001fe2fe767c0]
Event: 3851.122 Thread 0x000001fe1d3b29c0 125114       4       net.minecraft.world.entity.Mob::getControllingPassenger (35 bytes)
Event: 3851.123 Thread 0x000001fe1d3b29c0 nmethod 125114 0x000001fe2fe8d290 code [0x000001fe2fe8d440, 0x000001fe2fe8d600]
Event: 3851.131 Thread 0x000001fe1d3b07b0 125115       3       net.caffeinemc.mods.lithium.common.entity.LithiumEntityCollisions::appendEntityCollisions (99 bytes)
Event: 3851.132 Thread 0x000001fe1d3b07b0 nmethod 125115 0x000001fe2860cc90 code [0x000001fe2860cf60, 0x000001fe2860db48]
Event: 3851.375 Thread 0x000001fe1d3b29c0 125116       4       net.minecraft.client.gui.components.BossHealthOverlay::shouldDarkenScreen (60 bytes)
Event: 3851.376 Thread 0x000001fe1d3b29c0 nmethod 125116 0x000001fe30058c10 code [0x000001fe30058da0, 0x000001fe30058ee0]
Event: 3852.085 Thread 0x000001fe1d3b07b0 125117       3       com.farcr.nomansland.common.entity.living_pot.LivingPot::isNoAi (35 bytes)
Event: 3852.085 Thread 0x000001fe1d3b07b0 nmethod 125117 0x000001fe287d4a90 code [0x000001fe287d4c60, 0x000001fe287d4fa8]
Event: 3852.484 Thread 0x000001fe1d3b07b0 125118       3       net.minecraft.util.ClassInstanceMultiMap::add (84 bytes)
Event: 3852.485 Thread 0x000001fe1d3b07b0 nmethod 125118 0x000001fe28498710 code [0x000001fe28498980, 0x000001fe284994c0]
Event: 3852.485 Thread 0x000001fe1d3b07b0 125119       3       net.minecraft.util.ClassInstanceMultiMap::localvar$fep000$lithium$add (74 bytes)
Event: 3852.485 Thread 0x000001fe1d3b07b0 nmethod 125119 0x000001fe2835c390 code [0x000001fe2835c620, 0x000001fe2835d4a0]
Event: 3852.485 Thread 0x000001fe1d3b07b0 125120       3       it.unimi.dsi.fastutil.objects.Reference2ReferenceArrayMap$EntrySet::iterator (9 bytes)
Event: 3852.485 Thread 0x000001fe1d3b07b0 nmethod 125120 0x000001fe2882d490 code [0x000001fe2882d640, 0x000001fe2882d8e8]
Event: 3852.485 Thread 0x000001fe1d3b07b0 125121       3       it.unimi.dsi.fastutil.objects.Reference2ReferenceArrayMap$EntrySet$1::<init> (20 bytes)
Event: 3852.485 Thread 0x000001fe1d3b07b0 nmethod 125121 0x000001fe28554290 code [0x000001fe28554440, 0x000001fe28554630]
Event: 3852.884 Thread 0x000001fe1d3b29c0 125122       4       it.unimi.dsi.fastutil.objects.ReferenceLinkedOpenHashSet$SetIterator::<init> (43 bytes)
Event: 3852.885 Thread 0x000001fe1d3b29c0 nmethod 125122 0x000001fe2ff02090 code [0x000001fe2ff02220, 0x000001fe2ff02380]
Event: 3852.985 Thread 0x000001fe1d3b29c0 125123       4       net.minecraft.world.entity.NeutralMob::updatePersistentAnger (139 bytes)
Event: 3852.986 Thread 0x000001fe1d3b29c0 nmethod 125123 0x000001fe2ff0dd90 code [0x000001fe2ff0df40, 0x000001fe2ff0e0c0]
Event: 3853.034 Thread 0x000001fe1d3b29c0 125124       4       com.teamabnormals.caverns_and_chasms.common.entity.animal.rat.Rat::getRemainingPersistentAngerTime (17 bytes)
Event: 3853.036 Thread 0x000001fe1d3b07b0 125125       1       com.farcr.nomansland.common.block.pots.PotVariant::traits (5 bytes)
Event: 3853.036 Thread 0x000001fe1d3b07b0 nmethod 125125 0x000001fe2fe0c610 code [0x000001fe2fe0c7a0, 0x000001fe2fe0c898]
Event: 3853.036 Thread 0x000001fe1d3b29c0 nmethod 125124 0x000001fe3000ab90 code [0x000001fe3000ad40, 0x000001fe3000af98]
Event: 3853.085 Thread 0x000001fe1d3b07b0 125126       1       com.teamabnormals.caverns_and_chasms.common.entity.animal.rat.Rat::getPersistentAngerTarget (5 bytes)
Event: 3853.085 Thread 0x000001fe1d3b07b0 nmethod 125126 0x000001fe2fe0cd10 code [0x000001fe2fe0cea0, 0x000001fe2fe0cfa0]
Event: 3853.134 Thread 0x000001fe1d3b29c0 125127       4       net.caffeinemc.mods.lithium.common.world.WorldHelper$$Lambda/0x000002023f0ff688::accept (28 bytes)
Event: 3853.141 Thread 0x000001fe1d3b29c0 nmethod 125127 0x000001fe300ab510 code [0x000001fe300ab780, 0x000001fe300ac330]
Event: 3853.734 Thread 0x000001fe1d3b29c0 125128       4       net.caffeinemc.mods.lithium.common.entity.LithiumEntityCollisions::addEntityCollisionsIfRequired (14 bytes)
Event: 3853.740 Thread 0x000001fe1d3b29c0 nmethod 125128 0x000001fe306c7590 code [0x000001fe306c77e0, 0x000001fe306c7db8]
Event: 3853.930 Thread 0x000001fe1d3b29c0 125129       4       it.unimi.dsi.fastutil.objects.Reference2ReferenceArrayMap$EntrySet$1::hasNext (23 bytes)
Event: 3853.931 Thread 0x000001fe1d3b29c0 nmethod 125129 0x000001fe2ff79590 code [0x000001fe2ff79720, 0x000001fe2ff79870]
Event: 3853.946 Thread 0x000001fe1d3b29c0 125130       4       it.unimi.dsi.fastutil.objects.Reference2ReferenceOpenHashMap$MapIterator::nextEntry (153 bytes)
Event: 3853.948 Thread 0x000001fe1d3b29c0 nmethod 125130 0x000001fe2fe7c990 code [0x000001fe2fe7cb40, 0x000001fe2fe7cdf0]
Event: 3854.285 Thread 0x000001fe1d3b07b0 125131       3       com.farcr.nomansland.common.entity.living_pot.LivingPot::getVariant (61 bytes)
Event: 3854.286 Thread 0x000001fe1d3b07b0 nmethod 125131 0x000001fe28a7fc90 code [0x000001fe28a7ffa0, 0x000001fe28a813b0]
Event: 3854.475 Thread 0x000001fe1d3b29c0 125132       4       it.unimi.dsi.fastutil.objects.Reference2ReferenceOpenHashMap$MapIterator::<init> (6 bytes)
Event: 3854.475 Thread 0x000001fe1d3b29c0 nmethod 125132 0x000001fe2ffbd110 code [0x000001fe2ffbd2a0, 0x000001fe2ffbd3f8]
Event: 3855.185 Thread 0x000001fe1d3b29c0 125133       4       net.minecraft.world.entity.NeutralMob::isAngry (15 bytes)
Event: 3855.185 Thread 0x000001fe1d3b29c0 nmethod 125133 0x000001fe2fe0dc10 code [0x000001fe2fe0dda0, 0x000001fe2fe0de70]
Event: 3855.785 Thread 0x000001fe1d3b29c0 125134       4       it.unimi.dsi.fastutil.objects.Reference2ReferenceOpenHashMap$EntryIterator::next (5 bytes)
Event: 3855.788 Thread 0x000001fe1d3b29c0 nmethod 125134 0x000001fe300ae110 code [0x000001fe300ae2e0, 0x000001fe300ae828]
Event: 3856.185 Thread 0x000001fe1d3b07b0 125135       3       com.farcr.nomansland.common.entity.living_pot.LivingPot::fireImmune (30 bytes)
Event: 3856.186 Thread 0x000001fe1d3b07b0 nmethod 125135 0x000001fe28a82090 code [0x000001fe28a82260, 0x000001fe28a82558]
Event: 3856.772 Thread 0x000001fe1d3b29c0 125136       4       it.unimi.dsi.fastutil.objects.Reference2ReferenceArrayMap$ValuesCollection$1::hasNext (23 bytes)
Event: 3856.772 Thread 0x000001fe1d3b29c0 nmethod 125136 0x000001fe2ffc7090 code [0x000001fe2ffc7220, 0x000001fe2ffc7370]
Event: 3858.786 Thread 0x000001fe1d3b07b0 125137       3       com.farcr.nomansland.common.entity.living_pot.LivingPot::isSmall (25 bytes)
Event: 3858.786 Thread 0x000001fe1d3b07b0 nmethod 125137 0x000001fe2857a390 code [0x000001fe2857a540, 0x000001fe2857a770]
Event: 3858.835 Thread 0x000001fe1d3b07b0 125138       1       com.farcr.nomansland.common.entity.living_pot.LivingPot::getPersistentAngerTarget (5 bytes)
Event: 3858.835 Thread 0x000001fe1d3b07b0 nmethod 125138 0x000001fe2fe15110 code [0x000001fe2fe152a0, 0x000001fe2fe153a0]
Event: 3858.835 Thread 0x000001fe1d3b07b0 125139       3       com.farcr.nomansland.common.entity.living_pot.LivingPot::getRemainingPersistentAngerTime (17 bytes)
Event: 3858.835 Thread 0x000001fe1d3b07b0 nmethod 125139 0x000001fe28733d90 code [0x000001fe28733f60, 0x000001fe28734390]
Event: 3862.085 Thread 0x000001fe1d3b29c0 125141       4       it.unimi.dsi.fastutil.objects.Reference2ReferenceOpenHashMap$MapEntrySet::iterator (13 bytes)
Event: 3862.087 Thread 0x000001fe1d3b29c0 nmethod 125141 0x000001fe2fefe910 code [0x000001fe2fefeaa0, 0x000001fe2fefec58]
Event: 3862.087 Thread 0x000001fe1d3b29c0 125140       4       it.unimi.dsi.fastutil.objects.Reference2ReferenceOpenHashMap$MapEntrySet::iterator (5 bytes)
Event: 3862.088 Thread 0x000001fe1d3b29c0 nmethod 125140 0x000001fe2ffaca10 code [0x000001fe2ffacba0, 0x000001fe2ffacd58]
Event: 3862.088 Thread 0x000001fe1d3b29c0 125142       4       it.unimi.dsi.fastutil.objects.Reference2ReferenceOpenHashMap$EntryIterator::<init> (6 bytes)
Event: 3862.088 Thread 0x000001fe1d3b29c0 nmethod 125142 0x000001fe2ffb8690 code [0x000001fe2ffb8820, 0x000001fe2ffb8a10]
Event: 3862.089 Thread 0x000001fe1d3b29c0 125143       4       it.unimi.dsi.fastutil.objects.Reference2ReferenceOpenHashMap$EntryIterator::<init> (12 bytes)
Event: 3862.089 Thread 0x000001fe1d3b29c0 nmethod 125143 0x000001fe2ffea310 code [0x000001fe2ffea4a0, 0x000001fe2ffea690]
Event: 3863.684 Thread 0x000001fe1d3b07b0 125144       3       com.farcr.nomansland.common.entity.living_pot.LivingPot::tick (387 bytes)
Event: 3863.687 Thread 0x000001fe1d3b07b0 nmethod 125144 0x000001fe28de0210 code [0x000001fe28de07a0, 0x000001fe28de3f50]
Event: 3864.985 Thread 0x000001fe1d3b07b0 125145       3       com.farcr.nomansland.common.block.pots.PotBlock::stepOn (53 bytes)
Event: 3864.986 Thread 0x000001fe1d3b07b0 nmethod 125145 0x000001fe28462810 code [0x000001fe28462a20, 0x000001fe284630d0]
Event: 3865.187 Thread 0x000001fe1d3b07b0 125146       1       com.farcr.nomansland.common.entity.living_pot.LivingPot::getLastKnownTargetPos (5 bytes)
Event: 3865.187 Thread 0x000001fe1d3b07b0 nmethod 125146 0x000001fe2fe15d90 code [0x000001fe2fe15f20, 0x000001fe2fe16020]
Event: 3865.187 Thread 0x000001fe1d3b07b0 125147       3       com.farcr.nomansland.common.entity.living_pot.LivingPot::isLarge (25 bytes)
Event: 3865.187 Thread 0x000001fe1d3b07b0 nmethod 125147 0x000001fe286a1790 code [0x000001fe286a1940, 0x000001fe286a1b70]
Event: 3865.187 Thread 0x000001fe1d3b07b0 125148       1       com.farcr.nomansland.common.entity.living_pot.LivingPot::getReturnTimer (5 bytes)
Event: 3865.187 Thread 0x000001fe1d3b07b0 nmethod 125148 0x000001fe2fe18590 code [0x000001fe2fe18720, 0x000001fe2fe187f0]
Event: 3865.235 Thread 0x000001fe1d3b07b0 125149       3       com.farcr.nomansland.common.entity.living_pot.LivingPot::customServerAiStep (161 bytes)
Event: 3865.237 Thread 0x000001fe1d3b07b0 nmethod 125149 0x000001fe2832f490 code [0x000001fe2832f800, 0x000001fe28331550]
Event: 3865.237 Thread 0x000001fe1d3b07b0 125150       3       com.farcr.nomansland.common.entity.living_pot.LivingPot::isIdle (20 bytes)
Event: 3865.237 Thread 0x000001fe1d3b07b0 nmethod 125150 0x000001fe2855f990 code [0x000001fe2855fb80, 0x000001fe28560278]
Event: 3866.033 Thread 0x000001fe1d3b29c0 125151       4       it.unimi.dsi.fastutil.objects.Reference2ByteOpenHashMap::getByte (113 bytes)
Event: 3866.036 Thread 0x000001fe1d3b29c0 nmethod 125151 0x000001fe2feec890 code [0x000001fe2feeca60, 0x000001fe2feeceb8]
Event: 3867.326 Thread 0x000001fe1d3b07b0 125152       3       toni.sodiumdynamiclights.SodiumDynamicLights::addLightSource (68 bytes)
Event: 3867.327 Thread 0x000001fe1d3b07b0 nmethod 125152 0x000001fe28df0190 code [0x000001fe28df0460, 0x000001fe28df12e8]
Event: 3868.170 Thread 0x000001fe1d3b29c0 125153       4       net.neoforged.neoforge.event.EventHooks::fireLevelTickPost (19 bytes)
Event: 3868.174 Thread 0x000001fe1d3b29c0 nmethod 125153 0x000001fe2fef2e90 code [0x000001fe2fef30a0, 0x000001fe2fef3530]
Event: 3868.285 Thread 0x000001fe1d3b29c0 125154       4       net.minecraft.world.entity.ai.goal.MeleeAttackGoal::canUse (162 bytes)
Event: 3868.287 Thread 0x000001fe1d3b29c0 nmethod 125154 0x000001fe30040110 code [0x000001fe300402c0, 0x000001fe30040508]
Event: 3868.335 Thread 0x000001fe1d3b29c0 125155       4       com.farcr.nomansland.common.entity.living_pot.LivingPot::isNoAi (35 bytes)
Event: 3868.338 Thread 0x000001fe1d3b29c0 nmethod 125155 0x000001fe300dd390 code [0x000001fe300dd560, 0x000001fe300dd9f8]
Event: 3869.943 Thread 0x000001fe1d3b29c0 125156       4       it.unimi.dsi.fastutil.objects.Reference2ReferenceArrayMap::reference2ReferenceEntrySet (25 bytes)
Event: 3869.944 Thread 0x000001fe1d3b29c0 nmethod 125156 0x000001fe300e2e10 code [0x000001fe300e2fa0, 0x000001fe300e3170]
Event: 3870.035 Thread 0x000001fe1d3b29c0 125157       4       net.neoforged.bus.EventListenerFactory$onPlayerTick/0x000002023d5e8800::invoke (7 bytes)
Event: 3870.064 Thread 0x000001fe1d3b29c0 nmethod 125157 0x000001fe321c5b10 code [0x000001fe321c5f80, 0x000001fe321c8228]
Event: 3871.184 Thread 0x000001fe1d3b29c0 125158       4       it.unimi.dsi.fastutil.objects.Reference2ReferenceArrayMap$EntrySet::iterator (9 bytes)
Event: 3871.186 Thread 0x000001fe1d3b29c0 nmethod 125158 0x000001fe2ffdf410 code [0x000001fe2ffdf5a0, 0x000001fe2ffdf6a8]
Event: 3872.883 Thread 0x000001fe1d3b29c0 125159       4       net.minecraft.world.entity.Entity::doWaterSplashEffect (443 bytes)
Event: 3872.955 Thread 0x000001fe1d3b29c0 nmethod 125159 0x000001fe35a3f810 code [0x000001fe35a400c0, 0x000001fe35a45630]
Event: 3872.956 Thread 0x000001fe1d3b29c0 125160       4       net.minecraft.world.TickRateManager::tick (41 bytes)
Event: 3872.956 Thread 0x000001fe1d3b29c0 nmethod 125160 0x000001fe2fe1bc10 code [0x000001fe2fe1bda0, 0x000001fe2fe1be70]
Event: 3873.384 Thread 0x000001fe1d3b07b0 125161       3       net.caffeinemc.mods.lithium.common.entity.EntityClassGroup::contains (13 bytes)
Event: 3873.384 Thread 0x000001fe1d3b07b0 nmethod 125161 0x000001fe28afb810 code [0x000001fe28afb9e0, 0x000001fe28afbcd8]
Event: 3874.319 Thread 0x000001fe1d3b07b0 125162       3       net.minecraft.util.ClassInstanceMultiMap::localvar$fep000$lithium$remove (43 bytes)
Event: 3874.319 Thread 0x000001fe1d3b07b0 nmethod 125162 0x000001fe28390390 code [0x000001fe283905a0, 0x000001fe28390b60]
Event: 3874.319 Thread 0x000001fe1d3b07b0 125163       3       it.unimi.dsi.fastutil.objects.Reference2ReferenceArrayMap::values (25 bytes)
Event: 3874.319 Thread 0x000001fe1d3b07b0 nmethod 125163 0x000001fe283e0590 code [0x000001fe283e0780, 0x000001fe283e0c48]
Event: 3874.319 Thread 0x000001fe1d3b07b0 125164       3       it.unimi.dsi.fastutil.objects.Reference2ReferenceArrayMap$ValuesCollection::iterator (9 bytes)
Event: 3874.320 Thread 0x000001fe1d3b07b0 nmethod 125164 0x000001fe28d54190 code [0x000001fe28d54340, 0x000001fe28d545e0]
Event: 3874.320 Thread 0x000001fe1d3b07b0 125165       3       it.unimi.dsi.fastutil.objects.Reference2ReferenceArrayMap$ValuesCollection$1::<init> (15 bytes)
Event: 3874.320 Thread 0x000001fe1d3b07b0 nmethod 125165 0x000001fe2862db10 code [0x000001fe2862dcc0, 0x000001fe2862dea8]
Event: 3874.774 Thread 0x000001fe1d3b07b0 125166       3       net.minecraft.util.ClassInstanceMultiMap::remove (88 bytes)
Event: 3874.774 Thread 0x000001fe1d3b07b0 nmethod 125166 0x000001fe28632f10 code [0x000001fe28633180, 0x000001fe28633cc0]
Event: 3877.434 Thread 0x000001fe1d3b29c0 125167       4       it.unimi.dsi.fastutil.objects.AbstractReferenceSet::<init> (5 bytes)
Event: 3877.434 Thread 0x000001fe1d3b29c0 nmethod 125167 0x000001fe2fe1f290 code [0x000001fe2fe1f420, 0x000001fe2fe1f4a8]
Event: 3877.633 Thread 0x000001fe1d3b29c0 125168       4       net.minecraft.world.entity.item.ItemEntity::tick (726 bytes)
Event: 3877.671 Thread 0x000001fe1d3b29c0 nmethod 125168 0x000001fe346f0f10 code [0x000001fe346f1640, 0x000001fe346f4740]
Event: 3877.985 Thread 0x000001fe1d3b07b0 125169       3       com.farcr.nomansland.common.entity.living_pot.LivingPotFindHelpGoal::canUse (53 bytes)
Event: 3877.986 Thread 0x000001fe1d3b07b0 nmethod 125169 0x000001fe2929f390 code [0x000001fe2929f5e0, 0x000001fe2929ff68]
Event: 3877.986 Thread 0x000001fe1d3b07b0 125170       3       com.farcr.nomansland.common.entity.living_pot.LivingPotDashGoal::canUse (150 bytes)
Event: 3877.987 Thread 0x000001fe1d3b07b0 nmethod 125170 0x000001fe2854f690 code [0x000001fe2854fa40, 0x000001fe28551598]
Event: 3877.987 Thread 0x000001fe1d3b07b0 125171       3       com.farcr.nomansland.common.entity.living_pot.LivingPot$1::canUse (86 bytes)
Event: 3877.987 Thread 0x000001fe1d3b07b0 nmethod 125171 0x000001fe28dea390 code [0x000001fe28dea600, 0x000001fe28deb458]
Event: 3877.987 Thread 0x000001fe1d3b07b0 125172       3       com.farcr.nomansland.common.entity.living_pot.LivingPotFleeGoal::canUse (43 bytes)
Event: 3877.988 Thread 0x000001fe1d3b07b0 nmethod 125172 0x000001fe293bdd90 code [0x000001fe293bdfe0, 0x000001fe293be958]
Event: 3877.988 Thread 0x000001fe1d3b07b0 125173       3       com.farcr.nomansland.common.entity.living_pot.LivingPotReturnHomeGoal::canUse (26 bytes)
Event: 3877.988 Thread 0x000001fe1d3b07b0 nmethod 125173 0x000001fe28688f90 code [0x000001fe286891a0, 0x000001fe286899e8]
Event: 3877.988 Thread 0x000001fe1d3b07b0 125174       3       com.farcr.nomansland.common.entity.living_pot.LivingPot$2::canUse (44 bytes)
Event: 3877.989 Thread 0x000001fe1d3b07b0 nmethod 125174 0x000001fe28363e90 code [0x000001fe28364160, 0x000001fe28365710]
Event: 3879.484 Thread 0x000001fe1d3b07b0 125175       3       it.unimi.dsi.fastutil.objects.Reference2ReferenceArrayMap$ValuesCollection$1::next (38 bytes)
Event: 3879.484 Thread 0x000001fe1d3b07b0 nmethod 125175 0x000001fe28b55c90 code [0x000001fe28b55e60, 0x000001fe28b56228]
Event: 3879.748 Thread 0x000001fe1d3b29c0 125176       4       net.minecraft.world.entity.Entity::removeVehicle (43 bytes)
Event: 3879.751 Thread 0x000001fe1d3b29c0 nmethod 125176 0x000001fe2fdf1510 code [0x000001fe2fdf16e0, 0x000001fe2fdf1a38]
Event: 3882.725 Thread 0x000001fe1d3b07b0 125177       3       net.caffeinemc.mods.lithium.common.entity.EntityClassGroup::contains (33 bytes)
Event: 3882.726 Thread 0x000001fe1d3b07b0 nmethod 125177 0x000001fe28d71b90 code [0x000001fe28d71d60, 0x000001fe28d71ff0]
Event: 3882.934 Thread 0x000001fe1d3b07b0 125178       3       it.unimi.dsi.fastutil.objects.ReferenceLinkedOpenHashSet::<init> (9 bytes)
Event: 3882.934 Thread 0x000001fe1d3b07b0 nmethod 125178 0x000001fe2833c110 code [0x000001fe2833c2e0, 0x000001fe2833c428]
Event: 3884.976 Thread 0x000001fe1d3b29c0 125179       4       net.minecraft.world.entity.player.Player::tick (574 bytes)
Event: 3885.149 Thread 0x000001fe1d3b29c0 nmethod 125179 0x000001fe3402b490 code [0x000001fe3402c440, 0x000001fe34035e58]
Event: 3886.786 Thread 0x000001fe1d3b07b0 125180       3       it.unimi.dsi.fastutil.objects.Reference2ReferenceArrayMap::put (173 bytes)
Event: 3886.786 Thread 0x000001fe1d3b07b0 nmethod 125180 0x000001fe2825f410 code [0x000001fe2825f6a0, 0x000001fe28260808]
Event: 3886.786 Thread 0x000001fe1d3b07b0 125181       3       it.unimi.dsi.fastutil.objects.Reference2ReferenceArrayMap::findKey (28 bytes)
Event: 3886.786 Thread 0x000001fe1d3b07b0 nmethod 125181 0x000001fe28e7ca90 code [0x000001fe28e7cc40, 0x000001fe28e7cee8]
Event: 3890.382 Thread 0x000001fe1d3b29c0 125182       4       net.caffeinemc.mods.lithium.common.world.chunk.heightmap.CombinedHeightmapUpdate::updateHeightmaps (749 bytes)
Event: 3890.459 Thread 0x000001fe1d3b29c0 nmethod 125182 0x000001fe31a6da10 code [0x000001fe31a6e240, 0x000001fe31a75908]
Event: 3891.632 Thread 0x000001fe1d3b07b0 125183       1       net.minecraft.world.entity.animal.Rabbit$RabbitJumpControl::setCanJump (6 bytes)
Event: 3891.632 Thread 0x000001fe1d3b07b0 nmethod 125183 0x000001fe2fe1f890 code [0x000001fe2fe1fa20, 0x000001fe2fe1faf0]
Event: 3891.826 Thread 0x000001fe1d3b07b0 125184   !   3       net.minecraft.server.MinecraftServer::runServer (890 bytes)
Event: 3891.832 Thread 0x000001fe1d3b07b0 nmethod 125184 0x000001fe2aab3610 code [0x000001fe2aab4480, 0x000001fe2aabd1f0]
Event: 3893.287 Thread 0x000001fe1d3b07b0 125185       1       com.sun.jna.internal.Cleaner::access$200 (5 bytes)
Event: 3893.288 Thread 0x000001fe1d3b07b0 nmethod 125185 0x000001fe2fe27210 code [0x000001fe2fe273a0, 0x000001fe2fe27478]
Event: 3893.386 Thread 0x000001fe1d3b07b0 125186       3       it.unimi.dsi.fastutil.objects.AbstractReferenceSortedSet::<init> (5 bytes)
Event: 3893.386 Thread 0x000001fe1d3b07b0 nmethod 125186 0x000001fe29065e90 code [0x000001fe29066040, 0x000001fe290662c0]
Event: 3895.934 Thread 0x000001fe1d3b29c0 125187       4       it.unimi.dsi.fastutil.objects.ReferenceLinkedOpenHashSet::<init> (117 bytes)
Event: 3895.937 Thread 0x000001fe1d3b29c0 nmethod 125187 0x000001fe301cfe90 code [0x000001fe301d0080, 0x000001fe301d0658]
Event: 3896.984 Thread 0x000001fe1d3b29c0 125188       4       com.farcr.nomansland.common.entity.living_pot.LivingPot::getVariant (61 bytes)
Event: 3896.994 Thread 0x000001fe1d3b29c0 nmethod 125188 0x000001fe3098a510 code [0x000001fe3098a7e0, 0x000001fe3098b470]
Event: 3898.234 Thread 0x000001fe1d3b07b0 125189       3       net.minecraft.util.ClassInstanceMultiMap::createAllOfGroupType (69 bytes)
Event: 3898.234 Thread 0x000001fe1d3b07b0 nmethod 125189 0x000001fe28359b10 code [0x000001fe28359da0, 0x000001fe2835a7d8]
Event: 3902.035 Thread 0x000001fe1d3b07b0 125190       3       it.unimi.dsi.fastutil.objects.Reference2ReferenceArrayMap$EntrySet$1::next (5 bytes)
Event: 3902.035 Thread 0x000001fe1d3b07b0 nmethod 125190 0x000001fe282f4510 code [0x000001fe282f46c0, 0x000001fe282f4800]
Event: 3904.883 Thread 0x000001fe1d3b29c0 125191       4       net.minecraft.network.protocol.game.ClientboundLevelEventPacket::type (4 bytes)
Event: 3904.883 Thread 0x000001fe1d3b29c0 nmethod 125191 0x000001fe2fe27810 code [0x000001fe2fe279a0, 0x000001fe2fe27a30]
Event: 3906.034 Thread 0x000001fe1d3b29c0 125192       4       it.unimi.dsi.fastutil.objects.Reference2ReferenceArrayMap::values (25 bytes)
Event: 3906.036 Thread 0x000001fe1d3b29c0 nmethod 125192 0x000001fe300fc210 code [0x000001fe300fc3a0, 0x000001fe300fc570]
Event: 3906.082 Thread 0x000001fe1d3b29c0 125193       4       com.google.gson.Gson::<init> (48 bytes)
Event: 3906.083 Thread 0x000001fe1d3b29c0 nmethod 125193 0x000001fe30152e10 code [0x000001fe30152fc0, 0x000001fe30153140]
Event: 3907.246 Thread 0x000001fe1d3b07b0 125194       3       java.util.concurrent.ForkJoinPool::compareAndSetCtl (13 bytes)
Event: 3907.247 Thread 0x000001fe1d3b07b0 nmethod 125194 0x000001fe2848ad10 code [0x000001fe2848aea0, 0x000001fe2848afd0]
Event: 3910.870 Thread 0x000001fe1d3b07b0 125195 %     3       net.minecraft.world.level.entity.PersistentEntitySectionManager::getAllChunksToSave @ 21 (70 bytes)
Event: 3910.877 Thread 0x000001fe1d3b07b0 nmethod 125195% 0x000001fe2890e110 code [0x000001fe2890e460, 0x000001fe2890f9a0]
Event: 3910.885 Thread 0x000001fe1d3b07b0 125196       3       net.minecraft.world.entity.GlowSquid::addAdditionalSaveData (16 bytes)
Event: 3910.886 Thread 0x000001fe1d3b07b0 nmethod 125196 0x000001fe2829b590 code [0x000001fe2829b860, 0x000001fe2829c908]
Event: 3910.904 Thread 0x000001fe1d3b07b0 125197       3       it.unimi.dsi.fastutil.longs.Long2ObjectOpenHashMap$KeySet::forEach (73 bytes)
Event: 3910.905 Thread 0x000001fe1d3b07b0 nmethod 125197 0x000001fe283a4810 code [0x000001fe283a4a00, 0x000001fe283a4f48]
Event: 3910.909 Thread 0x000001fe1d3b29c0 125198   !   4       sun.nio.ch.FileChannelImpl::implCloseChannel (146 bytes)
Event: 3910.921 Thread 0x000001fe1d3b07b0 125200       3       net.minecraft.Util::executeInSequence (50 bytes)
Event: 3910.932 Thread 0x000001fe1d3b07b0 nmethod 125200 0x000001fe287a8510 code [0x000001fe287a86e0, 0x000001fe287a8a58]
Event: 3910.932 Thread 0x000001fe1d3b07b0 125199       3       net.minecraft.Util::runWithRetries (69 bytes)
Event: 3910.945 Thread 0x000001fe1d3b07b0 nmethod 125199 0x000001fe2946c710 code [0x000001fe2946c9a0, 0x000001fe2946d7a8]
Event: 3910.985 Thread 0x000001fe1d3b29c0 nmethod 125198 0x000001fe3131cf90 code [0x000001fe3131d260, 0x000001fe3131e1b0]
Event: 3926.584 Thread 0x000001fe1d3b29c0 125201       4       com.farcr.nomansland.common.block.pots.PotBlock::entityInside (44 bytes)
Event: 3926.587 Thread 0x000001fe1d3b29c0 nmethod 125201 0x000001fe2fe23590 code [0x000001fe2fe23760, 0x000001fe2fe239c8]
Event: 3927.769 Thread 0x000001fe1d3b29c0 125202       4       net.minecraft.client.renderer.GameRenderer::tickFov (106 bytes)
Event: 3927.774 Thread 0x000001fe1d3b29c0 nmethod 125202 0x000001fe3024a010 code [0x000001fe3024a260, 0x000001fe3024a8a0]
Event: 3929.871 Thread 0x000001fe1d3b29c0 125203       4       net.minecraft.client.renderer.GameRenderer::tick (197 bytes)
Event: 3929.887 Thread 0x000001fe1d3b29c0 nmethod 125203 0x000001fe31603690 code [0x000001fe31603a40, 0x000001fe31605020]
Event: 3941.534 Thread 0x000001fe1d3b29c0 125204       4       com.farcr.nomansland.common.entity.living_pot.LivingPot::fireImmune (30 bytes)
Event: 3941.548 Thread 0x000001fe1d3b29c0 nmethod 125204 0x000001fe304fe790 code [0x000001fe304fea80, 0x000001fe304ff8f0]
Event: 3951.977 Thread 0x000001fe1d3b29c0 125205       4       net.minecraft.world.entity.LivingEntity::addAdditionalSaveData (236 bytes)
Event: 3952.025 Thread 0x000001fe1d3b29c0 nmethod 125205 0x000001fe31fe4610 code [0x000001fe31fe4c60, 0x000001fe31fe80d8]
Event: 3952.521 Thread 0x000001fe1d3b07b0 125206       3       java.util.concurrent.ForkJoinWorkerThread::onTermination (1 bytes)
Event: 3952.521 Thread 0x000001fe1d3b07b0 nmethod 125206 0x000001fe28b98b10 code [0x000001fe28b98ca0, 0x000001fe28b98da8]
Event: 3952.521 Thread 0x000001fe1d3b07b0 125207       3       java.util.concurrent.ForkJoinPool::deregisterWorker (247 bytes)
Event: 3952.522 Thread 0x000001fe1d3b07b0 nmethod 125207 0x000001fe2940df90 code [0x000001fe2940e2a0, 0x000001fe2940f720]
Event: 3952.522 Thread 0x000001fe1d3b07b0 125208   !   3       java.util.concurrent.ForkJoinPool::tryTerminate (332 bytes)
Event: 3952.524 Thread 0x000001fe1d3b07b0 nmethod 125208 0x000001fe2992b590 code [0x000001fe2992ba60, 0x000001fe2992df18]
Event: 3957.035 Thread 0x000001fe1d3b07b0 125209       1       it.unimi.dsi.fastutil.objects.AbstractReference2ReferenceMap$BasicEntry::getKey (5 bytes)
Event: 3957.035 Thread 0x000001fe1d3b07b0 nmethod 125209 0x000001fe2fe28f90 code [0x000001fe2fe29120, 0x000001fe2fe29218]
Event: 3957.476 Thread 0x000001fe1d3b29c0 125210       4       net.minecraft.network.protocol.game.ServerboundMovePlayerPacket$Pos$$Lambda/0x000002023f0a0e08::decode (8 bytes)
Event: 3957.484 Thread 0x000001fe1d3b29c0 nmethod 125210 0x000001fe30251d90 code [0x000001fe30251fa0, 0x000001fe30252820]
Event: 3957.682 Thread 0x000001fe1d3b29c0 125211       4       java.util.concurrent.ConcurrentLinkedQueue::contains (110 bytes)
Event: 3957.685 Thread 0x000001fe1d3b29c0 nmethod 125211 0x000001fe2fe7da90 code [0x000001fe2fe7dc60, 0x000001fe2fe7e0d0]
Event: 3969.284 Thread 0x000001fe1d3b29c0 125212       4       it.unimi.dsi.fastutil.objects.Reference2ReferenceArrayMap::put (173 bytes)
Event: 3969.286 Thread 0x000001fe1d3b29c0 nmethod 125212 0x000001fe2feb6f90 code [0x000001fe2feb7160, 0x000001fe2feb7668]
Event: 3970.939 Thread 0x000001fe1d3b29c0 125213       4       net.minecraft.world.entity.LivingEntity::lerpTargetY (19 bytes)
Event: 3970.940 Thread 0x000001fe1d3b29c0 nmethod 125213 0x000001fe2ffe9c10 code [0x000001fe2ffe9da0, 0x000001fe2ffe9ea0]
Event: 3970.940 Thread 0x000001fe1d3b29c0 125214       4       net.minecraft.world.entity.LivingEntity::lerpTargetZ (19 bytes)
Event: 3970.940 Thread 0x000001fe1d3b29c0 nmethod 125214 0x000001fe3000cc10 code [0x000001fe3000cda0, 0x000001fe3000cea0]
Event: 3974.931 Thread 0x000001fe1d3b29c0 125215       4       net.minecraft.world.level.LevelReader::containsAnyLiquid (144 bytes)
Event: 3974.938 Thread 0x000001fe1d3b29c0 nmethod 125215 0x000001fe30327610 code [0x000001fe30327820, 0x000001fe303281d8]
Event: 3979.885 Thread 0x000001fe1d3b07b0 125216       3       com.farcr.nomansland.common.entity.living_pot.LivingPot$$Lambda/0x000002023f7e6d18::test (12 bytes)
Event: 3979.885 Thread 0x000001fe1d3b07b0 nmethod 125216 0x000001fe286b3b10 code [0x000001fe286b3cc0, 0x000001fe286b3f30]
Event: 3979.885 Thread 0x000001fe1d3b07b0 125217       3       com.farcr.nomansland.common.entity.living_pot.LivingPot::lambda$registerGoals$0 (40 bytes)
Event: 3979.886 Thread 0x000001fe1d3b07b0 nmethod 125217 0x000001fe28ea7e10 code [0x000001fe28ea80e0, 0x000001fe28ea9748]
Event: 3984.907 Thread 0x000001fe1d3b29c0 125218       4       dev.emi.emi.screen.EmiScreenManager$ScreenSpace::containsNotExcluded (78 bytes)
Event: 3984.916 Thread 0x000001fe1d3b29c0 nmethod 125218 0x000001fe30366b90 code [0x000001fe30366da0, 0x000001fe30367730]
Event: 3986.833 Thread 0x000001fe1d3b29c0 125219       4       com.farcr.nomansland.common.entity.living_pot.LivingPot::getRemainingPersistentAngerTime (17 bytes)
Event: 3986.835 Thread 0x000001fe1d3b29c0 nmethod 125219 0x000001fe30097990 code [0x000001fe30097b40, 0x000001fe30097d98]

GC Heap History (250 events):
Event: 8.142 GC heap before
{Heap before GC invocations=2 (full 2):
 ZHeap           used 1704M, capacity 4174M, max capacity 32768M
 Metaspace       used 28842K, committed 29568K, reserved 1114112K
  class space    used 3600K, committed 3904K, reserved 1048576K
}
Event: 8.234 GC heap after
{Heap after GC invocations=2 (full 2):
 ZHeap           used 2346M, capacity 4174M, max capacity 32768M
 Metaspace       used 28846K, committed 29568K, reserved 1114112K
  class space    used 3600K, committed 3904K, reserved 1048576K
}
Event: 22.991 GC heap before
{Heap before GC invocations=2 (full 2):
 ZHeap           used 6554M, capacity 6554M, max capacity 32768M
 Metaspace       used 45702K, committed 46720K, reserved 1114112K
  class space    used 5814K, committed 6272K, reserved 1048576K
}
Event: 23.347 GC heap after
{Heap after GC invocations=3 (full 3):
 ZHeap           used 858M, capacity 6656M, max capacity 32768M
 Metaspace       used 48714K, committed 49856K, reserved 1114112K
  class space    used 6289K, committed 6848K, reserved 1048576K
}
Event: 23.347 GC heap before
{Heap before GC invocations=3 (full 3):
 ZHeap           used 858M, capacity 6656M, max capacity 32768M
 Metaspace       used 48714K, committed 49856K, reserved 1114112K
  class space    used 6289K, committed 6848K, reserved 1048576K
}
Event: 23.407 GC heap after
{Heap after GC invocations=3 (full 3):
 ZHeap           used 878M, capacity 6656M, max capacity 32768M
 Metaspace       used 48876K, committed 50048K, reserved 1114112K
  class space    used 6315K, committed 6848K, reserved 1048576K
}
Event: 30.053 GC heap before
{Heap before GC invocations=3 (full 3):
 ZHeap           used 6866M, capacity 6866M, max capacity 32768M
 Metaspace       used 82256K, committed 83520K, reserved 1179648K
  class space    used 13679K, committed 14272K, reserved 1048576K
}
Event: 31.213 GC heap after
{Heap after GC invocations=4 (full 4):
 ZHeap           used 1458M, capacity 7382M, max capacity 32768M
 Metaspace       used 90340K, committed 91648K, reserved 1179648K
  class space    used 15203K, committed 15808K, reserved 1048576K
}
Event: 31.213 GC heap before
{Heap before GC invocations=4 (full 4):
 ZHeap           used 1458M, capacity 7382M, max capacity 32768M
 Metaspace       used 90340K, committed 91648K, reserved 1179648K
  class space    used 15203K, committed 15808K, reserved 1048576K
}
Event: 31.290 GC heap after
{Heap after GC invocations=4 (full 4):
 ZHeap           used 1532M, capacity 7382M, max capacity 32768M
 Metaspace       used 90616K, committed 91968K, reserved 1179648K
  class space    used 15275K, committed 15872K, reserved 1048576K
}
Event: 36.760 GC heap before
{Heap before GC invocations=4 (full 4):
 ZHeap           used 6504M, capacity 7394M, max capacity 32768M
 Metaspace       used 151466K, committed 153344K, reserved 1179648K
  class space    used 25276K, committed 26176K, reserved 1048576K
}
Event: 38.928 GC heap after
{Heap after GC invocations=5 (full 5):
 ZHeap           used 2912M, capacity 8096M, max capacity 32768M
 Metaspace       used 211615K, committed 214144K, reserved 1245184K
  class space    used 37852K, committed 39232K, reserved 1048576K
}
Event: 38.928 GC heap before
{Heap before GC invocations=5 (full 5):
 ZHeap           used 2912M, capacity 8096M, max capacity 32768M
 Metaspace       used 211616K, committed 214144K, reserved 1245184K
  class space    used 37852K, committed 39232K, reserved 1048576K
}
Event: 39.075 GC heap after
{Heap after GC invocations=5 (full 5):
 ZHeap           used 3022M, capacity 8096M, max capacity 32768M
 Metaspace       used 215484K, committed 218048K, reserved 1245184K
  class space    used 38823K, committed 40192K, reserved 1048576K
}
Event: 52.039 GC heap before
{Heap before GC invocations=5 (full 5):
 ZHeap           used 9844M, capacity 9844M, max capacity 32768M
 Metaspace       used 278608K, committed 281984K, reserved 1310720K
  class space    used 51519K, committed 53184K, reserved 1048576K
}
Event: 53.223 GC heap after
{Heap after GC invocations=6 (full 6):
 ZHeap           used 4354M, capacity 11540M, max capacity 32768M
 Metaspace       used 281852K, committed 285184K, reserved 1310720K
  class space    used 52121K, committed 53760K, reserved 1048576K
}
Event: 53.224 GC heap before
{Heap before GC invocations=6 (full 6):
 ZHeap           used 4354M, capacity 11540M, max capacity 32768M
 Metaspace       used 281852K, committed 285184K, reserved 1310720K
  class space    used 52121K, committed 53760K, reserved 1048576K
}
Event: 54.087 GC heap after
{Heap after GC invocations=6 (full 6):
 ZHeap           used 6148M, capacity 11540M, max capacity 32768M
 Metaspace       used 289289K, committed 293056K, reserved 1310720K
  class space    used 53191K, committed 54976K, reserved 1048576K
}
Event: 71.400 GC heap before
{Heap before GC invocations=6 (full 6):
 ZHeap           used 20798M, capacity 20798M, max capacity 32768M
 Metaspace       used 298865K, committed 302336K, reserved 1310720K
  class space    used 54995K, committed 56640K, reserved 1048576K
}
Event: 73.512 GC heap after
{Heap after GC invocations=7 (full 6):
 ZHeap           used 2878M, capacity 21418M, max capacity 32768M
 Metaspace       used 299158K, committed 302656K, reserved 1310720K
  class space    used 55033K, committed 56704K, reserved 1048576K
}
Event: 90.336 GC heap before
{Heap before GC invocations=7 (full 6):
 ZHeap           used 10370M, capacity 21418M, max capacity 32768M
 Metaspace       used 320856K, committed 325120K, reserved 1376256K
  class space    used 58902K, committed 60864K, reserved 1048576K
}
Event: 95.835 GC heap after
{Heap after GC invocations=8 (full 7):
 ZHeap           used 6786M, capacity 21418M, max capacity 32768M
 Metaspace       used 335963K, committed 340608K, reserved 1376256K
  class space    used 61188K, committed 63296K, reserved 1048576K
}
Event: 95.835 GC heap before
{Heap before GC invocations=8 (full 7):
 ZHeap           used 6786M, capacity 21418M, max capacity 32768M
 Metaspace       used 335963K, committed 340608K, reserved 1376256K
  class space    used 61188K, committed 63296K, reserved 1048576K
}
Event: 96.860 GC heap after
{Heap after GC invocations=8 (full 7):
 ZHeap           used 7610M, capacity 21418M, max capacity 32768M
 Metaspace       used 340721K, committed 345472K, reserved 1376256K
  class space    used 61946K, committed 64064K, reserved 1048576K
}
Event: 103.165 GC heap before
{Heap before GC invocations=8 (full 7):
 ZHeap           used 15046M, capacity 21418M, max capacity 32768M
 Metaspace       used 370744K, committed 376320K, reserved 1376256K
  class space    used 66910K, committed 69376K, reserved 1048576K
}
Event: 109.483 GC heap after
{Heap after GC invocations=9 (full 8):
 ZHeap           used 15684M, capacity 24760M, max capacity 32768M
 Metaspace       used 380596K, committed 386432K, reserved 1376256K
  class space    used 68124K, committed 70656K, reserved 1048576K
}
Event: 109.483 GC heap before
{Heap before GC invocations=9 (full 8):
 ZHeap           used 15684M, capacity 24760M, max capacity 32768M
 Metaspace       used 380596K, committed 386432K, reserved 1376256K
  class space    used 68124K, committed 70656K, reserved 1048576K
}
Event: 110.680 GC heap before
{Heap before GC invocations=9 (full 8):
 ZHeap           used 17954M, capacity 25208M, max capacity 32768M
 Metaspace       used 383056K, committed 388864K, reserved 1376256K
  class space    used 68382K, committed 70912K, reserved 1048576K
}
Event: 111.570 GC heap after
{Heap after GC invocations=10 (full 8):
 ZHeap           used 3762M, capacity 25240M, max capacity 32768M
 Metaspace       used 384453K, committed 390336K, reserved 1376256K
  class space    used 68667K, committed 71232K, reserved 1048576K
}
Event: 113.526 GC heap after
{Heap after GC invocations=10 (full 8):
 ZHeap           used 5356M, capacity 25240M, max capacity 32768M
 Metaspace       used 385509K, committed 391360K, reserved 1376256K
  class space    used 68722K, committed 71296K, reserved 1048576K
}
Event: 114.431 GC heap before
{Heap before GC invocations=10 (full 8):
 ZHeap           used 6108M, capacity 25240M, max capacity 32768M
 Metaspace       used 386080K, committed 391936K, reserved 1376256K
  class space    used 68774K, committed 71360K, reserved 1048576K
}
Event: 115.641 GC heap after
{Heap after GC invocations=11 (full 8):
 ZHeap           used 3628M, capacity 25240M, max capacity 32768M
 Metaspace       used 386513K, committed 392512K, reserved 1376256K
  class space    used 68800K, committed 71424K, reserved 1048576K
}
Event: 145.980 GC heap before
{Heap before GC invocations=11 (full 8):
 ZHeap           used 19386M, capacity 25240M, max capacity 32768M
 Metaspace       used 390131K, committed 396032K, reserved 1376256K
  class space    used 68872K, committed 71488K, reserved 1048576K
}
Event: 146.090 GC heap after
{Heap after GC invocations=12 (full 8):
 ZHeap           used 3054M, capacity 25240M, max capacity 32768M
 Metaspace       used 390132K, committed 396032K, reserved 1376256K
  class space    used 68872K, committed 71488K, reserved 1048576K
}
Event: 160.578 GC heap before
{Heap before GC invocations=12 (full 8):
 ZHeap           used 10560M, capacity 25240M, max capacity 32768M
 Metaspace       used 390457K, committed 396352K, reserved 1376256K
  class space    used 68933K, committed 71552K, reserved 1048576K
}
Event: 160.720 GC heap after
{Heap after GC invocations=13 (full 8):
 ZHeap           used 3002M, capacity 25240M, max capacity 32768M
 Metaspace       used 390457K, committed 396352K, reserved 1376256K
  class space    used 68933K, committed 71552K, reserved 1048576K
}
Event: 166.117 GC heap before
{Heap before GC invocations=13 (full 8):
 ZHeap           used 5802M, capacity 25240M, max capacity 32768M
 Metaspace       used 390511K, committed 396352K, reserved 1376256K
  class space    used 68933K, committed 71552K, reserved 1048576K
}
Event: 166.246 GC heap after
{Heap after GC invocations=14 (full 9):
 ZHeap           used 3012M, capacity 25240M, max capacity 32768M
 Metaspace       used 390521K, committed 396416K, reserved 1376256K
  class space    used 68934K, committed 71552K, reserved 1048576K
}
Event: 166.246 GC heap before
{Heap before GC invocations=14 (full 9):
 ZHeap           used 3012M, capacity 25240M, max capacity 32768M
 Metaspace       used 390521K, committed 396416K, reserved 1376256K
  class space    used 68934K, committed 71552K, reserved 1048576K
}
Event: 171.575 GC heap after
{Heap after GC invocations=14 (full 9):
 ZHeap           used 5368M, capacity 25240M, max capacity 32768M
 Metaspace       used 390448K, committed 396416K, reserved 1376256K
  class space    used 68899K, committed 71552K, reserved 1048576K
}
Event: 221.296 GC heap before
{Heap before GC invocations=14 (full 9):
 ZHeap           used 30794M, capacity 30794M, max capacity 32768M
 Metaspace       used 391022K, committed 396864K, reserved 1376256K
  class space    used 68903K, committed 71552K, reserved 1048576K
}
Event: 221.510 GC heap after
{Heap after GC invocations=15 (full 9):
 ZHeap           used 2874M, capacity 30876M, max capacity 32768M
 Metaspace       used 391022K, committed 396864K, reserved 1376256K
  class space    used 68903K, committed 71552K, reserved 1048576K
}
Event: 274.250 GC heap before
{Heap before GC invocations=15 (full 9):
 ZHeap           used 31090M, capacity 31090M, max capacity 32768M
 Metaspace       used 391163K, committed 396992K, reserved 1376256K
  class space    used 68906K, committed 71552K, reserved 1048576K
}
Event: 274.474 GC heap after
{Heap after GC invocations=16 (full 9):
 ZHeap           used 2906M, capacity 31184M, max capacity 32768M
 Metaspace       used 391163K, committed 396992K, reserved 1376256K
  class space    used 68906K, committed 71552K, reserved 1048576K
}
Event: 325.358 GC heap before
{Heap before GC invocations=16 (full 9):
 ZHeap           used 31090M, capacity 31184M, max capacity 32768M
 Metaspace       used 391307K, committed 397120K, reserved 1376256K
  class space    used 68924K, committed 71552K, reserved 1048576K
}
Event: 325.617 GC heap after
{Heap after GC invocations=17 (full 9):
 ZHeap           used 2962M, capacity 31210M, max capacity 32768M
 Metaspace       used 391308K, committed 397120K, reserved 1376256K
  class space    used 68924K, committed 71552K, reserved 1048576K
}
Event: 376.220 GC heap before
{Heap before GC invocations=17 (full 9):
 ZHeap           used 31092M, capacity 31210M, max capacity 32768M
 Metaspace       used 391359K, committed 397184K, reserved 1376256K
  class space    used 68925K, committed 71552K, reserved 1048576K
}
Event: 376.530 GC heap after
{Heap after GC invocations=18 (full 9):
 ZHeap           used 2988M, capacity 31222M, max capacity 32768M
 Metaspace       used 391361K, committed 397184K, reserved 1376256K
  class space    used 68925K, committed 71552K, reserved 1048576K
}
Event: 427.532 GC heap before
{Heap before GC invocations=18 (full 9):
 ZHeap           used 31092M, capacity 31222M, max capacity 32768M
 Metaspace       used 391658K, committed 397504K, reserved 1376256K
  class space    used 68973K, committed 71552K, reserved 1048576K
}
Event: 427.807 GC heap after
{Heap after GC invocations=19 (full 9):
 ZHeap           used 3040M, capacity 31234M, max capacity 32768M
 Metaspace       used 391658K, committed 397504K, reserved 1376256K
  class space    used 68973K, committed 71552K, reserved 1048576K
}
Event: 482.509 GC heap before
{Heap before GC invocations=19 (full 9):
 ZHeap           used 31092M, capacity 31234M, max capacity 32768M
 Metaspace       used 393507K, committed 399360K, reserved 1441792K
  class space    used 69163K, committed 71744K, reserved 1048576K
}
Event: 482.863 GC heap after
{Heap after GC invocations=20 (full 9):
 ZHeap           used 3078M, capacity 31242M, max capacity 32768M
 Metaspace       used 393507K, committed 399360K, reserved 1441792K
  class space    used 69163K, committed 71744K, reserved 1048576K
}
Event: 545.773 GC heap before
{Heap before GC invocations=20 (full 9):
 ZHeap           used 31092M, capacity 31242M, max capacity 32768M
 Metaspace       used 393933K, committed 399872K, reserved 1441792K
  class space    used 69180K, committed 71808K, reserved 1048576K
}
Event: 546.113 GC heap after
{Heap after GC invocations=21 (full 9):
 ZHeap           used 3076M, capacity 31242M, max capacity 32768M
 Metaspace       used 393933K, committed 399872K, reserved 1441792K
  class space    used 69180K, committed 71808K, reserved 1048576K
}
Event: 606.031 GC heap before
{Heap before GC invocations=21 (full 9):
 ZHeap           used 31090M, capacity 31242M, max capacity 32768M
 Metaspace       used 394236K, committed 400192K, reserved 1441792K
  class space    used 69198K, committed 71808K, reserved 1048576K
}
Event: 606.423 GC heap after
{Heap after GC invocations=22 (full 9):
 ZHeap           used 3180M, capacity 31262M, max capacity 32768M
 Metaspace       used 394251K, committed 400192K, reserved 1441792K
  class space    used 69201K, committed 71808K, reserved 1048576K
}
Event: 634.753 GC heap before
{Heap before GC invocations=22 (full 9):
 ZHeap           used 17626M, capacity 31262M, max capacity 32768M
 Metaspace       used 394381K, committed 400384K, reserved 1441792K
  class space    used 69208K, committed 71872K, reserved 1048576K
}
Event: 635.283 GC heap after
{Heap after GC invocations=23 (full 10):
 ZHeap           used 3266M, capacity 31262M, max capacity 32768M
 Metaspace       used 394381K, committed 400384K, reserved 1441792K
  class space    used 69208K, committed 71872K, reserved 1048576K
}
Event: 635.283 GC heap before
{Heap before GC invocations=23 (full 10):
 ZHeap           used 3266M, capacity 31262M, max capacity 32768M
 Metaspace       used 394381K, committed 400384K, reserved 1441792K
  class space    used 69208K, committed 71872K, reserved 1048576K
}
Event: 639.924 GC heap after
{Heap after GC invocations=23 (full 10):
 ZHeap           used 5204M, capacity 31294M, max capacity 32768M
 Metaspace       used 394622K, committed 400576K, reserved 1441792K
  class space    used 69246K, committed 71872K, reserved 1048576K
}
Event: 682.517 GC heap before
{Heap before GC invocations=23 (full 10):
 ZHeap           used 31094M, capacity 31294M, max capacity 32768M
 Metaspace       used 395640K, committed 401600K, reserved 1441792K
  class space    used 69350K, committed 72000K, reserved 1048576K
}
Event: 682.980 GC heap after
{Heap after GC invocations=24 (full 10):
 ZHeap           used 3162M, capacity 31294M, max capacity 32768M
 Metaspace       used 395640K, committed 401600K, reserved 1441792K
  class space    used 69350K, committed 72000K, reserved 1048576K
}
Event: 717.444 GC heap before
{Heap before GC invocations=24 (full 10):
 ZHeap           used 31094M, capacity 31294M, max capacity 32768M
 Metaspace       used 396024K, committed 401984K, reserved 1441792K
  class space    used 69357K, committed 72000K, reserved 1048576K
}
Event: 717.954 GC heap after
{Heap after GC invocations=25 (full 10):
 ZHeap           used 4022M, capacity 31846M, max capacity 32768M
 Metaspace       used 396028K, committed 401984K, reserved 1441792K
  class space    used 69357K, committed 72000K, reserved 1048576K
}
Event: 743.876 GC heap before
{Heap before GC invocations=25 (full 10):
 ZHeap           used 30458M, capacity 31846M, max capacity 32768M
 Metaspace       used 396144K, committed 402048K, reserved 1441792K
  class space    used 69367K, committed 72000K, reserved 1048576K
}
Event: 744.521 GC heap after
{Heap after GC invocations=26 (full 10):
 ZHeap           used 3380M, capacity 31846M, max capacity 32768M
 Metaspace       used 396144K, committed 402048K, reserved 1441792K
  class space    used 69367K, committed 72000K, reserved 1048576K
}
Event: 798.604 GC heap before
{Heap before GC invocations=26 (full 10):
 ZHeap           used 30946M, capacity 31846M, max capacity 32768M
 Metaspace       used 396191K, committed 402112K, reserved 1441792K
  class space    used 69368K, committed 72000K, reserved 1048576K
}
Event: 799.264 GC heap after
{Heap after GC invocations=27 (full 10):
 ZHeap           used 3744M, capacity 31910M, max capacity 32768M
 Metaspace       used 396239K, committed 402176K, reserved 1441792K
  class space    used 69375K, committed 72000K, reserved 1048576K
}
Event: 817.881 GC heap before
{Heap before GC invocations=27 (full 10):
 ZHeap           used 28792M, capacity 32038M, max capacity 32768M
 Metaspace       used 397081K, committed 403072K, reserved 1441792K
  class space    used 69508K, committed 72192K, reserved 1048576K
}
Event: 818.988 GC heap after
{Heap after GC invocations=28 (full 10):
 ZHeap           used 3740M, capacity 32038M, max capacity 32768M
 Metaspace       used 397081K, committed 403072K, reserved 1441792K
  class space    used 69508K, committed 72192K, reserved 1048576K
}
Event: 861.461 GC heap before
{Heap before GC invocations=28 (full 10):
 ZHeap           used 26436M, capacity 32038M, max capacity 32768M
 Metaspace       used 397254K, committed 403200K, reserved 1441792K
  class space    used 69529K, committed 72192K, reserved 1048576K
}
Event: 862.425 GC heap after
{Heap after GC invocations=29 (full 10):
 ZHeap           used 3836M, capacity 32038M, max capacity 32768M
 Metaspace       used 397254K, committed 403200K, reserved 1441792K
  class space    used 69529K, committed 72192K, reserved 1048576K
}
Event: 890.117 GC heap before
{Heap before GC invocations=29 (full 10):
 ZHeap           used 19802M, capacity 32102M, max capacity 32768M
 Metaspace       used 398186K, committed 404160K, reserved 1441792K
  class space    used 69714K, committed 72384K, reserved 1048576K
}
Event: 891.517 GC heap after
{Heap after GC invocations=30 (full 11):
 ZHeap           used 4248M, capacity 32134M, max capacity 32768M
 Metaspace       used 399158K, committed 405184K, reserved 1441792K
  class space    used 69841K, committed 72512K, reserved 1048576K
}
Event: 891.517 GC heap before
{Heap before GC invocations=30 (full 11):
 ZHeap           used 4248M, capacity 32134M, max capacity 32768M
 Metaspace       used 399158K, committed 405184K, reserved 1441792K
  class space    used 69841K, committed 72512K, reserved 1048576K
}
Event: 896.063 GC heap after
{Heap after GC invocations=30 (full 11):
 ZHeap           used 5944M, capacity 32134M, max capacity 32768M
 Metaspace       used 398990K, committed 405184K, reserved 1441792K
  class space    used 69806K, committed 72512K, reserved 1048576K
}
Event: 942.905 GC heap before
{Heap before GC invocations=30 (full 11):
 ZHeap           used 30282M, capacity 32134M, max capacity 32768M
 Metaspace       used 400712K, committed 406912K, reserved 1441792K
  class space    used 70038K, committed 72768K, reserved 1048576K
}
Event: 943.367 GC heap after
{Heap after GC invocations=31 (full 11):
 ZHeap           used 3072M, capacity 32134M, max capacity 32768M
 Metaspace       used 400712K, committed 406912K, reserved 1441792K
  class space    used 70038K, committed 72768K, reserved 1048576K
}
Event: 993.475 GC heap before
{Heap before GC invocations=31 (full 11):
 ZHeap           used 30370M, capacity 32134M, max capacity 32768M
 Metaspace       used 400886K, committed 407104K, reserved 1441792K
  class space    used 70045K, committed 72768K, reserved 1048576K
}
Event: 993.806 GC heap after
{Heap after GC invocations=32 (full 11):
 ZHeap           used 3082M, capacity 32134M, max capacity 32768M
 Metaspace       used 400890K, committed 407104K, reserved 1441792K
  class space    used 70045K, committed 72768K, reserved 1048576K
}
Event: 1016.077 GC heap before
{Heap before GC invocations=32 (full 11):
 ZHeap           used 27398M, capacity 32134M, max capacity 32768M
 Metaspace       used 401474K, committed 407680K, reserved 1441792K
  class space    used 70082K, committed 72832K, reserved 1048576K
}
Event: 1016.877 GC heap after
{Heap after GC invocations=33 (full 11):
 ZHeap           used 3412M, capacity 32134M, max capacity 32768M
 Metaspace       used 401474K, committed 407680K, reserved 1441792K
  class space    used 70082K, committed 72832K, reserved 1048576K
}
Event: 1069.021 GC heap before
{Heap before GC invocations=33 (full 11):
 ZHeap           used 29200M, capacity 32134M, max capacity 32768M
 Metaspace       used 401479K, committed 407680K, reserved 1441792K
  class space    used 70083K, committed 72832K, reserved 1048576K
}
Event: 1070.058 GC heap after
{Heap after GC invocations=34 (full 11):
 ZHeap           used 3470M, capacity 32134M, max capacity 32768M
 Metaspace       used 401479K, committed 407680K, reserved 1441792K
  class space    used 70083K, committed 72832K, reserved 1048576K
}
Event: 1123.930 GC heap before
{Heap before GC invocations=34 (full 11):
 ZHeap           used 30972M, capacity 32134M, max capacity 32768M
 Metaspace       used 401480K, committed 407680K, reserved 1441792K
  class space    used 70083K, committed 72832K, reserved 1048576K
}
Event: 1124.003 GC heap after
{Heap after GC invocations=35 (full 11):
 ZHeap           used 3010M, capacity 32134M, max capacity 32768M
 Metaspace       used 401480K, committed 407680K, reserved 1441792K
  class space    used 70083K, committed 72832K, reserved 1048576K
}
Event: 1167.108 GC heap before
{Heap before GC invocations=35 (full 11):
 ZHeap           used 30008M, capacity 32134M, max capacity 32768M
 Metaspace       used 401533K, committed 407744K, reserved 1441792K
  class space    used 70084K, committed 72832K, reserved 1048576K
}
Event: 1167.353 GC heap after
{Heap after GC invocations=36 (full 11):
 ZHeap           used 3202M, capacity 32134M, max capacity 32768M
 Metaspace       used 401533K, committed 407744K, reserved 1441792K
  class space    used 70084K, committed 72832K, reserved 1048576K
}
Event: 1218.258 GC heap before
{Heap before GC invocations=36 (full 11):
 ZHeap           used 31090M, capacity 31180M, max capacity 32768M
 Metaspace       used 401555K, committed 407808K, reserved 1441792K
  class space    used 70084K, committed 72832K, reserved 1048576K
}
Event: 1218.504 GC heap after
{Heap after GC invocations=37 (full 11):
 ZHeap           used 3258M, capacity 31256M, max capacity 32768M
 Metaspace       used 401555K, committed 407808K, reserved 1441792K
  class space    used 70084K, committed 72832K, reserved 1048576K
}
Event: 1222.631 GC heap before
{Heap before GC invocations=37 (full 11):
 ZHeap           used 5520M, capacity 31256M, max capacity 32768M
 Metaspace       used 401556K, committed 407808K, reserved 1441792K
  class space    used 70084K, committed 72832K, reserved 1048576K
}
Event: 1222.836 GC heap after
{Heap after GC invocations=38 (full 12):
 ZHeap           used 3236M, capacity 31256M, max capacity 32768M
 Metaspace       used 401556K, committed 407808K, reserved 1441792K
  class space    used 70084K, committed 72832K, reserved 1048576K
}
Event: 1222.836 GC heap before
{Heap before GC invocations=38 (full 12):
 ZHeap           used 3236M, capacity 31256M, max capacity 32768M
 Metaspace       used 401556K, committed 407808K, reserved 1441792K
  class space    used 70084K, committed 72832K, reserved 1048576K
}
Event: 1227.674 GC heap after
{Heap after GC invocations=38 (full 12):
 ZHeap           used 5402M, capacity 31256M, max capacity 32768M
 Metaspace       used 401343K, committed 407680K, reserved 1441792K
  class space    used 70037K, committed 72832K, reserved 1048576K
}
Event: 1249.317 GC heap before
{Heap before GC invocations=38 (full 12):
 ZHeap           used 31034M, capacity 31256M, max capacity 32768M
 Metaspace       used 401758K, committed 407936K, reserved 1441792K
  class space    used 70083K, committed 72832K, reserved 1048576K
}
Event: 1250.146 GC heap after
{Heap after GC invocations=39 (full 12):
 ZHeap           used 3386M, capacity 31370M, max capacity 32768M
 Metaspace       used 401759K, committed 407936K, reserved 1441792K
  class space    used 70083K, committed 72832K, reserved 1048576K
}
Event: 1294.672 GC heap before
{Heap before GC invocations=39 (full 12):
 ZHeap           used 27350M, capacity 31370M, max capacity 32768M
 Metaspace       used 403009K, committed 409216K, reserved 1441792K
  class space    used 70339K, committed 73024K, reserved 1048576K
}
Event: 1295.464 GC heap after
{Heap after GC invocations=40 (full 12):
 ZHeap           used 3428M, capacity 31402M, max capacity 32768M
 Metaspace       used 403012K, committed 409216K, reserved 1441792K
  class space    used 70339K, committed 73024K, reserved 1048576K
}
Event: 1344.748 GC heap before
{Heap before GC invocations=40 (full 12):
 ZHeap           used 31092M, capacity 31402M, max capacity 32768M
 Metaspace       used 403139K, committed 409408K, reserved 1441792K
  class space    used 70347K, committed 73088K, reserved 1048576K
}
Event: 1344.889 GC heap after
{Heap after GC invocations=41 (full 12):
 ZHeap           used 3044M, capacity 31402M, max capacity 32768M
 Metaspace       used 403139K, committed 409408K, reserved 1441792K
  class space    used 70347K, committed 73088K, reserved 1048576K
}
Event: 1386.595 GC heap before
{Heap before GC invocations=41 (full 12):
 ZHeap           used 30622M, capacity 31402M, max capacity 32768M
 Metaspace       used 403153K, committed 409408K, reserved 1441792K
  class space    used 70347K, committed 73088K, reserved 1048576K
}
Event: 1386.778 GC heap after
{Heap after GC invocations=42 (full 12):
 ZHeap           used 3150M, capacity 31402M, max capacity 32768M
 Metaspace       used 403153K, committed 409408K, reserved 1441792K
  class space    used 70347K, committed 73088K, reserved 1048576K
}
Event: 1424.917 GC heap before
{Heap before GC invocations=42 (full 12):
 ZHeap           used 31094M, capacity 31402M, max capacity 32768M
 Metaspace       used 403415K, committed 409664K, reserved 1441792K
  class space    used 70383K, committed 73088K, reserved 1048576K
}
Event: 1425.389 GC heap after
{Heap after GC invocations=43 (full 12):
 ZHeap           used 3554M, capacity 31518M, max capacity 32768M
 Metaspace       used 403419K, committed 409664K, reserved 1441792K
  class space    used 70383K, committed 73088K, reserved 1048576K
}
Event: 1439.960 GC heap before
{Heap before GC invocations=43 (full 12):
 ZHeap           used 24180M, capacity 31658M, max capacity 32768M
 Metaspace       used 404233K, committed 410624K, reserved 1441792K
  class space    used 70533K, committed 73344K, reserved 1048576K
}
Event: 1441.936 GC heap after
{Heap after GC invocations=44 (full 13):
 ZHeap           used 10668M, capacity 31978M, max capacity 32768M
 Metaspace       used 404262K, committed 410688K, reserved 1441792K
  class space    used 70533K, committed 73344K, reserved 1048576K
}
Event: 1441.936 GC heap before
{Heap before GC invocations=44 (full 13):
 ZHeap           used 10668M, capacity 31978M, max capacity 32768M
 Metaspace       used 404262K, committed 410688K, reserved 1441792K
  class space    used 70533K, committed 73344K, reserved 1048576K
}
Event: 1442.016 GC heap before
{Heap before GC invocations=44 (full 13):
 ZHeap           used 10928M, capacity 31978M, max capacity 32768M
 Metaspace       used 404262K, committed 410688K, reserved 1441792K
  class space    used 70533K, committed 73344K, reserved 1048576K
}
Event: 1444.397 GC heap after
{Heap after GC invocations=45 (full 13):
 ZHeap           used 13220M, capacity 32490M, max capacity 32768M
 Metaspace       used 404301K, committed 410688K, reserved 1441792K
  class space    used 70536K, committed 73344K, reserved 1048576K
}
Event: 1447.172 GC heap after
{Heap after GC invocations=45 (full 13):
 ZHeap           used 16464M, capacity 32618M, max capacity 32768M
 Metaspace       used 403991K, committed 410688K, reserved 1441792K
  class space    used 70469K, committed 73344K, reserved 1048576K
}
Event: 1447.575 GC heap before
{Heap before GC invocations=45 (full 13):
 ZHeap           used 16764M, capacity 32618M, max capacity 32768M
 Metaspace       used 403991K, committed 410688K, reserved 1441792K
  class space    used 70469K, committed 73344K, reserved 1048576K
}
Event: 1448.350 GC heap after
{Heap after GC invocations=46 (full 13):
 ZHeap           used 3964M, capacity 32618M, max capacity 32768M
 Metaspace       used 404009K, committed 410688K, reserved 1441792K
  class space    used 70470K, committed 73344K, reserved 1048576K
}
Event: 1456.036 GC heap before
{Heap before GC invocations=46 (full 13):
 ZHeap           used 10018M, capacity 32618M, max capacity 32768M
 Metaspace       used 404057K, committed 410688K, reserved 1441792K
  class space    used 70470K, committed 73344K, reserved 1048576K
}
Event: 1458.224 GC heap after
{Heap after GC invocations=47 (full 13):
 ZHeap           used 4662M, capacity 32618M, max capacity 32768M
 Metaspace       used 404058K, committed 410688K, reserved 1441792K
  class space    used 70470K, committed 73344K, reserved 1048576K
}
Event: 1468.237 GC heap before
{Heap before GC invocations=47 (full 13):
 ZHeap           used 10808M, capacity 32618M, max capacity 32768M
 Metaspace       used 404058K, committed 410688K, reserved 1441792K
  class space    used 70470K, committed 73344K, reserved 1048576K
}
Event: 1468.331 GC heap after
{Heap after GC invocations=48 (full 13):
 ZHeap           used 3248M, capacity 32618M, max capacity 32768M
 Metaspace       used 404058K, committed 410688K, reserved 1441792K
  class space    used 70470K, committed 73344K, reserved 1048576K
}
Event: 1471.320 GC heap before
{Heap before GC invocations=48 (full 13):
 ZHeap           used 5060M, capacity 32618M, max capacity 32768M
 Metaspace       used 404060K, committed 410688K, reserved 1441792K
  class space    used 70470K, committed 73344K, reserved 1048576K
}
Event: 1471.408 GC heap after
{Heap after GC invocations=49 (full 13):
 ZHeap           used 3240M, capacity 32618M, max capacity 32768M
 Metaspace       used 404060K, committed 410688K, reserved 1441792K
  class space    used 70470K, committed 73344K, reserved 1048576K
}
Event: 1513.993 GC heap before
{Heap before GC invocations=49 (full 13):
 ZHeap           used 28678M, capacity 32618M, max capacity 32768M
 Metaspace       used 404082K, committed 410688K, reserved 1441792K
  class space    used 70470K, committed 73344K, reserved 1048576K
}
Event: 1514.087 GC heap after
{Heap after GC invocations=50 (full 13):
 ZHeap           used 3264M, capacity 32618M, max capacity 32768M
 Metaspace       used 404082K, committed 410688K, reserved 1441792K
  class space    used 70470K, committed 73344K, reserved 1048576K
}
Event: 1561.860 GC heap before
{Heap before GC invocations=50 (full 13):
 ZHeap           used 31090M, capacity 32618M, max capacity 32768M
 Metaspace       used 404093K, committed 410688K, reserved 1441792K
  class space    used 70470K, committed 73344K, reserved 1048576K
}
Event: 1561.989 GC heap after
{Heap after GC invocations=51 (full 13):
 ZHeap           used 3344M, capacity 32618M, max capacity 32768M
 Metaspace       used 404093K, committed 410688K, reserved 1441792K
  class space    used 70470K, committed 73344K, reserved 1048576K
}
Event: 1606.402 GC heap before
{Heap before GC invocations=51 (full 13):
 ZHeap           used 31096M, capacity 32618M, max capacity 32768M
 Metaspace       used 404096K, committed 410688K, reserved 1441792K
  class space    used 70470K, committed 73344K, reserved 1048576K
}
Event: 1606.554 GC heap after
{Heap after GC invocations=52 (full 13):
 ZHeap           used 3378M, capacity 32618M, max capacity 32768M
 Metaspace       used 404096K, committed 410688K, reserved 1441792K
  class space    used 70470K, committed 73344K, reserved 1048576K
}
Event: 1651.665 GC heap before
{Heap before GC invocations=52 (full 13):
 ZHeap           used 31092M, capacity 32618M, max capacity 32768M
 Metaspace       used 404103K, committed 410688K, reserved 1441792K
  class space    used 70470K, committed 73344K, reserved 1048576K
}
Event: 1651.834 GC heap after
{Heap after GC invocations=53 (full 13):
 ZHeap           used 3412M, capacity 32618M, max capacity 32768M
 Metaspace       used 404103K, committed 410688K, reserved 1441792K
  class space    used 70470K, committed 73344K, reserved 1048576K
}
Event: 1695.529 GC heap before
{Heap before GC invocations=53 (full 13):
 ZHeap           used 31092M, capacity 32618M, max capacity 32768M
 Metaspace       used 404107K, committed 410688K, reserved 1441792K
  class space    used 70470K, committed 73344K, reserved 1048576K
}
Event: 1695.752 GC heap after
{Heap after GC invocations=54 (full 13):
 ZHeap           used 3492M, capacity 32618M, max capacity 32768M
 Metaspace       used 404107K, committed 410688K, reserved 1441792K
  class space    used 70470K, committed 73344K, reserved 1048576K
}
Event: 1741.780 GC heap before
{Heap before GC invocations=54 (full 13):
 ZHeap           used 31090M, capacity 32618M, max capacity 32768M
 Metaspace       used 404200K, committed 410688K, reserved 1441792K
  class space    used 70475K, committed 73344K, reserved 1048576K
}
Event: 1742.048 GC heap after
{Heap after GC invocations=55 (full 13):
 ZHeap           used 3546M, capacity 32618M, max capacity 32768M
 Metaspace       used 404200K, committed 410688K, reserved 1441792K
  class space    used 70475K, committed 73344K, reserved 1048576K
}
Event: 1760.282 GC heap before
{Heap before GC invocations=55 (full 13):
 ZHeap           used 14600M, capacity 31236M, max capacity 32768M
 Metaspace       used 404203K, committed 410688K, reserved 1441792K
  class space    used 70475K, committed 73344K, reserved 1048576K
}
Event: 1760.544 GC heap after
{Heap after GC invocations=56 (full 14):
 ZHeap           used 3578M, capacity 31236M, max capacity 32768M
 Metaspace       used 404203K, committed 410688K, reserved 1441792K
  class space    used 70475K, committed 73344K, reserved 1048576K
}
Event: 1760.544 GC heap before
{Heap before GC invocations=56 (full 14):
 ZHeap           used 3578M, capacity 31236M, max capacity 32768M
 Metaspace       used 404203K, committed 410688K, reserved 1441792K
  class space    used 70475K, committed 73344K, reserved 1048576K
}
Event: 1765.955 GC heap after
{Heap after GC invocations=56 (full 14):
 ZHeap           used 6176M, capacity 31236M, max capacity 32768M
 Metaspace       used 404203K, committed 410688K, reserved 1441792K
  class space    used 70475K, committed 73344K, reserved 1048576K
}
Event: 1785.126 GC heap before
{Heap before GC invocations=56 (full 14):
 ZHeap           used 31100M, capacity 31364M, max capacity 32768M
 Metaspace       used 404617K, committed 411008K, reserved 1441792K
  class space    used 70511K, committed 73344K, reserved 1048576K
}
Event: 1786.035 GC heap after
{Heap after GC invocations=57 (full 14):
 ZHeap           used 4784M, capacity 32098M, max capacity 32768M
 Metaspace       used 404644K, committed 411072K, reserved 1441792K
  class space    used 70514K, committed 73344K, reserved 1048576K
}
Event: 1824.127 GC heap before
{Heap before GC invocations=57 (full 14):
 ZHeap           used 26088M, capacity 32098M, max capacity 32768M
 Metaspace       used 404953K, committed 411328K, reserved 1441792K
  class space    used 70546K, committed 73344K, reserved 1048576K
}
Event: 1824.959 GC heap after
{Heap after GC invocations=58 (full 14):
 ZHeap           used 3670M, capacity 32098M, max capacity 32768M
 Metaspace       used 404953K, committed 411328K, reserved 1441792K
  class space    used 70546K, committed 73344K, reserved 1048576K
}
Event: 1870.832 GC heap before
{Heap before GC invocations=58 (full 14):
 ZHeap           used 30962M, capacity 32098M, max capacity 32768M
 Metaspace       used 404994K, committed 411328K, reserved 1441792K
  class space    used 70547K, committed 73344K, reserved 1048576K
}
Event: 1871.371 GC heap after
{Heap after GC invocations=59 (full 14):
 ZHeap           used 3602M, capacity 32098M, max capacity 32768M
 Metaspace       used 404994K, committed 411328K, reserved 1441792K
  class space    used 70547K, committed 73344K, reserved 1048576K
}
Event: 1923.776 GC heap before
{Heap before GC invocations=59 (full 14):
 ZHeap           used 31092M, capacity 32098M, max capacity 32768M
 Metaspace       used 405000K, committed 411392K, reserved 1441792K
  class space    used 70547K, committed 73344K, reserved 1048576K
}
Event: 1924.542 GC heap after
{Heap after GC invocations=60 (full 14):
 ZHeap           used 3730M, capacity 32098M, max capacity 32768M
 Metaspace       used 405000K, committed 411392K, reserved 1441792K
  class space    used 70547K, committed 73344K, reserved 1048576K
}
Event: 1975.952 GC heap before
{Heap before GC invocations=60 (full 14):
 ZHeap           used 31092M, capacity 32098M, max capacity 32768M
 Metaspace       used 405013K, committed 411392K, reserved 1441792K
  class space    used 70547K, committed 73344K, reserved 1048576K
}
Event: 1976.162 GC heap after
{Heap after GC invocations=61 (full 14):
 ZHeap           used 3470M, capacity 32098M, max capacity 32768M
 Metaspace       used 405013K, committed 411392K, reserved 1441792K
  class space    used 70547K, committed 73344K, reserved 1048576K
}
Event: 2027.384 GC heap before
{Heap before GC invocations=61 (full 14):
 ZHeap           used 31094M, capacity 32098M, max capacity 32768M
 Metaspace       used 405016K, committed 411392K, reserved 1441792K
  class space    used 70547K, committed 73344K, reserved 1048576K
}
Event: 2027.599 GC heap after
{Heap after GC invocations=62 (full 14):
 ZHeap           used 3518M, capacity 32098M, max capacity 32768M
 Metaspace       used 405016K, committed 411392K, reserved 1441792K
  class space    used 70547K, committed 73344K, reserved 1048576K
}
Event: 2075.103 GC heap before
{Heap before GC invocations=62 (full 14):
 ZHeap           used 31090M, capacity 32098M, max capacity 32768M
 Metaspace       used 405027K, committed 411392K, reserved 1441792K
  class space    used 70547K, committed 73344K, reserved 1048576K
}
Event: 2075.350 GC heap after
{Heap after GC invocations=63 (full 14):
 ZHeap           used 3532M, capacity 32098M, max capacity 32768M
 Metaspace       used 405027K, committed 411392K, reserved 1441792K
  class space    used 70547K, committed 73344K, reserved 1048576K
}
Event: 2093.436 GC heap before
{Heap before GC invocations=63 (full 14):
 ZHeap           used 13936M, capacity 31362M, max capacity 32768M
 Metaspace       used 405035K, committed 411392K, reserved 1441792K
  class space    used 70547K, committed 73344K, reserved 1048576K
}
Event: 2093.681 GC heap after
{Heap after GC invocations=64 (full 15):
 ZHeap           used 3556M, capacity 31362M, max capacity 32768M
 Metaspace       used 405035K, committed 411392K, reserved 1441792K
  class space    used 70547K, committed 73344K, reserved 1048576K
}
Event: 2093.681 GC heap before
{Heap before GC invocations=64 (full 15):
 ZHeap           used 3556M, capacity 31362M, max capacity 32768M
 Metaspace       used 405035K, committed 411392K, reserved 1441792K
  class space    used 70547K, committed 73344K, reserved 1048576K
}
Event: 2098.980 GC heap after
{Heap after GC invocations=64 (full 15):
 ZHeap           used 6044M, capacity 31362M, max capacity 32768M
 Metaspace       used 404859K, committed 411328K, reserved 1441792K
  class space    used 70512K, committed 73344K, reserved 1048576K
}
Event: 2141.073 GC heap before
{Heap before GC invocations=64 (full 15):
 ZHeap           used 31092M, capacity 31362M, max capacity 32768M
 Metaspace       used 404863K, committed 411328K, reserved 1441792K
  class space    used 70512K, committed 73344K, reserved 1048576K
}
Event: 2141.369 GC heap after
{Heap after GC invocations=65 (full 15):
 ZHeap           used 3258M, capacity 31362M, max capacity 32768M
 Metaspace       used 404863K, committed 411328K, reserved 1441792K
  class space    used 70512K, committed 73344K, reserved 1048576K
}
Event: 2195.704 GC heap before
{Heap before GC invocations=65 (full 15):
 ZHeap           used 31092M, capacity 31362M, max capacity 32768M
 Metaspace       used 404981K, committed 411328K, reserved 1441792K
  class space    used 70513K, committed 73344K, reserved 1048576K
}
Event: 2196.046 GC heap after
{Heap after GC invocations=66 (full 15):
 ZHeap           used 3226M, capacity 31362M, max capacity 32768M
 Metaspace       used 404989K, committed 411328K, reserved 1441792K
  class space    used 70513K, committed 73344K, reserved 1048576K
}
Event: 2253.863 GC heap before
{Heap before GC invocations=66 (full 15):
 ZHeap           used 31092M, capacity 31296M, max capacity 32768M
 Metaspace       used 405688K, committed 412096K, reserved 1441792K
  class space    used 70598K, committed 73408K, reserved 1048576K
}
Event: 2254.185 GC heap after
{Heap after GC invocations=67 (full 15):
 ZHeap           used 3222M, capacity 31296M, max capacity 32768M
 Metaspace       used 405688K, committed 412096K, reserved 1441792K
  class space    used 70598K, committed 73408K, reserved 1048576K
}
Event: 2309.373 GC heap before
{Heap before GC invocations=67 (full 15):
 ZHeap           used 31090M, capacity 31296M, max capacity 32768M
 Metaspace       used 405717K, committed 412096K, reserved 1441792K
  class space    used 70598K, committed 73408K, reserved 1048576K
}
Event: 2309.739 GC heap after
{Heap after GC invocations=68 (full 15):
 ZHeap           used 3280M, capacity 31296M, max capacity 32768M
 Metaspace       used 405717K, committed 412096K, reserved 1441792K
  class space    used 70598K, committed 73408K, reserved 1048576K
}
Event: 2349.274 GC heap before
{Heap before GC invocations=68 (full 15):
 ZHeap           used 31090M, capacity 31360M, max capacity 32768M
 Metaspace       used 406229K, committed 412544K, reserved 1441792K
  class space    used 70639K, committed 73408K, reserved 1048576K
}
Event: 2349.970 GC heap after
{Heap after GC invocations=69 (full 15):
 ZHeap           used 3672M, capacity 31360M, max capacity 32768M
 Metaspace       used 406229K, committed 412544K, reserved 1441792K
  class space    used 70639K, committed 73408K, reserved 1048576K
}
Event: 2398.138 GC heap before
{Heap before GC invocations=69 (full 15):
 ZHeap           used 31094M, capacity 31360M, max capacity 32768M
 Metaspace       used 406229K, committed 412544K, reserved 1441792K
  class space    used 70639K, committed 73408K, reserved 1048576K
}
Event: 2398.464 GC heap after
{Heap after GC invocations=70 (full 15):
 ZHeap           used 3368M, capacity 31360M, max capacity 32768M
 Metaspace       used 406229K, committed 412544K, reserved 1441792K
  class space    used 70639K, committed 73408K, reserved 1048576K
}
Event: 2429.226 GC heap before
{Heap before GC invocations=70 (full 15):
 ZHeap           used 20180M, capacity 31360M, max capacity 32768M
 Metaspace       used 406292K, committed 412608K, reserved 1441792K
  class space    used 70639K, committed 73408K, reserved 1048576K
}
Event: 2429.307 GC heap after
{Heap after GC invocations=71 (full 16):
 ZHeap           used 3248M, capacity 31360M, max capacity 32768M
 Metaspace       used 406292K, committed 412608K, reserved 1441792K
  class space    used 70639K, committed 73408K, reserved 1048576K
}
Event: 2429.307 GC heap before
{Heap before GC invocations=71 (full 16):
 ZHeap           used 3248M, capacity 31360M, max capacity 32768M
 Metaspace       used 406292K, committed 412608K, reserved 1441792K
  class space    used 70639K, committed 73408K, reserved 1048576K
}
Event: 2434.554 GC heap after
{Heap after GC invocations=71 (full 16):
 ZHeap           used 5654M, capacity 31360M, max capacity 32768M
 Metaspace       used 406292K, committed 412608K, reserved 1441792K
  class space    used 70639K, committed 73408K, reserved 1048576K
}
Event: 2480.147 GC heap before
{Heap before GC invocations=71 (full 16):
 ZHeap           used 31096M, capacity 31360M, max capacity 32768M
 Metaspace       used 406324K, committed 412672K, reserved 1441792K
  class space    used 70639K, committed 73408K, reserved 1048576K
}
Event: 2480.228 GC heap after
{Heap after GC invocations=72 (full 16):
 ZHeap           used 2922M, capacity 31360M, max capacity 32768M
 Metaspace       used 406324K, committed 412672K, reserved 1441792K
  class space    used 70639K, committed 73408K, reserved 1048576K
}
Event: 2532.445 GC heap before
{Heap before GC invocations=72 (full 16):
 ZHeap           used 31094M, capacity 31360M, max capacity 32768M
 Metaspace       used 406326K, committed 412672K, reserved 1441792K
  class space    used 70639K, committed 73408K, reserved 1048576K
}
Event: 2532.500 GC heap after
{Heap after GC invocations=73 (full 16):
 ZHeap           used 2916M, capacity 31360M, max capacity 32768M
 Metaspace       used 406326K, committed 412672K, reserved 1441792K
  class space    used 70639K, committed 73408K, reserved 1048576K
}
Event: 2584.198 GC heap before
{Heap before GC invocations=73 (full 16):
 ZHeap           used 31094M, capacity 31360M, max capacity 32768M
 Metaspace       used 406436K, committed 412736K, reserved 1441792K
  class space    used 70642K, committed 73408K, reserved 1048576K
}
Event: 2584.371 GC heap after
{Heap after GC invocations=74 (full 16):
 ZHeap           used 3044M, capacity 31360M, max capacity 32768M
 Metaspace       used 406436K, committed 412736K, reserved 1441792K
  class space    used 70642K, committed 73408K, reserved 1048576K
}
Event: 2638.903 GC heap before
{Heap before GC invocations=74 (full 16):
 ZHeap           used 31092M, capacity 31332M, max capacity 32768M
 Metaspace       used 406484K, committed 412800K, reserved 1441792K
  class space    used 70644K, committed 73408K, reserved 1048576K
}
Event: 2639.121 GC heap after
{Heap after GC invocations=75 (full 16):
 ZHeap           used 3106M, capacity 31332M, max capacity 32768M
 Metaspace       used 406484K, committed 412800K, reserved 1441792K
  class space    used 70644K, committed 73408K, reserved 1048576K
}
Event: 2693.266 GC heap before
{Heap before GC invocations=75 (full 16):
 ZHeap           used 31092M, capacity 31246M, max capacity 32768M
 Metaspace       used 406561K, committed 412864K, reserved 1441792K
  class space    used 70644K, committed 73408K, reserved 1048576K
}
Event: 2693.476 GC heap after
{Heap after GC invocations=76 (full 16):
 ZHeap           used 3164M, capacity 31246M, max capacity 32768M
 Metaspace       used 406561K, committed 412864K, reserved 1441792K
  class space    used 70644K, committed 73408K, reserved 1048576K
}
Event: 2724.935 GC heap before
{Heap before GC invocations=76 (full 16):
 ZHeap           used 19440M, capacity 31240M, max capacity 32768M
 Metaspace       used 406565K, committed 412864K, reserved 1441792K
  class space    used 70644K, committed 73408K, reserved 1048576K
}
Event: 2725.198 GC heap after
{Heap after GC invocations=77 (full 17):
 ZHeap           used 3200M, capacity 31240M, max capacity 32768M
 Metaspace       used 406565K, committed 412864K, reserved 1441792K
  class space    used 70644K, committed 73408K, reserved 1048576K
}
Event: 2725.198 GC heap before
{Heap before GC invocations=77 (full 17):
 ZHeap           used 3200M, capacity 31240M, max capacity 32768M
 Metaspace       used 406565K, committed 412864K, reserved 1441792K
  class space    used 70644K, committed 73408K, reserved 1048576K
}
Event: 2730.062 GC heap after
{Heap after GC invocations=77 (full 17):
 ZHeap           used 5614M, capacity 31240M, max capacity 32768M
 Metaspace       used 406565K, committed 412864K, reserved 1441792K
  class space    used 70644K, committed 73408K, reserved 1048576K
}
Event: 2777.752 GC heap before
{Heap before GC invocations=77 (full 17):
 ZHeap           used 31092M, capacity 31240M, max capacity 32768M
 Metaspace       used 406571K, committed 412864K, reserved 1441792K
  class space    used 70644K, committed 73408K, reserved 1048576K
}
Event: 2778.005 GC heap after
{Heap after GC invocations=78 (full 17):
 ZHeap           used 3176M, capacity 31240M, max capacity 32768M
 Metaspace       used 406571K, committed 412864K, reserved 1441792K
  class space    used 70644K, committed 73408K, reserved 1048576K
}
Event: 2807.628 GC heap before
{Heap before GC invocations=78 (full 17):
 ZHeap           used 31092M, capacity 31354M, max capacity 32768M
 Metaspace       used 407087K, committed 413504K, reserved 1441792K
  class space    used 70684K, committed 73472K, reserved 1048576K
}
Event: 2808.538 GC heap after
{Heap after GC invocations=79 (full 17):
 ZHeap           used 3842M, capacity 31584M, max capacity 32768M
 Metaspace       used 407088K, committed 413504K, reserved 1441792K
  class space    used 70684K, committed 73472K, reserved 1048576K
}
Event: 2854.140 GC heap before
{Heap before GC invocations=79 (full 17):
 ZHeap           used 28298M, capacity 31584M, max capacity 32768M
 Metaspace       used 407260K, committed 413632K, reserved 1441792K
  class space    used 70691K, committed 73472K, reserved 1048576K
}
Event: 2854.991 GC heap after
{Heap after GC invocations=80 (full 17):
 ZHeap           used 3676M, capacity 31584M, max capacity 32768M
 Metaspace       used 407270K, committed 413632K, reserved 1441792K
  class space    used 70691K, committed 73472K, reserved 1048576K
}
Event: 2872.948 GC heap before
{Heap before GC invocations=80 (full 17):
 ZHeap           used 26996M, capacity 31584M, max capacity 32768M
 Metaspace       used 407659K, committed 414016K, reserved 1441792K
  class space    used 70727K, committed 73536K, reserved 1048576K
}
Event: 2873.759 GC heap after
{Heap after GC invocations=81 (full 17):
 ZHeap           used 3726M, capacity 31584M, max capacity 32768M
 Metaspace       used 407659K, committed 414016K, reserved 1441792K
  class space    used 70727K, committed 73536K, reserved 1048576K
}
Event: 2913.757 GC heap before
{Heap before GC invocations=81 (full 17):
 ZHeap           used 29248M, capacity 31584M, max capacity 32768M
 Metaspace       used 407933K, committed 414336K, reserved 1441792K
  class space    used 70762K, committed 73600K, reserved 1048576K
}
Event: 2914.821 GC heap after
{Heap after GC invocations=82 (full 17):
 ZHeap           used 4850M, capacity 31584M, max capacity 32768M
 Metaspace       used 407946K, committed 414336K, reserved 1441792K
  class space    used 70762K, committed 73600K, reserved 1048576K
}
Event: 2948.341 GC heap before
{Heap before GC invocations=82 (full 17):
 ZHeap           used 29150M, capacity 31584M, max capacity 32768M
 Metaspace       used 408015K, committed 414400K, reserved 1441792K
  class space    used 70762K, committed 73600K, reserved 1048576K
}
Event: 2948.990 GC heap after
{Heap after GC invocations=83 (full 17):
 ZHeap           used 3652M, capacity 31584M, max capacity 32768M
 Metaspace       used 408015K, committed 414400K, reserved 1441792K
  class space    used 70762K, committed 73600K, reserved 1048576K
}
Event: 2979.940 GC heap before
{Heap before GC invocations=83 (full 17):
 ZHeap           used 26238M, capacity 31584M, max capacity 32768M
 Metaspace       used 408080K, committed 414464K, reserved 1441792K
  class space    used 70764K, committed 73600K, reserved 1048576K
}
Event: 2980.813 GC heap after
{Heap after GC invocations=84 (full 18):
 ZHeap           used 4030M, capacity 31584M, max capacity 32768M
 Metaspace       used 408086K, committed 414528K, reserved 1441792K
  class space    used 70764K, committed 73600K, reserved 1048576K
}
Event: 2980.813 GC heap before
{Heap before GC invocations=84 (full 18):
 ZHeap           used 4030M, capacity 31584M, max capacity 32768M
 Metaspace       used 408086K, committed 414528K, reserved 1441792K
  class space    used 70764K, committed 73600K, reserved 1048576K
}
Event: 2985.482 GC heap after
{Heap after GC invocations=84 (full 18):
 ZHeap           used 8482M, capacity 31584M, max capacity 32768M
 Metaspace       used 408001K, committed 414592K, reserved 1441792K
  class space    used 70741K, committed 73600K, reserved 1048576K
}
Event: 3022.324 GC heap before
{Heap before GC invocations=84 (full 18):
 ZHeap           used 30282M, capacity 31808M, max capacity 32768M
 Metaspace       used 408179K, committed 414592K, reserved 1441792K
  class space    used 70758K, committed 73600K, reserved 1048576K
}
Event: 3023.165 GC heap after
{Heap after GC invocations=85 (full 18):
 ZHeap           used 3678M, capacity 31808M, max capacity 32768M
 Metaspace       used 408179K, committed 414592K, reserved 1441792K
  class space    used 70758K, committed 73600K, reserved 1048576K
}
Event: 3071.597 GC heap before
{Heap before GC invocations=85 (full 18):
 ZHeap           used 31090M, capacity 31808M, max capacity 32768M
 Metaspace       used 408227K, committed 414592K, reserved 1441792K
  class space    used 70758K, committed 73600K, reserved 1048576K
}
Event: 3072.363 GC heap after
{Heap after GC invocations=86 (full 18):
 ZHeap           used 3730M, capacity 31808M, max capacity 32768M
 Metaspace       used 408227K, committed 414592K, reserved 1441792K
  class space    used 70758K, committed 73600K, reserved 1048576K
}
Event: 3120.211 GC heap before
{Heap before GC invocations=86 (full 18):
 ZHeap           used 31092M, capacity 31808M, max capacity 32768M
 Metaspace       used 408233K, committed 414592K, reserved 1441792K
  class space    used 70758K, committed 73600K, reserved 1048576K
}
Event: 3120.907 GC heap after
{Heap after GC invocations=87 (full 18):
 ZHeap           used 3648M, capacity 31808M, max capacity 32768M
 Metaspace       used 408233K, committed 414592K, reserved 1441792K
  class space    used 70758K, committed 73600K, reserved 1048576K
}
Event: 3162.634 GC heap before
{Heap before GC invocations=87 (full 18):
 ZHeap           used 31090M, capacity 31808M, max capacity 32768M
 Metaspace       used 408465K, committed 414848K, reserved 1441792K
  class space    used 70794K, committed 73600K, reserved 1048576K
}
Event: 3163.635 GC heap after
{Heap after GC invocations=88 (full 18):
 ZHeap           used 5126M, capacity 32400M, max capacity 32768M
 Metaspace       used 408466K, committed 414848K, reserved 1441792K
  class space    used 70794K, committed 73600K, reserved 1048576K
}
Event: 3189.982 GC heap before
{Heap before GC invocations=88 (full 18):
 ZHeap           used 27654M, capacity 32464M, max capacity 32768M
 Metaspace       used 408594K, committed 414976K, reserved 1441792K
  class space    used 70794K, committed 73600K, reserved 1048576K
}
Event: 3190.902 GC heap after
{Heap after GC invocations=89 (full 18):
 ZHeap           used 3842M, capacity 32464M, max capacity 32768M
 Metaspace       used 408594K, committed 414976K, reserved 1441792K
  class space    used 70794K, committed 73600K, reserved 1048576K
}
Event: 3240.789 GC heap before
{Heap before GC invocations=89 (full 18):
 ZHeap           used 30614M, capacity 32464M, max capacity 32768M
 Metaspace       used 408617K, committed 414976K, reserved 1441792K
  class space    used 70794K, committed 73600K, reserved 1048576K
}
Event: 3241.717 GC heap after
{Heap after GC invocations=90 (full 18):
 ZHeap           used 3870M, capacity 32464M, max capacity 32768M
 Metaspace       used 408617K, committed 414976K, reserved 1441792K
  class space    used 70794K, committed 73600K, reserved 1048576K
}
Event: 3292.085 GC heap before
{Heap before GC invocations=90 (full 18):
 ZHeap           used 31096M, capacity 32464M, max capacity 32768M
 Metaspace       used 408630K, committed 414976K, reserved 1441792K
  class space    used 70794K, committed 73600K, reserved 1048576K
}
Event: 3292.698 GC heap after
{Heap after GC invocations=91 (full 18):
 ZHeap           used 3768M, capacity 32464M, max capacity 32768M
 Metaspace       used 408630K, committed 414976K, reserved 1441792K
  class space    used 70794K, committed 73600K, reserved 1048576K
}
Event: 3313.502 GC heap before
{Heap before GC invocations=91 (full 18):
 ZHeap           used 14610M, capacity 32464M, max capacity 32768M
 Metaspace       used 408633K, committed 414976K, reserved 1441792K
  class space    used 70794K, committed 73600K, reserved 1048576K
}
Event: 3314.155 GC heap after
{Heap after GC invocations=92 (full 19):
 ZHeap           used 3722M, capacity 32464M, max capacity 32768M
 Metaspace       used 408633K, committed 414976K, reserved 1441792K
  class space    used 70794K, committed 73600K, reserved 1048576K
}
Event: 3314.155 GC heap before
{Heap before GC invocations=92 (full 19):
 ZHeap           used 3722M, capacity 32464M, max capacity 32768M
 Metaspace       used 408633K, committed 414976K, reserved 1441792K
  class space    used 70794K, committed 73600K, reserved 1048576K
}
Event: 3319.570 GC heap after
{Heap after GC invocations=92 (full 19):
 ZHeap           used 5698M, capacity 32464M, max capacity 32768M
 Metaspace       used 408107K, committed 414592K, reserved 1441792K
  class space    used 70688K, committed 73536K, reserved 1048576K
}
Event: 3368.942 GC heap before
{Heap before GC invocations=92 (full 19):
 ZHeap           used 31092M, capacity 32464M, max capacity 32768M
 Metaspace       used 408107K, committed 414592K, reserved 1441792K
  class space    used 70688K, committed 73536K, reserved 1048576K
}
Event: 3369.150 GC heap after
{Heap after GC invocations=93 (full 19):
 ZHeap           used 3120M, capacity 32464M, max capacity 32768M
 Metaspace       used 408107K, committed 414592K, reserved 1441792K
  class space    used 70688K, committed 73536K, reserved 1048576K
}
Event: 3420.549 GC heap before
{Heap before GC invocations=93 (full 19):
 ZHeap           used 31090M, capacity 32464M, max capacity 32768M
 Metaspace       used 408116K, committed 414592K, reserved 1441792K
  class space    used 70689K, committed 73536K, reserved 1048576K
}
Event: 3420.692 GC heap after
{Heap after GC invocations=94 (full 19):
 ZHeap           used 3154M, capacity 32464M, max capacity 32768M
 Metaspace       used 408116K, committed 414592K, reserved 1441792K
  class space    used 70689K, committed 73536K, reserved 1048576K
}
Event: 3471.042 GC heap before
{Heap before GC invocations=94 (full 19):
 ZHeap           used 31094M, capacity 32464M, max capacity 32768M
 Metaspace       used 408135K, committed 414592K, reserved 1441792K
  class space    used 70689K, committed 73536K, reserved 1048576K
}
Event: 3471.233 GC heap after
{Heap after GC invocations=95 (full 19):
 ZHeap           used 3216M, capacity 32464M, max capacity 32768M
 Metaspace       used 408135K, committed 414592K, reserved 1441792K
  class space    used 70689K, committed 73536K, reserved 1048576K
}
Event: 3519.502 GC heap before
{Heap before GC invocations=95 (full 19):
 ZHeap           used 31094M, capacity 31384M, max capacity 32768M
 Metaspace       used 408138K, committed 414592K, reserved 1441792K
  class space    used 70689K, committed 73536K, reserved 1048576K
}
Event: 3519.697 GC heap after
{Heap after GC invocations=96 (full 19):
 ZHeap           used 3280M, capacity 31384M, max capacity 32768M
 Metaspace       used 408138K, committed 414592K, reserved 1441792K
  class space    used 70689K, committed 73536K, reserved 1048576K
}
Event: 3566.455 GC heap before
{Heap before GC invocations=96 (full 19):
 ZHeap           used 31090M, capacity 31384M, max capacity 32768M
 Metaspace       used 408163K, committed 414592K, reserved 1441792K
  class space    used 70689K, committed 73536K, reserved 1048576K
}
Event: 3566.675 GC heap after
{Heap after GC invocations=97 (full 19):
 ZHeap           used 3308M, capacity 31384M, max capacity 32768M
 Metaspace       used 408163K, committed 414592K, reserved 1441792K
  class space    used 70689K, committed 73536K, reserved 1048576K
}
Event: 3614.930 GC heap before
{Heap before GC invocations=97 (full 19):
 ZHeap           used 31094M, capacity 31296M, max capacity 32768M
 Metaspace       used 408168K, committed 414592K, reserved 1441792K
  class space    used 70690K, committed 73536K, reserved 1048576K
}
Event: 3615.158 GC heap after
{Heap after GC invocations=98 (full 19):
 ZHeap           used 3348M, capacity 31296M, max capacity 32768M
 Metaspace       used 408168K, committed 414592K, reserved 1441792K
  class space    used 70690K, committed 73536K, reserved 1048576K
}
Event: 3644.350 GC heap before
{Heap before GC invocations=98 (full 19):
 ZHeap           used 20356M, capacity 31296M, max capacity 32768M
 Metaspace       used 408172K, committed 414592K, reserved 1441792K
  class space    used 70690K, committed 73536K, reserved 1048576K
}
Event: 3644.599 GC heap after
{Heap after GC invocations=99 (full 20):
 ZHeap           used 3376M, capacity 31296M, max capacity 32768M
 Metaspace       used 408172K, committed 414592K, reserved 1441792K
  class space    used 70690K, committed 73536K, reserved 1048576K
}
Event: 3644.599 GC heap before
{Heap before GC invocations=99 (full 20):
 ZHeap           used 3376M, capacity 31296M, max capacity 32768M
 Metaspace       used 408172K, committed 414592K, reserved 1441792K
  class space    used 70690K, committed 73536K, reserved 1048576K
}
Event: 3649.728 GC heap after
{Heap after GC invocations=99 (full 20):
 ZHeap           used 5996M, capacity 31296M, max capacity 32768M
 Metaspace       used 408172K, committed 414592K, reserved 1441792K
  class space    used 70690K, committed 73536K, reserved 1048576K
}
Event: 3690.707 GC heap before
{Heap before GC invocations=99 (full 20):
 ZHeap           used 31094M, capacity 31354M, max capacity 32768M
 Metaspace       used 408721K, committed 415104K, reserved 1441792K
  class space    used 70739K, committed 73536K, reserved 1048576K
}
Event: 3691.144 GC heap after
{Heap after GC invocations=100 (full 20):
 ZHeap           used 3302M, capacity 31354M, max capacity 32768M
 Metaspace       used 408721K, committed 415104K, reserved 1441792K
  class space    used 70739K, committed 73536K, reserved 1048576K
}
Event: 3731.140 GC heap before
{Heap before GC invocations=100 (full 20):
 ZHeap           used 31092M, capacity 31354M, max capacity 32768M
 Metaspace       used 409228K, committed 415616K, reserved 1441792K
  class space    used 70817K, committed 73600K, reserved 1048576K
}
Event: 3731.709 GC heap after
{Heap after GC invocations=101 (full 20):
 ZHeap           used 3498M, capacity 31354M, max capacity 32768M
 Metaspace       used 409228K, committed 415616K, reserved 1441792K
  class space    used 70817K, committed 73600K, reserved 1048576K
}
Event: 3756.185 GC heap before
{Heap before GC invocations=101 (full 20):
 ZHeap           used 29806M, capacity 31354M, max capacity 32768M
 Metaspace       used 409477K, committed 415872K, reserved 1441792K
  class space    used 70857K, committed 73664K, reserved 1048576K
}
Event: 3757.142 GC heap after
{Heap after GC invocations=102 (full 20):
 ZHeap           used 3858M, capacity 31354M, max capacity 32768M
 Metaspace       used 409477K, committed 415872K, reserved 1441792K
  class space    used 70857K, committed 73664K, reserved 1048576K
}
Event: 3791.476 GC heap before
{Heap before GC invocations=102 (full 20):
 ZHeap           used 27582M, capacity 31354M, max capacity 32768M
 Metaspace       used 409480K, committed 415872K, reserved 1441792K
  class space    used 70857K, committed 73664K, reserved 1048576K
}
Event: 3792.424 GC heap after
{Heap after GC invocations=103 (full 21):
 ZHeap           used 3974M, capacity 31418M, max capacity 32768M
 Metaspace       used 409480K, committed 415872K, reserved 1441792K
  class space    used 70857K, committed 73664K, reserved 1048576K
}
Event: 3792.424 GC heap before
{Heap before GC invocations=103 (full 21):
 ZHeap           used 3974M, capacity 31418M, max capacity 32768M
 Metaspace       used 409480K, committed 415872K, reserved 1441792K
  class space    used 70857K, committed 73664K, reserved 1048576K
}
Event: 3796.974 GC heap after
{Heap after GC invocations=103 (full 21):
 ZHeap           used 6290M, capacity 31418M, max capacity 32768M
 Metaspace       used 409304K, committed 415808K, reserved 1441792K
  class space    used 70822K, committed 73664K, reserved 1048576K
}
Event: 3839.865 GC heap before
{Heap before GC invocations=103 (full 21):
 ZHeap           used 30478M, capacity 31418M, max capacity 32768M
 Metaspace       used 409316K, committed 415808K, reserved 1441792K
  class space    used 70822K, committed 73664K, reserved 1048576K
}
Event: 3840.524 GC heap after
{Heap after GC invocations=104 (full 21):
 ZHeap           used 3610M, capacity 31418M, max capacity 32768M
 Metaspace       used 409320K, committed 415808K, reserved 1441792K
  class space    used 70822K, committed 73664K, reserved 1048576K
}
Event: 3888.841 GC heap before
{Heap before GC invocations=104 (full 21):
 ZHeap           used 31094M, capacity 31418M, max capacity 32768M
 Metaspace       used 409381K, committed 415808K, reserved 1441792K
  class space    used 70824K, committed 73664K, reserved 1048576K
}
Event: 3889.422 GC heap after
{Heap after GC invocations=105 (full 21):
 ZHeap           used 3658M, capacity 31450M, max capacity 32768M
 Metaspace       used 409381K, committed 415808K, reserved 1441792K
  class space    used 70824K, committed 73664K, reserved 1048576K
}
Event: 3936.615 GC heap before
{Heap before GC invocations=105 (full 21):
 ZHeap           used 31090M, capacity 31450M, max capacity 32768M
 Metaspace       used 409387K, committed 415808K, reserved 1441792K
  class space    used 70824K, committed 73664K, reserved 1048576K
}
Event: 3937.148 GC heap after
{Heap after GC invocations=106 (full 21):
 ZHeap           used 3640M, capacity 31450M, max capacity 32768M
 Metaspace       used 409387K, committed 415808K, reserved 1441792K
  class space    used 70824K, committed 73664K, reserved 1048576K
}
Event: 3985.586 GC heap before
{Heap before GC invocations=106 (full 21):
 ZHeap           used 31094M, capacity 31450M, max capacity 32768M
 Metaspace       used 409396K, committed 415808K, reserved 1441792K
  class space    used 70824K, committed 73664K, reserved 1048576K
}
Event: 3986.262 GC heap after
{Heap after GC invocations=107 (full 21):
 ZHeap           used 3640M, capacity 31450M, max capacity 32768M
 Metaspace       used 409396K, committed 415808K, reserved 1441792K
  class space    used 70824K, committed 73664K, reserved 1048576K
}

Dll operation events (19 events):
Event: 0.005 Loaded shared library C:\Program Files\Eclipse Adoptium\jdk-21.0.10.7-hotspot\bin\java.dll
Event: 0.006 Loaded shared library KernelBase
Event: 0.036 Loaded shared library C:\Program Files\Eclipse Adoptium\jdk-21.0.10.7-hotspot\bin\jsvml.dll
Event: 0.111 Loaded shared library C:\Program Files\Eclipse Adoptium\jdk-21.0.10.7-hotspot\bin\net.dll
Event: 0.113 Loaded shared library C:\Program Files\Eclipse Adoptium\jdk-21.0.10.7-hotspot\bin\nio.dll
Event: 0.115 Loaded shared library C:\Program Files\Eclipse Adoptium\jdk-21.0.10.7-hotspot\bin\zip.dll
Event: 0.152 Loaded shared library C:\Program Files\Eclipse Adoptium\jdk-21.0.10.7-hotspot\bin\zip.dll
Event: 0.153 Loaded shared library C:\Program Files\Eclipse Adoptium\jdk-21.0.10.7-hotspot\bin\instrument.dll
Event: 0.177 Loaded shared library C:\Program Files\Eclipse Adoptium\jdk-21.0.10.7-hotspot\bin\jimage.dll
Event: 0.201 Loaded shared library C:\Program Files\Eclipse Adoptium\jdk-21.0.10.7-hotspot\bin\extnet.dll
Event: 0.502 Loaded shared library C:\Program Files\Eclipse Adoptium\jdk-21.0.10.7-hotspot\bin\verify.dll
Event: 1.652 Loaded shared library C:\Program Files\Eclipse Adoptium\jdk-21.0.10.7-hotspot\bin\management.dll
Event: 1.654 Loaded shared library C:\Program Files\Eclipse Adoptium\jdk-21.0.10.7-hotspot\bin\management_ext.dll
Event: 23.229 Loaded shared library C:\Users\Noah7\AppData\Roaming\ModrinthApp\meta\natives\1.21.1-21.1.233\jna8054081776043584259.dll
Event: 32.638 Loaded shared library C:\Users\Noah7\AppData\Roaming\ModrinthApp\meta\natives\1.21.1-21.1.233\lwjgl.dll
Event: 33.211 Loaded shared library C:\Program Files\Eclipse Adoptium\jdk-21.0.10.7-hotspot\bin\sunmscapi.dll
Event: 35.425 Loaded shared library C:\Users\Noah7\AppData\Roaming\ModrinthApp\meta\natives\1.21.1-21.1.233\lwjgl_opengl.dll
Event: 35.665 Loaded shared library C:\Program Files\Eclipse Adoptium\jdk-21.0.10.7-hotspot\bin\awt.dll
Event: 35.747 Loaded shared library C:\Users\Noah7\AppData\Roaming\ModrinthApp\meta\natives\1.21.1-21.1.233\lwjgl_stb.dll

Deoptimization events (250 events):
Event: 3711.839 Thread 0x000001fe1f387500 DEOPT PACKING pc=0x000001fe3027097c sp=0x00000086244fddd0
Event: 3711.839 Thread 0x000001fe1f387500 DEOPT UNPACKING pc=0x000001fe2f6f41a2 sp=0x00000086244fdd50 mode 2
Event: 3711.920 Thread 0x00000203a9842d30 DEOPT PACKING pc=0x000001fe283219b0 sp=0x0000008627cfeba0
Event: 3711.920 Thread 0x00000203a9842d30 DEOPT UNPACKING pc=0x000001fe2f6f4942 sp=0x0000008627cfe0c8 mode 0
Event: 3712.388 Thread 0x000001fe1f387500 Uncommon trap: trap_request=0xffffff45 fr.pc=0x000001fe3533a8fc relative=0x000000000000053c
Event: 3712.388 Thread 0x000001fe1f387500 Uncommon trap: reason=unstable_if action=reinterpret pc=0x000001fe3533a8fc method=dev.emi.emi.screen.EmiScreenBase.of(Lnet/minecraft/client/gui/screens/Screen;)Ldev/emi/emi/screen/EmiScreenBase; @ 210 c2
Event: 3712.388 Thread 0x000001fe1f387500 DEOPT PACKING pc=0x000001fe3533a8fc sp=0x00000086244fdb30
Event: 3712.388 Thread 0x000001fe1f387500 DEOPT UNPACKING pc=0x000001fe2f6f41a2 sp=0x00000086244fdaa8 mode 2
Event: 3712.388 Thread 0x000001fe1f387500 Uncommon trap: trap_request=0xffffff45 fr.pc=0x000001fe3192f180 relative=0x0000000000000760
Event: 3712.388 Thread 0x000001fe1f387500 Uncommon trap: reason=unstable_if action=reinterpret pc=0x000001fe3192f180 method=dev.emi.emi.registry.EmiRecipeFiller.getAllHandlers(Lnet/minecraft/client/gui/screens/inventory/AbstractContainerScreen;)Ljava/util/List; @ 13 c2
Event: 3712.388 Thread 0x000001fe1f387500 DEOPT PACKING pc=0x000001fe3192f180 sp=0x00000086244fda20
Event: 3712.388 Thread 0x000001fe1f387500 DEOPT UNPACKING pc=0x000001fe2f6f41a2 sp=0x00000086244fd938 mode 2
Event: 3712.388 Thread 0x000001fe1f387500 Uncommon trap: trap_request=0xffffff45 fr.pc=0x000001fe332069c8 relative=0x00000000000005a8
Event: 3712.388 Thread 0x000001fe1f387500 Uncommon trap: reason=unstable_if action=reinterpret pc=0x000001fe332069c8 method=dev.emi.emi.registry.EmiRecipeFiller.getAllHandlers(Lnet/minecraft/client/gui/screens/inventory/AbstractContainerScreen;)Ljava/util/List; @ 13 c2
Event: 3712.388 Thread 0x000001fe1f387500 DEOPT PACKING pc=0x000001fe332069c8 sp=0x00000086244fd870
Event: 3712.388 Thread 0x000001fe1f387500 DEOPT UNPACKING pc=0x000001fe2f6f41a2 sp=0x00000086244fd7e8 mode 2
Event: 3712.388 Thread 0x000001fe1f387500 Uncommon trap: trap_request=0xffffffde fr.pc=0x000001fe3452c184 relative=0x0000000000000284
Event: 3712.388 Thread 0x000001fe1f387500 Uncommon trap: reason=class_check action=maybe_recompile pc=0x000001fe3452c184 method=dev.emi.emi.VanillaPlugin.lambda$register$2(Lnet/minecraft/client/gui/screens/Screen;Ljava/util/function/Consumer;)V @ 17 c2
Event: 3712.388 Thread 0x000001fe1f387500 DEOPT PACKING pc=0x000001fe3452c184 sp=0x00000086244fd9e0
Event: 3712.388 Thread 0x000001fe1f387500 DEOPT UNPACKING pc=0x000001fe2f6f41a2 sp=0x00000086244fd920 mode 2
Event: 3712.390 Thread 0x000001fe1f387500 Uncommon trap: trap_request=0xffffff45 fr.pc=0x000001fe32df44a0 relative=0x0000000000001620
Event: 3712.390 Thread 0x000001fe1f387500 Uncommon trap: reason=unstable_if action=reinterpret pc=0x000001fe32df44a0 method=dev.emi.emi.screen.EmiScreenManager$ScreenSpace.<init>(IIIIZLjava/util/List;Ljava/util/function/Supplier;Z)V @ 186 c2
Event: 3712.390 Thread 0x000001fe1f387500 DEOPT PACKING pc=0x000001fe32df44a0 sp=0x00000086244fd7d0
Event: 3712.390 Thread 0x000001fe1f387500 DEOPT UNPACKING pc=0x000001fe2f6f41a2 sp=0x00000086244fd760 mode 2
Event: 3712.392 Thread 0x000001fe1f387500 Uncommon trap: trap_request=0xffffff45 fr.pc=0x000001fe3175b980 relative=0x00000000000019a0
Event: 3712.392 Thread 0x000001fe1f387500 Uncommon trap: reason=unstable_if action=reinterpret pc=0x000001fe3175b980 method=me.pieking1215.invmove.module.VanillaModule.shouldAllowMovement(Lnet/minecraft/client/gui/screens/Screen;)Lme/pieking1215/invmove/module/Module$Movement; @ 230 c2
Event: 3712.392 Thread 0x000001fe1f387500 DEOPT PACKING pc=0x000001fe3175b980 sp=0x00000086244fd7f0
Event: 3712.392 Thread 0x000001fe1f387500 DEOPT UNPACKING pc=0x000001fe2f6f41a2 sp=0x00000086244fd7e0 mode 2
Event: 3712.407 Thread 0x000001fe1f387500 Uncommon trap: trap_request=0xffffffde fr.pc=0x000001fe345c1e2c relative=0x00000000000001cc
Event: 3712.407 Thread 0x000001fe1f387500 Uncommon trap: reason=class_check action=maybe_recompile pc=0x000001fe345c1e2c method=net.mehvahdjukaar.jeed.compat.NativeCompat$1.getEffectAtPosition(Lnet/minecraft/client/gui/screens/Screen;DDLnet/mehvahdjukaar/jeed/api/IEffectScreenExtension$CallReason
Event: 3712.407 Thread 0x000001fe1f387500 DEOPT PACKING pc=0x000001fe345c1e2c sp=0x00000086244fde40
Event: 3712.407 Thread 0x000001fe1f387500 DEOPT UNPACKING pc=0x000001fe2f6f41a2 sp=0x00000086244fddb0 mode 2
Event: 3712.413 Thread 0x000001fe1f387500 Uncommon trap: trap_request=0xffffffde fr.pc=0x000001fe3452c184 relative=0x0000000000000284
Event: 3712.413 Thread 0x000001fe1f387500 Uncommon trap: reason=class_check action=maybe_recompile pc=0x000001fe3452c184 method=dev.emi.emi.VanillaPlugin.lambda$register$2(Lnet/minecraft/client/gui/screens/Screen;Ljava/util/function/Consumer;)V @ 17 c2
Event: 3712.413 Thread 0x000001fe1f387500 DEOPT PACKING pc=0x000001fe3452c184 sp=0x00000086244fdb50
Event: 3712.413 Thread 0x000001fe1f387500 DEOPT UNPACKING pc=0x000001fe2f6f41a2 sp=0x00000086244fda90 mode 2
Event: 3712.413 Thread 0x000001fe1f387500 Uncommon trap: trap_request=0xffffff45 fr.pc=0x000001fe34297208 relative=0x0000000000000c28
Event: 3712.413 Thread 0x000001fe1f387500 Uncommon trap: reason=unstable_if action=reinterpret pc=0x000001fe34297208 method=net.minecraft.client.gui.components.AbstractWidget.getGlobalBackgroundNormal_FancyMenu()Lde/keksuccino/fancymenu/util/resource/RenderableResource; @ 13 c2
Event: 3712.413 Thread 0x000001fe1f387500 DEOPT PACKING pc=0x000001fe34297208 sp=0x00000086244fda20
Event: 3712.413 Thread 0x000001fe1f387500 DEOPT UNPACKING pc=0x000001fe2f6f41a2 sp=0x00000086244fd900 mode 2
Event: 3712.413 Thread 0x000001fe1f387500 Uncommon trap: trap_request=0xffffff45 fr.pc=0x000001fe3424a1d4 relative=0x00000000000003d4
Event: 3712.413 Thread 0x000001fe1f387500 Uncommon trap: reason=unstable_if action=reinterpret pc=0x000001fe3424a1d4 method=net.minecraft.client.gui.components.AbstractWidget.getGlobalBackgroundHover_FancyMenu()Lde/keksuccino/fancymenu/util/resource/RenderableResource; @ 13 c2
Event: 3712.413 Thread 0x000001fe1f387500 DEOPT PACKING pc=0x000001fe3424a1d4 sp=0x00000086244fd940
Event: 3712.413 Thread 0x000001fe1f387500 DEOPT UNPACKING pc=0x000001fe2f6f41a2 sp=0x00000086244fd8f8 mode 2
Event: 3712.413 Thread 0x000001fe1f387500 Uncommon trap: trap_request=0xffffff45 fr.pc=0x000001fe3424b354 relative=0x00000000000003d4
Event: 3712.413 Thread 0x000001fe1f387500 Uncommon trap: reason=unstable_if action=reinterpret pc=0x000001fe3424b354 method=net.minecraft.client.gui.components.AbstractWidget.getGlobalBackgroundInactive_FancyMenu()Lde/keksuccino/fancymenu/util/resource/RenderableResource; @ 13 c2
Event: 3712.413 Thread 0x000001fe1f387500 DEOPT PACKING pc=0x000001fe3424b354 sp=0x00000086244fd940
Event: 3712.413 Thread 0x000001fe1f387500 DEOPT UNPACKING pc=0x000001fe2f6f41a2 sp=0x00000086244fd8f8 mode 2
Event: 3712.415 Thread 0x000001fe1f387500 Uncommon trap: trap_request=0xffffff45 fr.pc=0x000001fe35653030 relative=0x00000000000010f0
Event: 3712.415 Thread 0x000001fe1f387500 Uncommon trap: reason=unstable_if action=reinterpret pc=0x000001fe35653030 method=net.minecraft.client.gui.screens.inventory.AbstractContainerScreen.renderSlotContents(Lnet/minecraft/client/gui/GuiGraphics;Lnet/minecraft/world/item/ItemStack;Lnet/minecraf
Event: 3712.415 Thread 0x000001fe1f387500 DEOPT PACKING pc=0x000001fe35653030 sp=0x00000086244fdc70
Event: 3712.415 Thread 0x000001fe1f387500 DEOPT UNPACKING pc=0x000001fe2f6f41a2 sp=0x00000086244fdb10 mode 2
Event: 3712.417 Thread 0x000001fe1f387500 Uncommon trap: trap_request=0xffffffde fr.pc=0x000001fe3452c184 relative=0x0000000000000284
Event: 3712.417 Thread 0x000001fe1f387500 Uncommon trap: reason=class_check action=maybe_recompile pc=0x000001fe3452c184 method=dev.emi.emi.VanillaPlugin.lambda$register$2(Lnet/minecraft/client/gui/screens/Screen;Ljava/util/function/Consumer;)V @ 17 c2
Event: 3712.417 Thread 0x000001fe1f387500 DEOPT PACKING pc=0x000001fe3452c184 sp=0x00000086244fdaa0
Event: 3712.417 Thread 0x000001fe1f387500 DEOPT UNPACKING pc=0x000001fe2f6f41a2 sp=0x00000086244fd9e0 mode 2
Event: 3712.417 Thread 0x000001fe1f387500 Uncommon trap: trap_request=0xffffffde fr.pc=0x000001fe31cfb640 relative=0x00000000000004a0
Event: 3712.417 Thread 0x000001fe1f387500 Uncommon trap: reason=class_check action=maybe_recompile pc=0x000001fe31cfb640 method=net.minecraft.client.gui.screens.inventory.EffectRenderingInventoryScreen.localvar$hkm000$owo$shiftStatusEffects(I)I @ 1 c2
Event: 3712.417 Thread 0x000001fe1f387500 DEOPT PACKING pc=0x000001fe31cfb640 sp=0x00000086244fdda0
Event: 3712.417 Thread 0x000001fe1f387500 DEOPT UNPACKING pc=0x000001fe2f6f41a2 sp=0x00000086244fdc58 mode 2
Event: 3712.418 Thread 0x000001fe1f387500 Uncommon trap: trap_request=0xffffff45 fr.pc=0x000001fe303ae280 relative=0x0000000000000140
Event: 3712.418 Thread 0x000001fe1f387500 Uncommon trap: reason=unstable_if action=reinterpret pc=0x000001fe303ae280 method=net.fabricmc.fabric.impl.client.screen.ScreenEventFactory.lambda$createAfterRenderEvent$4([Lnet/fabricmc/fabric/api/client/screen/v1/ScreenEvents$AfterRender;Lnet/minecraft/
Event: 3712.418 Thread 0x000001fe1f387500 DEOPT PACKING pc=0x000001fe303ae280 sp=0x00000086244fded0
Event: 3712.418 Thread 0x000001fe1f387500 DEOPT UNPACKING pc=0x000001fe2f6f41a2 sp=0x00000086244fdb80 mode 2
Event: 3712.426 Thread 0x000001fe1f387500 Uncommon trap: trap_request=0xffffffde fr.pc=0x000001fe345c1e2c relative=0x00000000000001cc
Event: 3712.426 Thread 0x000001fe1f387500 Uncommon trap: reason=class_check action=maybe_recompile pc=0x000001fe345c1e2c method=net.mehvahdjukaar.jeed.compat.NativeCompat$1.getEffectAtPosition(Lnet/minecraft/client/gui/screens/Screen;DDLnet/mehvahdjukaar/jeed/api/IEffectScreenExtension$CallReason
Event: 3712.426 Thread 0x000001fe1f387500 DEOPT PACKING pc=0x000001fe345c1e2c sp=0x00000086244fde40
Event: 3712.426 Thread 0x000001fe1f387500 DEOPT UNPACKING pc=0x000001fe2f6f41a2 sp=0x00000086244fddb0 mode 2
Event: 3712.427 Thread 0x000001fe1f387500 Uncommon trap: trap_request=0xffffffde fr.pc=0x000001fe3452c184 relative=0x0000000000000284
Event: 3712.427 Thread 0x000001fe1f387500 Uncommon trap: reason=class_check action=maybe_recompile pc=0x000001fe3452c184 method=dev.emi.emi.VanillaPlugin.lambda$register$2(Lnet/minecraft/client/gui/screens/Screen;Ljava/util/function/Consumer;)V @ 17 c2
Event: 3712.427 Thread 0x000001fe1f387500 DEOPT PACKING pc=0x000001fe3452c184 sp=0x00000086244fdb50
Event: 3712.427 Thread 0x000001fe1f387500 DEOPT UNPACKING pc=0x000001fe2f6f41a2 sp=0x00000086244fda90 mode 2
Event: 3712.427 Thread 0x000001fe1f387500 Uncommon trap: trap_request=0xffffff45 fr.pc=0x000001fe34249054 relative=0x00000000000003d4
Event: 3712.427 Thread 0x000001fe1f387500 Uncommon trap: reason=unstable_if action=reinterpret pc=0x000001fe34249054 method=net.minecraft.client.gui.components.AbstractWidget.getGlobalBackgroundNormal_FancyMenu()Lde/keksuccino/fancymenu/util/resource/RenderableResource; @ 13 c2
Event: 3712.427 Thread 0x000001fe1f387500 DEOPT PACKING pc=0x000001fe34249054 sp=0x00000086244fd950
Event: 3712.427 Thread 0x000001fe1f387500 DEOPT UNPACKING pc=0x000001fe2f6f41a2 sp=0x00000086244fd908 mode 2
Event: 3712.427 Thread 0x000001fe1f387500 Uncommon trap: trap_request=0xffffffde fr.pc=0x000001fe31cfb640 relative=0x00000000000004a0
Event: 3712.427 Thread 0x000001fe1f387500 Uncommon trap: reason=class_check action=maybe_recompile pc=0x000001fe31cfb640 method=net.minecraft.client.gui.screens.inventory.EffectRenderingInventoryScreen.localvar$hkm000$owo$shiftStatusEffects(I)I @ 1 c2
Event: 3712.427 Thread 0x000001fe1f387500 DEOPT PACKING pc=0x000001fe31cfb640 sp=0x00000086244fdda0
Event: 3712.427 Thread 0x000001fe1f387500 DEOPT UNPACKING pc=0x000001fe2f6f41a2 sp=0x00000086244fdc58 mode 2
Event: 3712.437 Thread 0x000001fe1f387500 Uncommon trap: trap_request=0xffffffde fr.pc=0x000001fe345c1e2c relative=0x00000000000001cc
Event: 3712.437 Thread 0x000001fe1f387500 Uncommon trap: reason=class_check action=maybe_recompile pc=0x000001fe345c1e2c method=net.mehvahdjukaar.jeed.compat.NativeCompat$1.getEffectAtPosition(Lnet/minecraft/client/gui/screens/Screen;DDLnet/mehvahdjukaar/jeed/api/IEffectScreenExtension$CallReason
Event: 3712.437 Thread 0x000001fe1f387500 DEOPT PACKING pc=0x000001fe345c1e2c sp=0x00000086244fde40
Event: 3712.437 Thread 0x000001fe1f387500 DEOPT UNPACKING pc=0x000001fe2f6f41a2 sp=0x00000086244fddb0 mode 2
Event: 3712.439 Thread 0x000001fe1f387500 Uncommon trap: trap_request=0xffffffde fr.pc=0x000001fe31cfb640 relative=0x00000000000004a0
Event: 3712.439 Thread 0x000001fe1f387500 Uncommon trap: reason=class_check action=maybe_recompile pc=0x000001fe31cfb640 method=net.minecraft.client.gui.screens.inventory.EffectRenderingInventoryScreen.localvar$hkm000$owo$shiftStatusEffects(I)I @ 1 c2
Event: 3712.439 Thread 0x000001fe1f387500 DEOPT PACKING pc=0x000001fe31cfb640 sp=0x00000086244fdda0
Event: 3712.439 Thread 0x000001fe1f387500 DEOPT UNPACKING pc=0x000001fe2f6f41a2 sp=0x00000086244fdc58 mode 2
Event: 3712.452 Thread 0x000001fe1f387500 Uncommon trap: trap_request=0xffffffde fr.pc=0x000001fe345c1e2c relative=0x00000000000001cc
Event: 3712.452 Thread 0x000001fe1f387500 Uncommon trap: reason=class_check action=maybe_recompile pc=0x000001fe345c1e2c method=net.mehvahdjukaar.jeed.compat.NativeCompat$1.getEffectAtPosition(Lnet/minecraft/client/gui/screens/Screen;DDLnet/mehvahdjukaar/jeed/api/IEffectScreenExtension$CallReason
Event: 3712.452 Thread 0x000001fe1f387500 DEOPT PACKING pc=0x000001fe345c1e2c sp=0x00000086244fde40
Event: 3712.452 Thread 0x000001fe1f387500 DEOPT UNPACKING pc=0x000001fe2f6f41a2 sp=0x00000086244fddb0 mode 2
Event: 3712.453 Thread 0x000001fe1f387500 Uncommon trap: trap_request=0xffffffde fr.pc=0x000001fe31cfb640 relative=0x00000000000004a0
Event: 3712.453 Thread 0x000001fe1f387500 Uncommon trap: reason=class_check action=maybe_recompile pc=0x000001fe31cfb640 method=net.minecraft.client.gui.screens.inventory.EffectRenderingInventoryScreen.localvar$hkm000$owo$shiftStatusEffects(I)I @ 1 c2
Event: 3712.453 Thread 0x000001fe1f387500 DEOPT PACKING pc=0x000001fe31cfb640 sp=0x00000086244fdda0
Event: 3712.453 Thread 0x000001fe1f387500 DEOPT UNPACKING pc=0x000001fe2f6f41a2 sp=0x00000086244fdc58 mode 2
Event: 3722.187 Thread 0x00000202980eb990 Uncommon trap: trap_request=0xffffff45 fr.pc=0x000001fe35000ca8 relative=0x0000000000000b08
Event: 3722.187 Thread 0x00000202980eb990 Uncommon trap: reason=unstable_if action=reinterpret pc=0x000001fe35000ca8 method=net.minecraft.world.entity.LivingEntity.tickEffects()V @ 60 c2
Event: 3722.187 Thread 0x00000202980eb990 DEOPT PACKING pc=0x000001fe35000ca8 sp=0x000000862b4fef40
Event: 3722.187 Thread 0x00000202980eb990 DEOPT UNPACKING pc=0x000001fe2f6f41a2 sp=0x000000862b4fee70 mode 2
Event: 3723.493 Thread 0x000001fe083f8290 Uncommon trap: trap_request=0xffffffd6 fr.pc=0x000001fe345521a4 relative=0x00000000000019c4
Event: 3723.493 Thread 0x000001fe083f8290 Uncommon trap: reason=array_check action=maybe_recompile pc=0x000001fe345521a4 method=net.minecraft.world.level.chunk.LevelChunk.<init>(Lnet/minecraft/server/level/ServerLevel;Lnet/minecraft/world/level/chunk/ProtoChunk;Lnet/minecraft/world/level/chunk/Le
Event: 3723.493 Thread 0x000001fe083f8290 DEOPT PACKING pc=0x000001fe345521a4 sp=0x00000086295fe810
Event: 3723.493 Thread 0x000001fe083f8290 DEOPT UNPACKING pc=0x000001fe2f6f41a2 sp=0x00000086295fe680 mode 2
Event: 3723.563 Thread 0x000001fe083f8920 Uncommon trap: trap_request=0xffffff45 fr.pc=0x000001fe34c42d68 relative=0x0000000000000628
Event: 3723.563 Thread 0x000001fe083f8920 Uncommon trap: reason=unstable_if action=reinterpret pc=0x000001fe34c42d68 method=net.minecraft.world.level.lighting.LightEngine.hasDifferentLightProperties(Lnet/minecraft/world/level/BlockGetter;Lnet/minecraft/core/BlockPos;Lnet/minecraft/world/level/blo
Event: 3723.563 Thread 0x000001fe083f8920 DEOPT PACKING pc=0x000001fe34c42d68 sp=0x00000086294fdff0
Event: 3723.563 Thread 0x000001fe083f8920 DEOPT UNPACKING pc=0x000001fe2f6f41a2 sp=0x00000086294fdfd0 mode 2
Event: 3728.638 Thread 0x000001fe1f387500 Uncommon trap: trap_request=0xffffff45 fr.pc=0x000001fe34a2f398 relative=0x0000000000000598
Event: 3728.638 Thread 0x000001fe1f387500 Uncommon trap: reason=unstable_if action=reinterpret pc=0x000001fe34a2f398 method=net.minecraft.client.Minecraft.continueAttack(Z)V @ 158 c2
Event: 3728.638 Thread 0x000001fe1f387500 DEOPT PACKING pc=0x000001fe34a2f398 sp=0x00000086244fdde0
Event: 3728.638 Thread 0x000001fe1f387500 DEOPT UNPACKING pc=0x000001fe2f6f41a2 sp=0x00000086244fdd68 mode 2
Event: 3728.638 Thread 0x000001fe1f387500 Uncommon trap: trap_request=0xffffff45 fr.pc=0x000001fe338b8454 relative=0x0000000000002f14
Event: 3728.638 Thread 0x000001fe1f387500 Uncommon trap: reason=unstable_if action=reinterpret pc=0x000001fe338b8454 method=net.minecraft.client.Minecraft.tick()V @ 413 c2
Event: 3728.638 Thread 0x000001fe1f387500 DEOPT PACKING pc=0x000001fe338b8454 sp=0x00000086244fe050
Event: 3728.638 Thread 0x000001fe1f387500 DEOPT UNPACKING pc=0x000001fe2f6f41a2 sp=0x00000086244fe020 mode 2
Event: 3729.125 Thread 0x000001fe1f387500 Uncommon trap: trap_request=0xffffff76 fr.pc=0x000001fe309026c0 relative=0x0000000000000e20
Event: 3729.125 Thread 0x000001fe1f387500 Uncommon trap: reason=predicate action=maybe_recompile pc=0x000001fe309026c0 method=dev.emi.emi.registry.EmiStackProviders.getStackAt(Lnet/minecraft/client/gui/screens/Screen;IIZ)Ldev/emi/emi/api/stack/EmiStackInteraction; @ 44 c2
Event: 3729.125 Thread 0x000001fe1f387500 DEOPT PACKING pc=0x000001fe309026c0 sp=0x00000086244fdd10
Event: 3729.125 Thread 0x000001fe1f387500 DEOPT UNPACKING pc=0x000001fe2f6f41a2 sp=0x00000086244fdc80 mode 2
Event: 3729.518 Thread 0x000001fe1f387500 Uncommon trap: trap_request=0xffffff45 fr.pc=0x000001fe3511e088 relative=0x00000000000003e8
Event: 3729.518 Thread 0x000001fe1f387500 Uncommon trap: reason=unstable_if action=reinterpret pc=0x000001fe3511e088 method=org.violetmoon.quark.content.management.module.ExpandedItemInteractionsModule.canOpenShulkerBox(Lnet/minecraft/world/item/ItemStack;Lnet/minecraft/world/item/ItemStack;Lnet/
Event: 3729.518 Thread 0x000001fe1f387500 DEOPT PACKING pc=0x000001fe3511e088 sp=0x00000086244fdb30
Event: 3729.518 Thread 0x000001fe1f387500 DEOPT UNPACKING pc=0x000001fe2f6f41a2 sp=0x00000086244fd930 mode 2
Event: 3729.534 Thread 0x000001fe1f387500 Uncommon trap: trap_request=0xffffff45 fr.pc=0x000001fe2fe08fc0 relative=0x0000000000000100
Event: 3729.534 Thread 0x000001fe1f387500 Uncommon trap: reason=unstable_if action=reinterpret pc=0x000001fe2fe08fc0 method=org.violetmoon.quark.content.management.module.ExpandedItemInteractionsModule.canOpenShulkerBox(Lnet/minecraft/world/item/ItemStack;Lnet/minecraft/world/item/ItemStack;Lnet/
Event: 3729.534 Thread 0x000001fe1f387500 DEOPT PACKING pc=0x000001fe2fe08fc0 sp=0x00000086244fd980
Event: 3729.534 Thread 0x000001fe1f387500 DEOPT UNPACKING pc=0x000001fe2f6f41a2 sp=0x00000086244fd900 mode 2
Event: 3739.287 Thread 0x000001fe1f387500 Uncommon trap: trap_request=0xffffffde fr.pc=0x000001fe34a3ae88 relative=0x0000000000000688
Event: 3739.287 Thread 0x000001fe1f387500 Uncommon trap: reason=class_check action=maybe_recompile pc=0x000001fe34a3ae88 method=net.minecraft.world.item.ItemCooldowns.tick()V @ 91 c2
Event: 3739.287 Thread 0x000001fe1f387500 DEOPT PACKING pc=0x000001fe34a3ae88 sp=0x00000086244fdad0
Event: 3739.287 Thread 0x000001fe1f387500 DEOPT UNPACKING pc=0x000001fe2f6f41a2 sp=0x00000086244fda70 mode 2
Event: 3739.657 Thread 0x000001fe1f387500 Uncommon trap: trap_request=0xffffff45 fr.pc=0x000001fe32c39420 relative=0x00000000000020c0
Event: 3739.657 Thread 0x000001fe1f387500 Uncommon trap: reason=unstable_if action=reinterpret pc=0x000001fe32c39420 method=de.keksuccino.fancymenu.util.rendering.ui.widget.button.ExtendedButton.renderColorBackground(Lnet/minecraft/client/gui/GuiGraphics;F)Z @ 19 c2
Event: 3739.657 Thread 0x000001fe1f387500 DEOPT PACKING pc=0x000001fe32c39420 sp=0x00000086244fdab0
Event: 3739.657 Thread 0x000001fe1f387500 DEOPT UNPACKING pc=0x000001fe2f6f41a2 sp=0x00000086244fd9a8 mode 2
Event: 3742.655 Thread 0x00000202980eb990 DEOPT PACKING pc=0x000001fe2a662437 sp=0x000000862b4feac0
Event: 3742.655 Thread 0x00000202980eb990 DEOPT UNPACKING pc=0x000001fe2f6f4942 sp=0x000000862b4fdf80 mode 0
Event: 3742.664 Thread 0x00000202980eb990 DEOPT PACKING pc=0x000001fe28cad27b sp=0x000000862b4feae0
Event: 3742.664 Thread 0x00000202980eb990 DEOPT UNPACKING pc=0x000001fe2f6f4942 sp=0x000000862b4fdf88 mode 0
Event: 3742.813 Thread 0x00000202980eb990 Uncommon trap: trap_request=0xffffffc6 fr.pc=0x000001fe2ff046dc relative=0x000000000000023c
Event: 3742.813 Thread 0x00000202980eb990 Uncommon trap: reason=bimorphic_or_optimized_type_check action=maybe_recompile pc=0x000001fe2ff046dc method=com.google.common.collect.Maps$TransformedEntriesMap.lambda$forEach$0(Ljava/util/function/BiConsumer;Ljava/lang/Object;Ljava/lang/Object;)V @ 13 c2
Event: 3742.813 Thread 0x00000202980eb990 DEOPT PACKING pc=0x000001fe2ff046dc sp=0x000000862b4fee10
Event: 3742.813 Thread 0x00000202980eb990 DEOPT UNPACKING pc=0x000001fe2f6f41a2 sp=0x000000862b4fed20 mode 2
Event: 3742.815 Thread 0x000002029fd71da0 Uncommon trap: trap_request=0xffffffde fr.pc=0x000001fe313db7d8 relative=0x0000000000000418
Event: 3742.815 Thread 0x000002029fd71da0 Uncommon trap: reason=class_check action=maybe_recompile pc=0x000001fe313db7d8 method=net.minecraft.nbt.ListTag.write(Ljava/io/DataOutput;)V @ 4 c2
Event: 3742.815 Thread 0x000002029fd71da0 DEOPT PACKING pc=0x000001fe313db7d8 sp=0x000000862d7ff1a0
Event: 3742.815 Thread 0x000002029fd71da0 DEOPT UNPACKING pc=0x000001fe2f6f41a2 sp=0x000000862d7ff140 mode 2
Event: 3742.815 Thread 0x000002029fd71da0 Uncommon trap: trap_request=0xffffffde fr.pc=0x000001fe313db7d8 relative=0x0000000000000418
Event: 3742.815 Thread 0x000002029fd71da0 Uncommon trap: reason=class_check action=maybe_recompile pc=0x000001fe313db7d8 method=net.minecraft.nbt.ListTag.write(Ljava/io/DataOutput;)V @ 4 c2
Event: 3742.815 Thread 0x000002029fd71da0 DEOPT PACKING pc=0x000001fe313db7d8 sp=0x000000862d7ff1a0
Event: 3742.815 Thread 0x000002029fd71da0 DEOPT UNPACKING pc=0x000001fe2f6f41a2 sp=0x000000862d7ff140 mode 2
Event: 3742.815 Thread 0x000002029fd71da0 Uncommon trap: trap_request=0xffffffde fr.pc=0x000001fe313db7d8 relative=0x0000000000000418
Event: 3742.815 Thread 0x000002029fd71da0 Uncommon trap: reason=class_check action=maybe_recompile pc=0x000001fe313db7d8 method=net.minecraft.nbt.ListTag.write(Ljava/io/DataOutput;)V @ 4 c2
Event: 3742.815 Thread 0x000002029fd71da0 DEOPT PACKING pc=0x000001fe313db7d8 sp=0x000000862d7ff1a0
Event: 3742.815 Thread 0x000002029fd71da0 DEOPT UNPACKING pc=0x000001fe2f6f41a2 sp=0x000000862d7ff140 mode 2
Event: 3742.815 Thread 0x000002029fd71da0 Uncommon trap: trap_request=0xffffffde fr.pc=0x000001fe313db7d8 relative=0x0000000000000418
Event: 3742.815 Thread 0x000002029fd71da0 Uncommon trap: reason=class_check action=maybe_recompile pc=0x000001fe313db7d8 method=net.minecraft.nbt.ListTag.write(Ljava/io/DataOutput;)V @ 4 c2
Event: 3742.815 Thread 0x000002029fd71da0 DEOPT PACKING pc=0x000001fe313db7d8 sp=0x000000862d7ff1a0
Event: 3742.815 Thread 0x000002029fd71da0 DEOPT UNPACKING pc=0x000001fe2f6f41a2 sp=0x000000862d7ff140 mode 2
Event: 3744.882 Thread 0x00000203fd6fc490 DEOPT PACKING pc=0x000001fe2e1c4a0e sp=0x000000862f6ff060
Event: 3744.882 Thread 0x00000203fd6fc490 DEOPT UNPACKING pc=0x000001fe2f6f4942 sp=0x000000862f6fe6a0 mode 0
Event: 3745.124 Thread 0x00000204226b8610 DEOPT PACKING pc=0x000001fe28fdc271 sp=0x000000862eaff150
Event: 3745.124 Thread 0x00000204226b8610 DEOPT UNPACKING pc=0x000001fe2f6f4942 sp=0x000000862eafe720 mode 0
Event: 3794.471 Thread 0x000001fe1f387500 DEOPT PACKING pc=0x000001fe29295bdd sp=0x00000086244fd510
Event: 3794.471 Thread 0x000001fe1f387500 DEOPT UNPACKING pc=0x000001fe2f6f4942 sp=0x00000086244fca48 mode 0
Event: 3796.930 Thread 0x00000202980eb990 Uncommon trap: trap_request=0xffffff45 fr.pc=0x000001fe319d62c4 relative=0x0000000000002fe4
Event: 3796.930 Thread 0x00000202980eb990 Uncommon trap: reason=unstable_if action=reinterpret pc=0x000001fe319d62c4 method=java.util.WeakHashMap.expungeStaleEntries()V @ 66 c2
Event: 3796.930 Thread 0x00000202980eb990 DEOPT PACKING pc=0x000001fe319d62c4 sp=0x000000862b4fedc0
Event: 3796.930 Thread 0x00000202980eb990 DEOPT UNPACKING pc=0x000001fe2f6f41a2 sp=0x000000862b4feb88 mode 2
Event: 3801.723 Thread 0x000001fe1f387500 Uncommon trap: trap_request=0xffffffde fr.pc=0x000001fe34a3ae88 relative=0x0000000000000688
Event: 3801.723 Thread 0x000001fe1f387500 Uncommon trap: reason=class_check action=maybe_recompile pc=0x000001fe34a3ae88 method=net.minecraft.world.item.ItemCooldowns.tick()V @ 91 c2
Event: 3801.723 Thread 0x000001fe1f387500 DEOPT PACKING pc=0x000001fe34a3ae88 sp=0x00000086244fdad0
Event: 3801.723 Thread 0x000001fe1f387500 DEOPT UNPACKING pc=0x000001fe2f6f41a2 sp=0x00000086244fda70 mode 2
Event: 3850.937 Thread 0x00000202980eb990 Uncommon trap: trap_request=0xffffff45 fr.pc=0x000001fe304da608 relative=0x0000000000000208
Event: 3850.937 Thread 0x00000202980eb990 Uncommon trap: reason=unstable_if action=reinterpret pc=0x000001fe304da608 method=net.minecraft.world.entity.EntityDimensions.scale(FF)Lnet/minecraft/world/entity/EntityDimensions; @ 4 c2
Event: 3850.937 Thread 0x00000202980eb990 DEOPT PACKING pc=0x000001fe304da608 sp=0x000000862b4feb80
Event: 3850.937 Thread 0x00000202980eb990 DEOPT UNPACKING pc=0x000001fe2f6f41a2 sp=0x000000862b4fea38 mode 2
Event: 3850.938 Thread 0x00000202980eb990 Uncommon trap: trap_request=0xffffff45 fr.pc=0x000001fe331b744c relative=0x0000000000000bcc
Event: 3850.938 Thread 0x00000202980eb990 Uncommon trap: reason=unstable_if action=reinterpret pc=0x000001fe331b744c method=net.minecraft.util.ClassInstanceMultiMap.localvar$fep000$lithium$add(Ljava/lang/Object;)Ljava/lang/Object; @ 52 c2
Event: 3850.938 Thread 0x00000202980eb990 DEOPT PACKING pc=0x000001fe331b744c sp=0x000000862b4fe970
Event: 3850.938 Thread 0x00000202980eb990 DEOPT UNPACKING pc=0x000001fe2f6f41a2 sp=0x000000862b4fe8f8 mode 2
Event: 3850.985 Thread 0x00000202980eb990 Uncommon trap: trap_request=0xffffff45 fr.pc=0x000001fe3384874c relative=0x000000000000022c
Event: 3850.985 Thread 0x00000202980eb990 Uncommon trap: reason=unstable_if action=reinterpret pc=0x000001fe3384874c method=it.unimi.dsi.fastutil.objects.ReferenceLinkedOpenHashSet.isEmpty()Z @ 4 c2
Event: 3850.985 Thread 0x00000202980eb990 DEOPT PACKING pc=0x000001fe3384874c sp=0x000000862b4febd0
Event: 3850.985 Thread 0x00000202980eb990 DEOPT UNPACKING pc=0x000001fe2f6f41a2 sp=0x000000862b4feaa8 mode 2
Event: 3850.985 Thread 0x00000202980eb990 Uncommon trap: trap_request=0xffffff45 fr.pc=0x000001fe3397f4f0 relative=0x00000000000005f0
Event: 3850.985 Thread 0x00000202980eb990 Uncommon trap: reason=unstable_if action=reinterpret pc=0x000001fe3397f4f0 method=net.caffeinemc.mods.lithium.common.entity.LithiumEntityCollisions.appendEntityCollisions(Ljava/util/List;Lnet/minecraft/world/level/Level;Lnet/minecraft/world/entity/Entity;
Event: 3850.985 Thread 0x00000202980eb990 DEOPT PACKING pc=0x000001fe3397f4f0 sp=0x000000862b4fedb0
Event: 3850.985 Thread 0x00000202980eb990 DEOPT UNPACKING pc=0x000001fe2f6f41a2 sp=0x000000862b4fece8 mode 2
Event: 3850.986 Thread 0x00000202980eb990 Uncommon trap: trap_request=0xffffff45 fr.pc=0x000001fe32b17a20 relative=0x00000000000000e0
Event: 3850.986 Thread 0x00000202980eb990 Uncommon trap: reason=unstable_if action=reinterpret pc=0x000001fe32b17a20 method=net.minecraft.world.entity.Mob.getControllingPassenger()Lnet/minecraft/world/entity/LivingEntity; @ 9 c2
Event: 3850.986 Thread 0x00000202980eb990 DEOPT PACKING pc=0x000001fe32b17a20 sp=0x000000862b4ff030
Event: 3850.986 Thread 0x00000202980eb990 DEOPT UNPACKING pc=0x000001fe2f6f41a2 sp=0x000000862b4fefb8 mode 2
Event: 3850.986 Thread 0x00000202980eb990 Uncommon trap: trap_request=0xffffff45 fr.pc=0x000001fe32ccc8b8 relative=0x0000000000000098
Event: 3850.986 Thread 0x00000202980eb990 Uncommon trap: reason=unstable_if action=reinterpret pc=0x000001fe32ccc8b8 method=net.minecraft.world.entity.Mob.isEffectiveAi()Z @ 11 c2
Event: 3850.986 Thread 0x00000202980eb990 DEOPT PACKING pc=0x000001fe32ccc8b8 sp=0x000000862b4ff040
Event: 3850.986 Thread 0x00000202980eb990 DEOPT UNPACKING pc=0x000001fe2f6f41a2 sp=0x000000862b4fefc8 mode 2
Event: 3851.034 Thread 0x00000202980eb990 Uncommon trap: trap_request=0xffffff45 fr.pc=0x000001fe340ae078 relative=0x00000000000002f8
Event: 3851.034 Thread 0x00000202980eb990 Uncommon trap: reason=unstable_if action=reinterpret pc=0x000001fe340ae078 method=net.caffeinemc.mods.lithium.common.entity.LithiumEntityCollisions.appendEntityCollisions(Ljava/util/List;Lnet/minecraft/world/level/Level;Lnet/minecraft/world/entity/Entity;
Event: 3851.034 Thread 0x00000202980eb990 DEOPT PACKING pc=0x000001fe340ae078 sp=0x000000862b4fed20
Event: 3851.034 Thread 0x00000202980eb990 DEOPT UNPACKING pc=0x000001fe2f6f41a2 sp=0x000000862b4fecd8 mode 2
Event: 3852.485 Thread 0x00000202980eb990 Uncommon trap: trap_request=0xffffffc6 fr.pc=0x000001fe2fe591a0 relative=0x0000000000000160
Event: 3852.485 Thread 0x00000202980eb990 Uncommon trap: reason=bimorphic_or_optimized_type_check action=maybe_recompile pc=0x000001fe2fe591a0 method=net.minecraft.world.entity.ai.goal.MeleeAttackGoal.canUse()Z @ 35 c2
Event: 3852.485 Thread 0x00000202980eb990 DEOPT PACKING pc=0x000001fe2fe591a0 sp=0x000000862b4feec0
Event: 3852.485 Thread 0x00000202980eb990 DEOPT UNPACKING pc=0x000001fe2f6f41a2 sp=0x000000862b4fee48 mode 2
Event: 3852.485 Thread 0x00000202980eb990 Uncommon trap: trap_request=0xffffffc6 fr.pc=0x000001fe31a94848 relative=0x00000000000002a8
Event: 3852.485 Thread 0x00000202980eb990 Uncommon trap: reason=bimorphic_or_optimized_type_check action=maybe_recompile pc=0x000001fe31a94848 method=net.minecraft.world.entity.NeutralMob.updatePersistentAnger(Lnet/minecraft/server/level/ServerLevel;Z)V @ 1 c2
Event: 3852.485 Thread 0x00000202980eb990 DEOPT PACKING pc=0x000001fe31a94848 sp=0x000000862b4fef20
Event: 3852.485 Thread 0x00000202980eb990 DEOPT UNPACKING pc=0x000001fe2f6f41a2 sp=0x000000862b4feed0 mode 2
Event: 3852.534 Thread 0x00000202980eb990 Uncommon trap: trap_request=0xffffffc6 fr.pc=0x000001fe31a94848 relative=0x00000000000002a8
Event: 3852.534 Thread 0x00000202980eb990 Uncommon trap: reason=bimorphic_or_optimized_type_check action=maybe_recompile pc=0x000001fe31a94848 method=net.minecraft.world.entity.NeutralMob.updatePersistentAnger(Lnet/minecraft/server/level/ServerLevel;Z)V @ 1 c2
Event: 3852.534 Thread 0x00000202980eb990 DEOPT PACKING pc=0x000001fe31a94848 sp=0x000000862b4fef20
Event: 3852.534 Thread 0x00000202980eb990 DEOPT UNPACKING pc=0x000001fe2f6f41a2 sp=0x000000862b4feed0 mode 2
Event: 3852.585 Thread 0x00000202980eb990 Uncommon trap: trap_request=0xffffffc6 fr.pc=0x000001fe31a94848 relative=0x00000000000002a8
Event: 3852.585 Thread 0x00000202980eb990 Uncommon trap: reason=bimorphic_or_optimized_type_check action=maybe_recompile pc=0x000001fe31a94848 method=net.minecraft.world.entity.NeutralMob.updatePersistentAnger(Lnet/minecraft/server/level/ServerLevel;Z)V @ 1 c2
Event: 3852.585 Thread 0x00000202980eb990 DEOPT PACKING pc=0x000001fe31a94848 sp=0x000000862b4fef20
Event: 3852.585 Thread 0x00000202980eb990 DEOPT UNPACKING pc=0x000001fe2f6f41a2 sp=0x000000862b4feed0 mode 2
Event: 3852.637 Thread 0x00000202980eb990 Uncommon trap: trap_request=0xffffffc6 fr.pc=0x000001fe31a94848 relative=0x00000000000002a8
Event: 3852.637 Thread 0x00000202980eb990 Uncommon trap: reason=bimorphic_or_optimized_type_check action=maybe_recompile pc=0x000001fe31a94848 method=net.minecraft.world.entity.NeutralMob.updatePersistentAnger(Lnet/minecraft/server/level/ServerLevel;Z)V @ 1 c2
Event: 3852.637 Thread 0x00000202980eb990 DEOPT PACKING pc=0x000001fe31a94848 sp=0x000000862b4fef20
Event: 3852.637 Thread 0x00000202980eb990 DEOPT UNPACKING pc=0x000001fe2f6f41a2 sp=0x000000862b4feed0 mode 2
Event: 3853.484 Thread 0x00000202980eb990 Uncommon trap: trap_request=0xffffffc6 fr.pc=0x000001fe2fe591a0 relative=0x0000000000000160
Event: 3853.484 Thread 0x00000202980eb990 Uncommon trap: reason=bimorphic_or_optimized_type_check action=maybe_recompile pc=0x000001fe2fe591a0 method=net.minecraft.world.entity.ai.goal.MeleeAttackGoal.canUse()Z @ 35 c2
Event: 3853.484 Thread 0x00000202980eb990 DEOPT PACKING pc=0x000001fe2fe591a0 sp=0x000000862b4feec0
Event: 3853.484 Thread 0x00000202980eb990 DEOPT UNPACKING pc=0x000001fe2f6f41a2 sp=0x000000862b4fee48 mode 2
Event: 3854.485 Thread 0x00000202980eb990 Uncommon trap: trap_request=0xffffffc6 fr.pc=0x000001fe2fe591a0 relative=0x0000000000000160
Event: 3854.485 Thread 0x00000202980eb990 Uncommon trap: reason=bimorphic_or_optimized_type_check action=maybe_recompile pc=0x000001fe2fe591a0 method=net.minecraft.world.entity.ai.goal.MeleeAttackGoal.canUse()Z @ 35 c2
Event: 3854.485 Thread 0x00000202980eb990 DEOPT PACKING pc=0x000001fe2fe591a0 sp=0x000000862b4feec0
Event: 3854.485 Thread 0x00000202980eb990 DEOPT UNPACKING pc=0x000001fe2f6f41a2 sp=0x000000862b4fee48 mode 2
Event: 3855.485 Thread 0x00000202980eb990 Uncommon trap: trap_request=0xffffffc6 fr.pc=0x000001fe2fe591a0 relative=0x0000000000000160
Event: 3855.485 Thread 0x00000202980eb990 Uncommon trap: reason=bimorphic_or_optimized_type_check action=maybe_recompile pc=0x000001fe2fe591a0 method=net.minecraft.world.entity.ai.goal.MeleeAttackGoal.canUse()Z @ 35 c2
Event: 3855.485 Thread 0x00000202980eb990 DEOPT PACKING pc=0x000001fe2fe591a0 sp=0x000000862b4feec0
Event: 3855.485 Thread 0x00000202980eb990 DEOPT UNPACKING pc=0x000001fe2f6f41a2 sp=0x000000862b4fee48 mode 2
Event: 3855.637 Thread 0x00000202980eb990 Uncommon trap: trap_request=0xffffff45 fr.pc=0x000001fe34609cb4 relative=0x0000000000000bd4
Event: 3855.637 Thread 0x00000202980eb990 Uncommon trap: reason=unstable_if action=reinterpret pc=0x000001fe34609cb4 method=it.unimi.dsi.fastutil.objects.ReferenceLinkedOpenHashSet.remove(Ljava/lang/Object;)Z @ 44 c2
Event: 3855.637 Thread 0x00000202980eb990 DEOPT PACKING pc=0x000001fe34609cb4 sp=0x000000862b4fed80
Event: 3855.637 Thread 0x00000202980eb990 DEOPT UNPACKING pc=0x000001fe2f6f41a2 sp=0x000000862b4fec70 mode 2
Event: 3855.686 Thread 0x00000202980eb990 Uncommon trap: trap_request=0xffffff45 fr.pc=0x000001fe34b83754 relative=0x0000000000000bd4
Event: 3855.686 Thread 0x00000202980eb990 Uncommon trap: reason=unstable_if action=reinterpret pc=0x000001fe34b83754 method=net.caffeinemc.mods.lithium.common.entity.EntityClassGroup.contains(Ljava/lang/Class;Lnet/minecraft/world/entity/EntityType;)Z @ 16 c2
Event: 3855.686 Thread 0x00000202980eb990 DEOPT PACKING pc=0x000001fe34b83754 sp=0x000000862b4fea50
Event: 3855.686 Thread 0x00000202980eb990 DEOPT UNPACKING pc=0x000001fe2f6f41a2 sp=0x000000862b4fe940 mode 2
Event: 3863.085 Thread 0x00000202980eb990 Uncommon trap: trap_request=0xffffffc6 fr.pc=0x000001fe33e06b94 relative=0x0000000000001334
Event: 3863.085 Thread 0x00000202980eb990 Uncommon trap: reason=bimorphic_or_optimized_type_check action=maybe_recompile pc=0x000001fe33e06b94 method=net.minecraft.world.entity.ai.control.MoveControl.tick()V @ 498 c2
Event: 3863.085 Thread 0x00000202980eb990 DEOPT PACKING pc=0x000001fe33e06b94 sp=0x000000862b4fefa0
Event: 3863.085 Thread 0x00000202980eb990 DEOPT UNPACKING pc=0x000001fe2f6f41a2 sp=0x000000862b4feee0 mode 2
Event: 3863.135 Thread 0x00000202980eb990 Uncommon trap: trap_request=0xffffffc6 fr.pc=0x000001fe33e06b94 relative=0x0000000000001334
Event: 3863.135 Thread 0x00000202980eb990 Uncommon trap: reason=bimorphic_or_optimized_type_check action=maybe_recompile pc=0x000001fe33e06b94 method=net.minecraft.world.entity.ai.control.MoveControl.tick()V @ 498 c2
Event: 3863.135 Thread 0x00000202980eb990 DEOPT PACKING pc=0x000001fe33e06b94 sp=0x000000862b4fefa0
Event: 3863.135 Thread 0x00000202980eb990 DEOPT UNPACKING pc=0x000001fe2f6f41a2 sp=0x000000862b4feee0 mode 2

Classes loaded (250 events):
Event: 90.022 Loading class jdk/jfr/internal/settings/JDKSettingControl done
Event: 90.022 Loading class jdk/jfr/internal/settings/EnabledSetting done
Event: 90.022 Loading class jdk/jfr/BooleanFlag
Event: 90.022 Loading class jdk/jfr/BooleanFlag done
Event: 90.023 Loading class jdk/jfr/internal/settings/ThresholdSetting
Event: 90.024 Loading class jdk/jfr/internal/settings/ThresholdSetting done
Event: 90.024 Loading class jdk/jfr/internal/settings/StackTraceSetting
Event: 90.024 Loading class jdk/jfr/internal/settings/StackTraceSetting done
Event: 90.024 Loading class jdk/jfr/internal/settings/PeriodSetting
Event: 90.024 Loading class jdk/jfr/internal/settings/PeriodSetting done
Event: 90.024 Loading class jdk/jfr/internal/settings/CutoffSetting
Event: 90.025 Loading class jdk/jfr/internal/settings/CutoffSetting done
Event: 90.025 Loading class jdk/jfr/internal/settings/ThrottleSetting
Event: 90.025 Loading class jdk/jfr/internal/settings/ThrottleSetting done
Event: 90.025 Loading class jdk/jfr/SettingDescriptor
Event: 90.025 Loading class jdk/jfr/SettingDescriptor done
Event: 90.025 Loading class jdk/jfr/internal/Control
Event: 90.025 Loading class jdk/jfr/internal/Control done
Event: 90.025 Loading class jdk/jfr/internal/EventControl$NamedControl
Event: 90.026 Loading class jdk/jfr/internal/EventControl$NamedControl done
Event: 90.026 Loading class jdk/jfr/internal/settings/BooleanValue
Event: 90.026 Loading class jdk/jfr/internal/settings/BooleanValue done
Event: 90.027 Loading class jdk/jfr/internal/periodic/JVMEventTask
Event: 90.027 Loading class jdk/jfr/internal/periodic/EventTask
Event: 90.027 Loading class jdk/jfr/internal/periodic/EventTask done
Event: 90.027 Loading class jdk/jfr/internal/periodic/JVMEventTask done
Event: 90.032 Loading class jdk/jfr/internal/MirrorEvent
Event: 90.032 Loading class jdk/jfr/internal/MirrorEvent done
Event: 90.033 Loading class jdk/jfr/internal/event/EventConfiguration
Event: 90.033 Loading class jdk/jfr/internal/event/EventConfiguration done
Event: 90.034 Loading class jdk/jfr/SettingDefinition
Event: 90.034 Loading class jdk/jfr/SettingDefinition done
Event: 90.040 Loading class jdk/jfr/internal/periodic/UserEventTask
Event: 90.040 Loading class jdk/jfr/internal/periodic/JavaEventTask
Event: 90.040 Loading class jdk/jfr/internal/periodic/JavaEventTask done
Event: 90.040 Loading class jdk/jfr/internal/periodic/UserEventTask done
Event: 90.341 Loading class java/util/concurrent/ConcurrentHashMap$TreeNode
Event: 90.342 Loading class java/util/concurrent/ConcurrentHashMap$TreeNode done
Event: 90.342 Loading class java/util/concurrent/ConcurrentHashMap$TreeBin
Event: 90.342 Loading class java/util/concurrent/ConcurrentHashMap$TreeBin done
Event: 91.498 Loading class java/util/IdentityHashMap$KeySpliterator
Event: 91.498 Loading class java/util/IdentityHashMap$IdentityHashMapSpliterator
Event: 91.498 Loading class java/util/IdentityHashMap$IdentityHashMapSpliterator done
Event: 91.498 Loading class java/util/IdentityHashMap$KeySpliterator done
Event: 92.168 Loading class java/util/Collections$UnmodifiableSequencedMap
Event: 92.168 Loading class java/util/Collections$UnmodifiableSequencedMap done
Event: 92.681 Loading class java/util/IdentityHashMap$EntrySpliterator
Event: 92.681 Loading class java/util/IdentityHashMap$EntrySpliterator done
Event: 93.568 Loading class java/util/PriorityQueue$PriorityQueueSpliterator
Event: 93.568 Loading class java/util/PriorityQueue$PriorityQueueSpliterator done
Event: 93.601 Loading class java/text/CalendarBuilder
Event: 93.601 Loading class java/text/CalendarBuilder done
Event: 93.672 Loading class sun/security/rsa/RSAKeyPairGenerator$Legacy
Event: 93.672 Loading class sun/security/rsa/RSAKeyPairGenerator
Event: 93.672 Loading class sun/security/rsa/RSAKeyPairGenerator done
Event: 93.672 Loading class sun/security/rsa/RSAKeyPairGenerator$Legacy done
Event: 93.674 Loading class java/security/spec/RSAKeyGenParameterSpec
Event: 93.675 Loading class java/security/spec/RSAKeyGenParameterSpec done
Event: 93.675 Loading class java/math/BitSieve
Event: 93.675 Loading class java/math/BitSieve done
Event: 93.755 Loading class java/math/SignedMutableBigInteger
Event: 93.755 Loading class java/math/SignedMutableBigInteger done
Event: 95.093 Loading class java/util/stream/SliceOps$3
Event: 95.094 Loading class java/util/stream/LongPipeline$StatefulOp
Event: 95.094 Loading class java/util/stream/LongPipeline$StatefulOp done
Event: 95.094 Loading class java/util/stream/SliceOps$3 done
Event: 95.095 Loading class java/util/stream/SliceOps$3$1
Event: 95.095 Loading class java/util/stream/Sink$ChainedLong
Event: 95.095 Loading class java/util/stream/Sink$ChainedLong done
Event: 95.096 Loading class java/util/stream/SliceOps$3$1 done
Event: 95.261 Loading class jdk/internal/icu/text/NormalizerBase$NFDModeImpl
Event: 95.262 Loading class jdk/internal/icu/text/NormalizerBase$NFDModeImpl done
Event: 95.262 Loading class jdk/internal/icu/impl/Norm2AllModes$NFCSingleton
Event: 95.262 Loading class jdk/internal/icu/impl/Norm2AllModes$NFCSingleton done
Event: 96.340 Loading class java/util/stream/ReferencePipeline$6
Event: 96.340 Loading class java/util/stream/DoublePipeline$StatelessOp
Event: 96.340 Loading class java/util/stream/DoublePipeline
Event: 96.341 Loading class java/util/stream/DoubleStream
Event: 96.341 Loading class java/util/stream/DoubleStream done
Event: 96.342 Loading class java/util/stream/DoublePipeline done
Event: 96.342 Loading class java/util/stream/DoublePipeline$StatelessOp done
Event: 96.342 Loading class java/util/stream/ReferencePipeline$6 done
Event: 96.342 Loading class java/util/stream/Nodes$DoubleFixedNodeBuilder
Event: 96.342 Loading class java/util/stream/Node$Builder$OfDouble
Event: 96.342 Loading class java/util/stream/Sink$OfDouble
Event: 96.342 Loading class java/util/stream/Sink$OfDouble done
Event: 96.343 Loading class java/util/stream/Node$Builder$OfDouble done
Event: 96.343 Loading class java/util/stream/Nodes$DoubleArrayNode
Event: 96.343 Loading class java/util/stream/Nodes$DoubleArrayNode done
Event: 96.343 Loading class java/util/stream/Nodes$DoubleFixedNodeBuilder done
Event: 96.343 Loading class java/util/stream/ReferencePipeline$6$1
Event: 96.343 Loading class java/util/stream/ReferencePipeline$6$1 done
Event: 96.461 Loading class java/util/function/ObjIntConsumer
Event: 96.461 Loading class java/util/function/ObjIntConsumer done
Event: 96.461 Loading class java/util/stream/ReduceOps$8
Event: 96.461 Loading class java/util/stream/ReduceOps$8 done
Event: 96.461 Loading class java/util/stream/ReduceOps$7ReducingSink
Event: 96.461 Loading class java/util/stream/ReduceOps$7ReducingSink done
Event: 96.619 Loading class java/nio/DirectIntBufferS
Event: 96.619 Loading class java/nio/DirectIntBufferS done
Event: 96.838 Loading class java/util/stream/LongPipeline$9
Event: 96.839 Loading class java/util/stream/LongPipeline$9 done
Event: 96.839 Loading class java/util/stream/Nodes$LongSpinedNodeBuilder
Event: 96.839 Loading class java/util/stream/SpinedBuffer$OfLong
Event: 96.839 Loading class java/util/stream/SpinedBuffer$OfLong done
Event: 96.851 Loading class java/util/stream/Nodes$LongSpinedNodeBuilder done
Event: 96.866 Loading class java/util/stream/LongPipeline$9$1
Event: 96.866 Loading class java/util/stream/LongPipeline$9$1 done
Event: 97.018 Loading class java/util/stream/LongPipeline$1
Event: 97.018 Loading class java/util/stream/LongPipeline$1 done
Event: 97.019 Loading class java/util/stream/LongPipeline$1$1
Event: 97.019 Loading class java/util/stream/LongPipeline$1$1 done
Event: 98.530 Loading class java/util/PriorityQueue$Itr
Event: 98.530 Loading class java/util/PriorityQueue$Itr done
Event: 98.705 Loading class java/util/Spliterators$LongIteratorSpliterator
Event: 98.705 Loading class java/util/Spliterators$LongIteratorSpliterator done
Event: 98.784 Loading class java/lang/ProcessHandle
Event: 98.784 Loading class java/lang/ProcessHandle done
Event: 98.784 Loading class java/lang/ProcessHandle$Info
Event: 98.784 Loading class java/lang/ProcessHandle$Info done
Event: 98.784 Loading class java/lang/ProcessHandleImpl
Event: 98.785 Loading class java/lang/ProcessHandleImpl done
Event: 98.792 Loading class java/net/NoRouteToHostException
Event: 98.792 Loading class java/net/NoRouteToHostException done
Event: 98.793 Loading class java/nio/channels/NotYetConnectedException
Event: 98.793 Loading class java/nio/channels/NotYetConnectedException done
Event: 98.794 Loading class java/util/concurrent/atomic/AtomicLongFieldUpdater
Event: 98.795 Loading class java/util/concurrent/atomic/AtomicLongFieldUpdater done
Event: 98.795 Loading class java/util/concurrent/atomic/AtomicLongFieldUpdater$CASUpdater
Event: 98.795 Loading class java/util/concurrent/atomic/AtomicLongFieldUpdater$CASUpdater done
Event: 98.795 Loading class java/util/concurrent/atomic/AtomicLongFieldUpdater$CASUpdater$1
Event: 98.795 Loading class java/util/concurrent/atomic/AtomicLongFieldUpdater$CASUpdater$1 done
Event: 98.816 Loading class java/nio/channels/AlreadyConnectedException
Event: 98.816 Loading class java/nio/channels/AlreadyConnectedException done
Event: 98.816 Loading class java/nio/channels/ConnectionPendingException
Event: 98.816 Loading class java/nio/channels/ConnectionPendingException done
Event: 98.826 Loading class java/nio/channels/UnsupportedAddressTypeException
Event: 98.826 Loading class java/nio/channels/UnsupportedAddressTypeException done
Event: 99.023 Loading class java/util/IdentityHashMap$ValueSpliterator
Event: 99.023 Loading class java/util/IdentityHashMap$ValueSpliterator done
Event: 99.992 Loading class java/util/concurrent/ConcurrentHashMap$EntrySpliterator
Event: 99.992 Loading class java/util/concurrent/ConcurrentHashMap$EntrySpliterator done
Event: 100.029 Loading class java/util/concurrent/PriorityBlockingQueue
Event: 100.030 Loading class java/util/concurrent/PriorityBlockingQueue done
Event: 100.265 Loading class java/util/stream/StreamSpliterators$InfiniteSupplyingSpliterator$OfRef
Event: 100.265 Loading class java/util/stream/StreamSpliterators$InfiniteSupplyingSpliterator
Event: 100.265 Loading class java/util/stream/StreamSpliterators$InfiniteSupplyingSpliterator done
Event: 100.265 Loading class java/util/stream/StreamSpliterators$InfiniteSupplyingSpliterator$OfRef done
Event: 100.698 Loading class java/util/BitSet$1BitSetSpliterator
Event: 100.699 Loading class java/util/BitSet$1BitSetSpliterator done
Event: 100.873 Loading class sun/net/www/http/PosterOutputStream
Event: 100.873 Loading class sun/net/www/http/PosterOutputStream done
Event: 101.102 Loading class java/util/Vector$VectorSpliterator
Event: 101.102 Loading class java/util/Vector$VectorSpliterator done
Event: 101.104 Loading class java/util/regex/Pattern$LazyLoop
Event: 101.105 Loading class java/util/regex/Pattern$LazyLoop done
Event: 101.122 Loading class java/lang/invoke/BoundMethodHandle$Species_LLLLLLLLLL
Event: 101.122 Loading class java/lang/invoke/BoundMethodHandle$Species_LLLLLLLLLL done
Event: 101.129 Loading class java/lang/invoke/BoundMethodHandle$Species_LLLLLLLLLLL
Event: 101.129 Loading class java/lang/invoke/BoundMethodHandle$Species_LLLLLLLLLLL done
Event: 101.131 Loading class java/lang/invoke/BoundMethodHandle$Species_LLLLLLLLLLLL
Event: 101.131 Loading class java/lang/invoke/BoundMethodHandle$Species_LLLLLLLLLLLL done
Event: 101.158 Loading class java/lang/invoke/BoundMethodHandle$Species_LLLLLLLLLLLLL
Event: 101.158 Loading class java/lang/invoke/BoundMethodHandle$Species_LLLLLLLLLLLLL done
Event: 101.279 Loading class java/security/KeyStoreException
Event: 101.279 Loading class java/security/KeyStoreException done
Event: 101.363 Loading class sun/net/util/SocketExceptions
Event: 101.364 Loading class sun/net/util/SocketExceptions done
Event: 101.420 Loading class java/util/LinkedHashMap$ReversedLinkedHashMapView
Event: 101.420 Loading class java/util/LinkedHashMap$ReversedLinkedHashMapView done
Event: 101.495 Loading class java/security/cert/CertificateParsingException
Event: 101.495 Loading class java/security/cert/CertificateParsingException done
Event: 101.627 Loading class java/util/ReverseOrderListView$DescendingIterator
Event: 101.627 Loading class java/util/ReverseOrderListView$DescendingIterator done
Event: 101.934 Loading class java/util/ArrayList$SubList$2
Event: 101.934 Loading class java/util/ArrayList$SubList$2 done
Event: 102.079 Loading class java/lang/Class$EnclosingMethodInfo
Event: 102.079 Loading class java/lang/Class$EnclosingMethodInfo done
Event: 102.117 Loading class java/util/concurrent/locks/StampedLock$WriterNode
Event: 102.118 Loading class java/util/concurrent/locks/StampedLock$WriterNode done
Event: 102.131 Loading class java/util/concurrent/locks/StampedLock$ReaderNode
Event: 102.131 Loading class java/util/concurrent/locks/StampedLock$ReaderNode done
Event: 104.791 Loading class java/nio/file/ProviderNotFoundException
Event: 104.791 Loading class java/nio/file/ProviderNotFoundException done
Event: 105.069 Loading class sun/security/rsa/RSASignature$SHA1withRSA
Event: 105.069 Loading class sun/security/rsa/RSASignature$SHA1withRSA done
Event: 105.124 Loading class java/util/concurrent/ConcurrentLinkedDeque$Itr
Event: 105.124 Loading class java/util/concurrent/ConcurrentLinkedDeque$AbstractItr
Event: 105.124 Loading class java/util/concurrent/ConcurrentLinkedDeque$AbstractItr done
Event: 105.124 Loading class java/util/concurrent/ConcurrentLinkedDeque$Itr done
Event: 105.296 Loading class sun/reflect/generics/scope/ConstructorScope
Event: 105.296 Loading class sun/reflect/generics/scope/ConstructorScope done
Event: 105.702 Loading class java/lang/FdLibm$Acos
Event: 105.702 Loading class java/lang/FdLibm$Acos done
Event: 106.493 Loading class java/util/concurrent/ForkJoinTask$AdaptedCallable
Event: 106.493 Loading class java/util/concurrent/ForkJoinTask$AdaptedCallable done
Event: 109.712 Loading class java/util/Locale$LocaleKey
Event: 109.712 Loading class java/util/Locale$LocaleKey done
Event: 109.712 Loading class java/util/Locale$IsoCountryCode
Event: 109.712 Loading class java/util/Locale$IsoCountryCode done
Event: 109.712 Loading class java/util/Locale$LocaleNameGetter
Event: 109.713 Loading class java/util/Locale$LocaleNameGetter done
Event: 109.713 Loading class java/util/Locale$FilteringMode
Event: 109.713 Loading class java/util/Locale$FilteringMode done
Event: 109.713 Loading class java/util/Locale$LanguageRange
Event: 109.713 Loading class java/util/Locale$LanguageRange done
Event: 109.713 Loading class sun/util/locale/LocaleExtensions
Event: 109.713 Loading class sun/util/locale/LocaleExtensions done
Event: 109.731 Loading class java/nio/StringCharBuffer
Event: 109.731 Loading class java/nio/StringCharBuffer done
Event: 109.802 Loading class java/util/Collections$UnmodifiableSortedSet
Event: 109.802 Loading class java/util/Collections$UnmodifiableSortedSet done
Event: 110.772 Loading class java/util/Collections$UnmodifiableList$1
Event: 110.772 Loading class java/util/Collections$UnmodifiableList$1 done
Event: 112.024 Loading class java/util/DualPivotQuicksort$Sorter
Event: 112.024 Loading class java/util/DualPivotQuicksort$Sorter done
Event: 112.230 Loading class java/util/function/DoubleToIntFunction
Event: 112.230 Loading class java/util/function/DoubleToIntFunction done
Event: 402.084 Loading class sun/nio/cs/ThreadLocalCoders
Event: 402.084 Loading class sun/nio/cs/ThreadLocalCoders done
Event: 402.084 Loading class sun/nio/cs/ThreadLocalCoders$1
Event: 402.084 Loading class sun/nio/cs/ThreadLocalCoders$Cache
Event: 402.084 Loading class sun/nio/cs/ThreadLocalCoders$Cache done
Event: 402.084 Loading class sun/nio/cs/ThreadLocalCoders$1 done
Event: 402.084 Loading class sun/nio/cs/ThreadLocalCoders$2
Event: 402.084 Loading class sun/nio/cs/ThreadLocalCoders$2 done
Event: 402.192 Loading class java/util/concurrent/ConcurrentHashMap$ValueSpliterator
Event: 402.193 Loading class java/util/concurrent/ConcurrentHashMap$ValueSpliterator done
Event: 876.750 Loading class java/util/function/ObjDoubleConsumer
Event: 876.750 Loading class java/util/function/ObjDoubleConsumer done
Event: 876.750 Loading class java/util/stream/ReduceOps$16
Event: 876.750 Loading class java/util/stream/ReduceOps$16 done
Event: 876.750 Loading class java/util/stream/ReduceOps$13ReducingSink
Event: 876.750 Loading class java/util/stream/ReduceOps$13ReducingSink done
Event: 909.163 Loading class java/util/WeakHashMap$EntrySet
Event: 909.163 Loading class java/util/WeakHashMap$EntrySet done
Event: 909.163 Loading class java/util/WeakHashMap$EntrySpliterator
Event: 909.163 Loading class java/util/WeakHashMap$WeakHashMapSpliterator
Event: 909.163 Loading class java/util/WeakHashMap$WeakHashMapSpliterator done
Event: 909.163 Loading class java/util/WeakHashMap$EntrySpliterator done
Event: 909.164 Loading class java/util/WeakHashMap$EntryIterator
Event: 909.164 Loading class java/util/WeakHashMap$EntryIterator done
Event: 1255.191 Loading class java/text/ChoiceFormat
Event: 1255.191 Loading class java/text/ChoiceFormat done
Event: 1799.196 Loading class java/util/Collections$UnmodifiableMap$UnmodifiableEntrySet$UnmodifiableEntrySetSpliterator
Event: 1799.196 Loading class java/util/Collections$UnmodifiableMap$UnmodifiableEntrySet$UnmodifiableEntrySetSpliterator done
Event: 3688.534 Loading class java/lang/FdLibm$Log1p
Event: 3688.534 Loading class java/lang/FdLibm$Log1p done
Event: 3694.662 Loading class java/util/stream/Stream$2
Event: 3694.662 Loading class java/util/stream/Stream$2 done

Classes unloaded (250 events):
Event: 2985.203 Thread 0x000001fe1f4840e0 Unloading class 0x000002023f707238 'CavernsAndChasmsDataRemoldersAdvancementNetherAllPotionsJsonSequenceRemolderRemolding12615897022600'
Event: 2985.203 Thread 0x000001fe1f4840e0 Unloading class 0x000002023f707000 'CavernsAndChasmsDataRemoldersAdvancementNetherUseLodestoneJsonReplaceRemolderRemolding12615897043600'
Event: 3319.229 Thread 0x000001fe1f4840e0 Unloading class 0x000002023f7d0b18 'CavernsAndChasmsDataRemoldersWorldgenStructureSetMineshaftsJsonAddRemolderRemolding13749653541600'
Event: 3319.229 Thread 0x000001fe1f4840e0 Unloading class 0x000002023f7d08e0 'AllurementDataRemoldersSoulSpeedJsonSequenceRemolderRemolding13749653628000'
Event: 3319.229 Thread 0x000001fe1f4840e0 Unloading class 0x000002023f7d06a8 'CavernsAndChasmsDataRemoldersLootTableChestsVillageVillageTempleJsonSequenceRemolderRemolding13749651484800'
Event: 3319.229 Thread 0x000001fe1f4840e0 Unloading class 0x000002023f7d0470 'CavernsAndChasmsDataRemoldersLootTableChestsVillageVillageToolsmithJsonAddRemolderRemolding13749651736600'
Event: 3319.229 Thread 0x000001fe1f4840e0 Unloading class 0x000002023f7d0238 'CavernsAndChasmsDataRemoldersLootTableChestsVillageVillageWeaponsmithJsonSequenceRemolderRemolding13749651924200'
Event: 3319.229 Thread 0x000001fe1f4840e0 Unloading class 0x000002023f7d0000 'CavernsAndChasmsDataRemoldersLootTableChestsWoodlandMansionJsonSequenceRemolderRemolding13749652142200'
Event: 3319.229 Thread 0x000001fe1f4840e0 Unloading class 0x000002023f7cfbe8 'CavernsAndChasmsDataRemoldersLootTableEntitiesElderGuardianJsonAddRemolderRemolding13749652213100'
Event: 3319.229 Thread 0x000001fe1f4840e0 Unloading class 0x000002023f7cf9b0 'UpgradeAquaticDataRemoldersLootTableEntitiesElderGuardianJsonAddRemolderRemolding13749652605300'
Event: 3319.229 Thread 0x000001fe1f4840e0 Unloading class 0x000002023f7cf778 'CavernsAndChasmsDataRemoldersLootTableGameplayFishingFishJsonAddRemolderRemolding13749652635000'
Event: 3319.229 Thread 0x000001fe1f4840e0 Unloading class 0x000002023f7cf540 'UpgradeAquaticDataRemoldersLootTableGameplayFishingFishJsonSequenceRemolderRemolding13749652801000'
Event: 3319.229 Thread 0x000001fe1f4840e0 Unloading class 0x000002023f7cf308 'UpgradeAquaticDataRemoldersLootTableGameplayFishingJunkJsonSequenceRemolderRemolding13749652947300'
Event: 3319.229 Thread 0x000001fe1f4840e0 Unloading class 0x000002023f7cf0d0 'UpgradeAquaticDataRemoldersLootTablePickerelweedStructuresJsonAddRemolderRemolding13749653224200'
Event: 3319.229 Thread 0x000001fe1f4840e0 Unloading class 0x000002023f7cee98 'CavernsAndChasmsDataRemoldersLootTableChestsKousaSanctumJsonSequenceRemolderRemolding13749649829200'
Event: 3319.229 Thread 0x000001fe1f4840e0 Unloading class 0x000002023f7cec60 'CavernsAndChasmsDataRemoldersLootTableChestsPillagerOutpostJsonSequenceRemolderRemolding13749649971100'
Event: 3319.229 Thread 0x000001fe1f4840e0 Unloading class 0x000002023f7cea28 'CavernsAndChasmsDataRemoldersLootTableChestsRuinedPortalJsonSequenceRemolderRemolding13749650052000'
Event: 3319.229 Thread 0x000001fe1f4840e0 Unloading class 0x000002023f7ce7f0 'CavernsAndChasmsDataRemoldersLootTableChestsShipwreckMapJsonSequenceRemolderRemolding13749650154700'
Event: 3319.229 Thread 0x000001fe1f4840e0 Unloading class 0x000002023f7ce5b8 'CavernsAndChasmsDataRemoldersLootTableChestsShipwreckTreasureJsonSequenceRemolderRemolding13749650264000'
Event: 3319.229 Thread 0x000001fe1f4840e0 Unloading class 0x000002023f7ce380 'CavernsAndChasmsDataRemoldersLootTableChestsSimpleDungeonJsonSequenceRemolderRemolding13749650387800'
Event: 3319.229 Thread 0x000001fe1f4840e0 Unloading class 0x000002023f7ce148 'CavernsAndChasmsDataRemoldersLootTableChestsStrongholdCorridorJsonSequenceRemolderRemolding13749650419800'
Event: 3319.229 Thread 0x000001fe1f4840e0 Unloading class 0x000002023f7cdf10 'CavernsAndChasmsDataRemoldersLootTableChestsStrongholdCrossingJsonSequenceRemolderRemolding13749650496100'
Event: 3319.229 Thread 0x000001fe1f4840e0 Unloading class 0x000002023f7cdcd8 'CavernsAndChasmsDataRemoldersLootTableChestsStrongholdLibraryJsonAddRemolderRemolding13749650559300'
Event: 3319.229 Thread 0x000001fe1f4840e0 Unloading class 0x000002023f7cdaa0 'CavernsAndChasmsDataRemoldersLootTableChestsVillageVillageFisherJsonSequenceRemolderRemolding13749650708700'
Event: 3319.229 Thread 0x000001fe1f4840e0 Unloading class 0x000002023f7cd868 'CavernsAndChasmsDataRemoldersLootTableChestsVillageVillageFletcherJsonSequenceRemolderRemolding13749650815100'
Event: 3319.229 Thread 0x000001fe1f4840e0 Unloading class 0x000002023f7cd630 'CavernsAndChasmsDataRemoldersLootTableChestsVillageVillageSnowyHouseJsonAddRemolderRemolding13749651184800'
Event: 3319.229 Thread 0x000001fe1f4840e0 Unloading class 0x000002023f7cd3f8 'CavernsAndChasmsDataRemoldersLootTableChestsBastionBridgeJsonSequenceRemolderRemolding13749649033400'
Event: 3319.229 Thread 0x000001fe1f4840e0 Unloading class 0x000002023f7cd1c0 'CavernsAndChasmsDataRemoldersLootTableChestsBastionOtherJsonSequenceRemolderRemolding13749649055100'
Event: 3319.229 Thread 0x000001fe1f4840e0 Unloading class 0x000002023f7ccf88 'CavernsAndChasmsDataRemoldersLootTableChestsAncientCityJsonSequenceRemolderRemolding13749649046900'
Event: 3319.229 Thread 0x000001fe1f4840e0 Unloading class 0x000002023f7ccd50 'CavernsAndChasmsDataRemoldersLootTableChestsBastionTreasureJsonSequenceRemolderRemolding13749649154600'
Event: 3319.229 Thread 0x000001fe1f4840e0 Unloading class 0x000002023f7ccb18 'CavernsAndChasmsDataRemoldersLootTableChestsBuriedTreasureJsonSequenceRemolderRemolding13749649200500'
Event: 3319.229 Thread 0x000001fe1f4840e0 Unloading class 0x000002023f7cc8e0 'CavernsAndChasmsDataRemoldersLootTableChestsDesertPyramidJsonSequenceRemolderRemolding13749649318700'
Event: 3319.229 Thread 0x000001fe1f4840e0 Unloading class 0x000002023f7cc6a8 'CavernsAndChasmsDataRemoldersLootTableChestsEndCityTreasureJsonSequenceRemolderRemolding13749649445500'
Event: 3319.229 Thread 0x000001fe1f4840e0 Unloading class 0x000002023f7cc470 'CavernsAndChasmsDataRemoldersLootTableChestsNetherBridgeJsonSequenceRemolderRemolding13749649981000'
Event: 3319.229 Thread 0x000001fe1f4840e0 Unloading class 0x000002023f7cc238 'CavernsAndChasmsDataRemoldersLootTableChestsIglooChestJsonAddRemolderRemolding13749649481200'
Event: 3319.229 Thread 0x000001fe1f4840e0 Unloading class 0x000002023f7cc000 'CavernsAndChasmsDataRemoldersLootTableChestsJungleTempleJsonSequenceRemolderRemolding13749649634500'
Event: 3319.229 Thread 0x000001fe1f4840e0 Unloading class 0x000002023f7cbcd8 'CavernsAndChasmsDataRemoldersLootTableChestsJungleTempleDispenserJsonAddRemolderRemolding13749649783600'
Event: 3319.229 Thread 0x000001fe1f4840e0 Unloading class 0x000002023f7cbaa0 'AllurementDataRemoldersEnchantableAnimalArmorJsonAddRemolderRemolding13749647330600'
Event: 3319.229 Thread 0x000001fe1f4840e0 Unloading class 0x000002023f7cb868 'AllurementDataRemoldersBastionHoglinStableJsonAddRemolderRemolding13749647343800'
Event: 3319.229 Thread 0x000001fe1f4840e0 Unloading class 0x000002023f7cb630 'AllurementDataRemoldersFeatherFallingJsonAddRemolderRemolding13749647722400'
Event: 3319.229 Thread 0x000001fe1f4840e0 Unloading class 0x000002023f7cb3f8 'AllurementDataRemoldersEndCityTreasureJsonSequenceRemolderRemolding13749647741600'
Event: 3319.229 Thread 0x000001fe1f4840e0 Unloading class 0x000002023f7cb1c0 'AllurementDataRemoldersInfinityJsonSequenceRemolderRemolding13749647890800'
Event: 3319.229 Thread 0x000001fe1f4840e0 Unloading class 0x000002023f7caf88 'CavernsAndChasmsDataRemoldersLootTableArchaeologyTrailRuinsRareJsonAddRemolderRemolding13749648121800'
Event: 3319.229 Thread 0x000001fe1f4840e0 Unloading class 0x000002023f7cad50 'CavernsAndChasmsDataRemoldersLootTableChestsBastionHoglinStableJsonAddRemolderRemolding13749649047200'
Event: 3319.229 Thread 0x000001fe1f4840e0 Unloading class 0x000002023f7cab18 'CavernsAndChasmsDataRemoldersLootTableBlocksCopperOreJsonAddRemolderRemolding13749648255000'
Event: 3319.229 Thread 0x000001fe1f4840e0 Unloading class 0x000002023f7ca8e0 'CavernsAndChasmsDataRemoldersLootTableChestsAbandonedMineshaftJsonSequenceRemolderRemolding13749648818200'
Event: 3319.229 Thread 0x000001fe1f4840e0 Unloading class 0x000002023f7ca6a8 'CavernsAndChasmsDataRemoldersAdvancementHusbandryWaxOffJsonSequenceRemolderRemolding13749645834600'
Event: 3319.229 Thread 0x000001fe1f4840e0 Unloading class 0x000002023f7ca470 'CavernsAndChasmsDataRemoldersAdvancementHusbandryBalancedDietJsonSequenceRemolderRemolding13749645752200'
Event: 3319.229 Thread 0x000001fe1f4840e0 Unloading class 0x000002023f7ca238 'CavernsAndChasmsDataRemoldersAdvancementStoryLavaBucketJsonSequenceRemolderRemolding13749646683800'
Event: 3319.229 Thread 0x000001fe1f4840e0 Unloading class 0x000002023f7ca000 'CavernsAndChasmsDataRemoldersLootTableBlocksDeepslateCopperOreJsonAddRemolderRemolding13749648350200'
Event: 3319.229 Thread 0x000001fe1f4840e0 Unloading class 0x000002023f7c9d50 'CavernsAndChasmsDataRemoldersAdvancementHusbandryObtainNetheriteHoeJsonSequenceRemolderRemolding13749645975500'
Event: 3319.229 Thread 0x000001fe1f4840e0 Unloading class 0x000002023f7c9b18 'CavernsAndChasmsDataRemoldersAdvancementAdventureLightningRodWithVillagerNoFireJsonReplaceRemolderRemolding13749645482200'
Event: 3319.229 Thread 0x000001fe1f4840e0 Unloading class 0x000002023f7c98e0 'UpgradeAquaticDataRemoldersLootTableArchaeologyOceanRuinColdJsonSequenceRemolderRemolding13749648020600'
Event: 3319.229 Thread 0x000001fe1f4840e0 Unloading class 0x000002023f7c96a8 'UpgradeAquaticDataRemoldersLootTableAddThrasherTeethJsonAddRemolderRemolding13749647925800'
Event: 3319.229 Thread 0x000001fe1f4840e0 Unloading class 0x000002023f7c9470 'CavernsAndChasmsDataRemoldersAdvancementNetherAllPotionsJsonSequenceRemolderRemolding13749645494900'
Event: 3319.229 Thread 0x000001fe1f4840e0 Unloading class 0x000002023f7c9238 'CavernsAndChasmsDataRemoldersAdvancementAdventureKillAMobJsonSequenceRemolderRemolding13749645869200'
Event: 3319.229 Thread 0x000001fe1f4840e0 Unloading class 0x000002023f7c9000 'CavernsAndChasmsDataRemoldersAdvancementNetherAllEffectsJsonSequenceRemolderRemolding13749645894200'
Event: 3319.229 Thread 0x000001fe1f4840e0 Unloading class 0x000002023f7c8d50 'CavernsAndChasmsDataRemoldersEnchantmentEfficiencyJsonAddRemolderRemolding13749647471800'
Event: 3319.229 Thread 0x000001fe1f4840e0 Unloading class 0x000002023f7c8b18 'CavernsAndChasmsDataRemoldersAdvancementAdventureTrimWithAnyArmorPatternJsonSequenceRemolderRemolding13749645849100'
Event: 3319.229 Thread 0x000001fe1f4840e0 Unloading class 0x000002023f7c88e0 'CavernsAndChasmsDataRemoldersAdvancementHusbandryWaxOnJsonSequenceRemolderRemolding13749646026700'
Event: 3319.229 Thread 0x000001fe1f4840e0 Unloading class 0x000002023f7c86a8 'CavernsAndChasmsDataRemoldersAdvancementHusbandryBredAllAnimalsJsonSequenceRemolderRemolding13749645858300'
Event: 3319.229 Thread 0x000001fe1f4840e0 Unloading class 0x000002023f7c8470 'CavernsAndChasmsDataRemoldersAdvancementAdventureKillAllMobsJsonSequenceRemolderRemolding13749645732300'
Event: 3319.229 Thread 0x000001fe1f4840e0 Unloading class 0x000002023f7c8238 'CavernsAndChasmsDataRemoldersAdvancementNetherUseLodestoneJsonReplaceRemolderRemolding13749645456000'
Event: 3319.229 Thread 0x000001fe1f4840e0 Unloading class 0x000002023f7c8000 'CavernsAndChasmsDataRemoldersAdvancementAdventureSpyglassAtParrotJsonReplaceRemolderRemolding13749645417700'
Event: 3319.229 Thread 0x000001fe1f4840e0 Unloading class 0x000002023f7c67f0 'CavernsAndChasmsDataRemoldersLootTableGameplayFishingFishJsonAddRemolderRemolding13695119905700'
Event: 3319.229 Thread 0x000001fe1f4840e0 Unloading class 0x000002023f7c65b8 'UpgradeAquaticDataRemoldersLootTableGameplayFishingFishJsonSequenceRemolderRemolding13695120213600'
Event: 3319.229 Thread 0x000001fe1f4840e0 Unloading class 0x000002023f7c6380 'UpgradeAquaticDataRemoldersLootTableGameplayFishingJunkJsonSequenceRemolderRemolding13695120653800'
Event: 3319.229 Thread 0x000001fe1f4840e0 Unloading class 0x000002023f7c6148 'UpgradeAquaticDataRemoldersLootTablePickerelweedStructuresJsonAddRemolderRemolding13695120693700'
Event: 3319.229 Thread 0x000001fe1f4840e0 Unloading class 0x000002023f7c5f10 'AllurementDataRemoldersSoulSpeedJsonSequenceRemolderRemolding13695121106100'
Event: 3319.229 Thread 0x000001fe1f4840e0 Unloading class 0x000002023f7c5cd8 'CavernsAndChasmsDataRemoldersWorldgenStructureSetMineshaftsJsonAddRemolderRemolding13695121311300'
Event: 3319.229 Thread 0x000001fe1f4840e0 Unloading class 0x000002023f7c5aa0 'CavernsAndChasmsDataRemoldersLootTableChestsStrongholdCrossingJsonSequenceRemolderRemolding13695115876400'
Event: 3319.229 Thread 0x000001fe1f4840e0 Unloading class 0x000002023f7c5868 'CavernsAndChasmsDataRemoldersLootTableChestsStrongholdLibraryJsonAddRemolderRemolding13695116363100'
Event: 3319.229 Thread 0x000001fe1f4840e0 Unloading class 0x000002023f7c5630 'CavernsAndChasmsDataRemoldersLootTableChestsVillageVillageFisherJsonSequenceRemolderRemolding13695116569600'
Event: 3319.229 Thread 0x000001fe1f4840e0 Unloading class 0x000002023f7c53f8 'CavernsAndChasmsDataRemoldersLootTableChestsVillageVillageFletcherJsonSequenceRemolderRemolding13695117080000'
Event: 3319.229 Thread 0x000001fe1f4840e0 Unloading class 0x000002023f7c51c0 'CavernsAndChasmsDataRemoldersLootTableChestsVillageVillageSnowyHouseJsonAddRemolderRemolding13695117272400'
Event: 3319.229 Thread 0x000001fe1f4840e0 Unloading class 0x000002023f7c4f88 'CavernsAndChasmsDataRemoldersLootTableChestsVillageVillageTempleJsonSequenceRemolderRemolding13695117477900'
Event: 3319.229 Thread 0x000001fe1f4840e0 Unloading class 0x000002023f7c4d50 'CavernsAndChasmsDataRemoldersLootTableChestsVillageVillageToolsmithJsonAddRemolderRemolding13695117772900'
Event: 3319.229 Thread 0x000001fe1f4840e0 Unloading class 0x000002023f7c4b18 'CavernsAndChasmsDataRemoldersLootTableChestsVillageVillageWeaponsmithJsonSequenceRemolderRemolding13695118818100'
Event: 3319.229 Thread 0x000001fe1f4840e0 Unloading class 0x000002023f7c48e0 'CavernsAndChasmsDataRemoldersLootTableChestsWoodlandMansionJsonSequenceRemolderRemolding13695118997000'
Event: 3319.229 Thread 0x000001fe1f4840e0 Unloading class 0x000002023f7c46a8 'CavernsAndChasmsDataRemoldersLootTableEntitiesElderGuardianJsonAddRemolderRemolding13695119233500'
Event: 3319.229 Thread 0x000001fe1f4840e0 Unloading class 0x000002023f7c4470 'UpgradeAquaticDataRemoldersLootTableEntitiesElderGuardianJsonAddRemolderRemolding13695119470100'
Event: 3319.229 Thread 0x000001fe1f4840e0 Unloading class 0x000002023f7c4238 'CavernsAndChasmsDataRemoldersLootTableChestsIglooChestJsonAddRemolderRemolding13695111934000'
Event: 3319.229 Thread 0x000001fe1f4840e0 Unloading class 0x000002023f7c4000 'CavernsAndChasmsDataRemoldersLootTableChestsJungleTempleJsonSequenceRemolderRemolding13695112291000'
Event: 3319.229 Thread 0x000001fe1f4840e0 Unloading class 0x000002023f7c3be8 'CavernsAndChasmsDataRemoldersLootTableChestsJungleTempleDispenserJsonAddRemolderRemolding13695112883800'
Event: 3319.229 Thread 0x000001fe1f4840e0 Unloading class 0x000002023f7c39b0 'CavernsAndChasmsDataRemoldersLootTableChestsKousaSanctumJsonSequenceRemolderRemolding13695113217800'
Event: 3319.229 Thread 0x000001fe1f4840e0 Unloading class 0x000002023f7c3778 'CavernsAndChasmsDataRemoldersLootTableChestsNetherBridgeJsonSequenceRemolderRemolding13695113700400'
Event: 3319.229 Thread 0x000001fe1f4840e0 Unloading class 0x000002023f7c3540 'CavernsAndChasmsDataRemoldersLootTableChestsPillagerOutpostJsonSequenceRemolderRemolding13695114069200'
Event: 3319.229 Thread 0x000001fe1f4840e0 Unloading class 0x000002023f7c3308 'CavernsAndChasmsDataRemoldersLootTableChestsRuinedPortalJsonSequenceRemolderRemolding13695114588300'
Event: 3319.229 Thread 0x000001fe1f4840e0 Unloading class 0x000002023f7c30d0 'CavernsAndChasmsDataRemoldersLootTableChestsShipwreckMapJsonSequenceRemolderRemolding13695114942200'
Event: 3319.229 Thread 0x000001fe1f4840e0 Unloading class 0x000002023f7c2e98 'CavernsAndChasmsDataRemoldersLootTableChestsShipwreckTreasureJsonSequenceRemolderRemolding13695115179200'
Event: 3319.229 Thread 0x000001fe1f4840e0 Unloading class 0x000002023f7c2c60 'CavernsAndChasmsDataRemoldersLootTableChestsSimpleDungeonJsonSequenceRemolderRemolding13695115388700'
Event: 3319.229 Thread 0x000001fe1f4840e0 Unloading class 0x000002023f7c2a28 'CavernsAndChasmsDataRemoldersLootTableChestsStrongholdCorridorJsonSequenceRemolderRemolding13695115687400'
Event: 3319.229 Thread 0x000001fe1f4840e0 Unloading class 0x000002023f7c27f0 'CavernsAndChasmsDataRemoldersLootTableBlocksCopperOreJsonAddRemolderRemolding13695108612900'
Event: 3319.229 Thread 0x000001fe1f4840e0 Unloading class 0x000002023f7c25b8 'CavernsAndChasmsDataRemoldersLootTableBlocksDeepslateCopperOreJsonAddRemolderRemolding13695108694200'
Event: 3319.229 Thread 0x000001fe1f4840e0 Unloading class 0x000002023f7c2380 'CavernsAndChasmsDataRemoldersLootTableChestsAbandonedMineshaftJsonSequenceRemolderRemolding13695108856700'
Event: 3319.229 Thread 0x000001fe1f4840e0 Unloading class 0x000002023f7c2148 'CavernsAndChasmsDataRemoldersLootTableChestsAncientCityJsonSequenceRemolderRemolding13695109069500'
Event: 3319.229 Thread 0x000001fe1f4840e0 Unloading class 0x000002023f7c1f10 'CavernsAndChasmsDataRemoldersLootTableChestsBastionBridgeJsonSequenceRemolderRemolding13695109526000'
Event: 3319.229 Thread 0x000001fe1f4840e0 Unloading class 0x000002023f7c1cd8 'CavernsAndChasmsDataRemoldersLootTableChestsBastionHoglinStableJsonAddRemolderRemolding13695109689700'
Event: 3319.229 Thread 0x000001fe1f4840e0 Unloading class 0x000002023f7c1aa0 'CavernsAndChasmsDataRemoldersLootTableChestsBastionOtherJsonSequenceRemolderRemolding13695110227800'
Event: 3319.229 Thread 0x000001fe1f4840e0 Unloading class 0x000002023f7c1868 'CavernsAndChasmsDataRemoldersLootTableChestsBastionTreasureJsonSequenceRemolderRemolding13695110511300'
Event: 3319.229 Thread 0x000001fe1f4840e0 Unloading class 0x000002023f7c1630 'CavernsAndChasmsDataRemoldersLootTableChestsBuriedTreasureJsonSequenceRemolderRemolding13695110862100'
Event: 3319.229 Thread 0x000001fe1f4840e0 Unloading class 0x000002023f7c13f8 'CavernsAndChasmsDataRemoldersLootTableChestsDesertPyramidJsonSequenceRemolderRemolding13695111268000'
Event: 3319.229 Thread 0x000001fe1f4840e0 Unloading class 0x000002023f7c11c0 'CavernsAndChasmsDataRemoldersLootTableChestsEndCityTreasureJsonSequenceRemolderRemolding13695111672900'
Event: 3319.229 Thread 0x000001fe1f4840e0 Unloading class 0x000002023f7c0f88 'AllurementDataRemoldersEnchantableAnimalArmorJsonAddRemolderRemolding13695105923900'
Event: 3319.229 Thread 0x000001fe1f4840e0 Unloading class 0x000002023f7c0d50 'AllurementDataRemoldersBastionHoglinStableJsonAddRemolderRemolding13695106035900'
Event: 3319.229 Thread 0x000001fe1f4840e0 Unloading class 0x000002023f7c0b18 'CavernsAndChasmsDataRemoldersAdvancementStoryLavaBucketJsonSequenceRemolderRemolding13695106045100'
Event: 3319.229 Thread 0x000001fe1f4840e0 Unloading class 0x000002023f7c08e0 'CavernsAndChasmsDataRemoldersEnchantmentEfficiencyJsonAddRemolderRemolding13695106239800'
Event: 3319.229 Thread 0x000001fe1f4840e0 Unloading class 0x000002023f7c06a8 'AllurementDataRemoldersFeatherFallingJsonAddRemolderRemolding13695106395200'
Event: 3319.229 Thread 0x000001fe1f4840e0 Unloading class 0x000002023f7c0470 'AllurementDataRemoldersEndCityTreasureJsonSequenceRemolderRemolding13695106419400'
Event: 3319.229 Thread 0x000001fe1f4840e0 Unloading class 0x000002023f7c0238 'AllurementDataRemoldersInfinityJsonSequenceRemolderRemolding13695106941800'
Event: 3319.229 Thread 0x000001fe1f4840e0 Unloading class 0x000002023f7c0000 'UpgradeAquaticDataRemoldersLootTableAddThrasherTeethJsonAddRemolderRemolding13695107304500'
Event: 3319.229 Thread 0x000001fe1f4840e0 Unloading class 0x000002023f7bfcd8 'UpgradeAquaticDataRemoldersLootTableArchaeologyOceanRuinColdJsonSequenceRemolderRemolding13695107378800'
Event: 3319.229 Thread 0x000001fe1f4840e0 Unloading class 0x000002023f7bfaa0 'CavernsAndChasmsDataRemoldersLootTableArchaeologyTrailRuinsRareJsonAddRemolderRemolding13695107488200'
Event: 3319.229 Thread 0x000001fe1f4840e0 Unloading class 0x000002023f7bf868 'CavernsAndChasmsDataRemoldersAdvancementAdventureLightningRodWithVillagerNoFireJsonReplaceRemolderRemolding13695104254400'
Event: 3319.229 Thread 0x000001fe1f4840e0 Unloading class 0x000002023f7bf630 'CavernsAndChasmsDataRemoldersAdvancementNetherAllPotionsJsonSequenceRemolderRemolding13695104395500'
Event: 3319.229 Thread 0x000001fe1f4840e0 Unloading class 0x000002023f7bf3f8 'CavernsAndChasmsDataRemoldersAdvancementNetherUseLodestoneJsonReplaceRemolderRemolding13695104251600'
Event: 3319.229 Thread 0x000001fe1f4840e0 Unloading class 0x000002023f7bf1c0 'CavernsAndChasmsDataRemoldersAdvancementHusbandryWaxOnJsonSequenceRemolderRemolding13695104576000'
Event: 3319.229 Thread 0x000001fe1f4840e0 Unloading class 0x000002023f7bef88 'CavernsAndChasmsDataRemoldersAdvancementAdventureKillAMobJsonSequenceRemolderRemolding13695104530100'
Event: 3319.229 Thread 0x000001fe1f4840e0 Unloading class 0x000002023f7bed50 'CavernsAndChasmsDataRemoldersAdvancementHusbandryBredAllAnimalsJsonSequenceRemolderRemolding13695104599200'
Event: 3319.229 Thread 0x000001fe1f4840e0 Unloading class 0x000002023f7beb18 'CavernsAndChasmsDataRemoldersAdvancementHusbandryBalancedDietJsonSequenceRemolderRemolding13695104608900'
Event: 3319.229 Thread 0x000001fe1f4840e0 Unloading class 0x000002023f7be8e0 'CavernsAndChasmsDataRemoldersAdvancementNetherAllEffectsJsonSequenceRemolderRemolding13695105046400'
Event: 3319.229 Thread 0x000001fe1f4840e0 Unloading class 0x000002023f7be6a8 'CavernsAndChasmsDataRemoldersAdvancementAdventureKillAllMobsJsonSequenceRemolderRemolding13695105113700'
Event: 3319.229 Thread 0x000001fe1f4840e0 Unloading class 0x000002023f7be470 'CavernsAndChasmsDataRemoldersAdvancementHusbandryWaxOffJsonSequenceRemolderRemolding13695105187300'
Event: 3319.229 Thread 0x000001fe1f4840e0 Unloading class 0x000002023f7be238 'CavernsAndChasmsDataRemoldersAdvancementAdventureTrimWithAnyArmorPatternJsonSequenceRemolderRemolding13695105244400'
Event: 3319.229 Thread 0x000001fe1f4840e0 Unloading class 0x000002023f7be000 'CavernsAndChasmsDataRemoldersAdvancementHusbandryObtainNetheriteHoeJsonSequenceRemolderRemolding13695105115200'
Event: 3319.229 Thread 0x000001fe1f4840e0 Unloading class 0x000002023f7bdc00 'CavernsAndChasmsDataRemoldersAdvancementAdventureSpyglassAtParrotJsonReplaceRemolderRemolding13695104253500'
Event: 3319.229 Thread 0x000001fe1f4840e0 Unloading class 0x000002023f7b8b18 'UpgradeAquaticDataRemoldersLootTableGameplayFishingJunkJsonSequenceRemolderRemolding13623432793000'
Event: 3319.229 Thread 0x000001fe1f4840e0 Unloading class 0x000002023f7b88e0 'UpgradeAquaticDataRemoldersLootTablePickerelweedStructuresJsonAddRemolderRemolding13623432896600'
Event: 3319.229 Thread 0x000001fe1f4840e0 Unloading class 0x000002023f7b86a8 'AllurementDataRemoldersSoulSpeedJsonSequenceRemolderRemolding13623433457900'
Event: 3319.229 Thread 0x000001fe1f4840e0 Unloading class 0x000002023f7b8470 'CavernsAndChasmsDataRemoldersWorldgenStructureSetMineshaftsJsonAddRemolderRemolding13623433521500'
Event: 3319.229 Thread 0x000001fe1f4840e0 Unloading class 0x000002023f7b8238 'CavernsAndChasmsDataRemoldersLootTableChestsVillageVillageFisherJsonSequenceRemolderRemolding13623428458700'
Event: 3319.229 Thread 0x000001fe1f4840e0 Unloading class 0x000002023f7b8000 'CavernsAndChasmsDataRemoldersLootTableChestsVillageVillageFletcherJsonSequenceRemolderRemolding13623428829000'
Event: 3319.229 Thread 0x000001fe1f4840e0 Unloading class 0x000002023f7b7be8 'CavernsAndChasmsDataRemoldersLootTableChestsVillageVillageSnowyHouseJsonAddRemolderRemolding13623429003700'
Event: 3319.229 Thread 0x000001fe1f4840e0 Unloading class 0x000002023f7b79b0 'CavernsAndChasmsDataRemoldersLootTableChestsVillageVillageTempleJsonSequenceRemolderRemolding13623429427200'
Event: 3319.229 Thread 0x000001fe1f4840e0 Unloading class 0x000002023f7b7778 'CavernsAndChasmsDataRemoldersLootTableChestsVillageVillageToolsmithJsonAddRemolderRemolding13623430052600'
Event: 3319.229 Thread 0x000001fe1f4840e0 Unloading class 0x000002023f7b7540 'CavernsAndChasmsDataRemoldersLootTableChestsVillageVillageWeaponsmithJsonSequenceRemolderRemolding13623430864000'
Event: 3319.229 Thread 0x000001fe1f4840e0 Unloading class 0x000002023f7b7308 'CavernsAndChasmsDataRemoldersLootTableChestsWoodlandMansionJsonSequenceRemolderRemolding13623431122700'
Event: 3319.229 Thread 0x000001fe1f4840e0 Unloading class 0x000002023f7b70d0 'CavernsAndChasmsDataRemoldersLootTableEntitiesElderGuardianJsonAddRemolderRemolding13623431291000'
Event: 3319.229 Thread 0x000001fe1f4840e0 Unloading class 0x000002023f7b6e98 'UpgradeAquaticDataRemoldersLootTableEntitiesElderGuardianJsonAddRemolderRemolding13623431835600'
Event: 3319.229 Thread 0x000001fe1f4840e0 Unloading class 0x000002023f7b6c60 'CavernsAndChasmsDataRemoldersLootTableGameplayFishingFishJsonAddRemolderRemolding13623432093000'
Event: 3319.229 Thread 0x000001fe1f4840e0 Unloading class 0x000002023f7b6a28 'UpgradeAquaticDataRemoldersLootTableGameplayFishingFishJsonSequenceRemolderRemolding13623432446600'
Event: 3319.229 Thread 0x000001fe1f4840e0 Unloading class 0x000002023f7b67f0 'CavernsAndChasmsDataRemoldersLootTableChestsJungleTempleDispenserJsonAddRemolderRemolding13623424463500'
Event: 3319.229 Thread 0x000001fe1f4840e0 Unloading class 0x000002023f7b65b8 'CavernsAndChasmsDataRemoldersLootTableChestsKousaSanctumJsonSequenceRemolderRemolding13623424629600'
Event: 3319.229 Thread 0x000001fe1f4840e0 Unloading class 0x000002023f7b6380 'CavernsAndChasmsDataRemoldersLootTableChestsNetherBridgeJsonSequenceRemolderRemolding13623424931200'
Event: 3319.229 Thread 0x000001fe1f4840e0 Unloading class 0x000002023f7b6148 'CavernsAndChasmsDataRemoldersLootTableChestsPillagerOutpostJsonSequenceRemolderRemolding13623425263900'
Event: 3319.229 Thread 0x000001fe1f4840e0 Unloading class 0x000002023f7b5f10 'CavernsAndChasmsDataRemoldersLootTableChestsRuinedPortalJsonSequenceRemolderRemolding13623425945500'
Event: 3319.229 Thread 0x000001fe1f4840e0 Unloading class 0x000002023f7b5cd8 'CavernsAndChasmsDataRemoldersLootTableChestsShipwreckMapJsonSequenceRemolderRemolding13623426199300'
Event: 3319.229 Thread 0x000001fe1f4840e0 Unloading class 0x000002023f7b5aa0 'CavernsAndChasmsDataRemoldersLootTableChestsShipwreckTreasureJsonSequenceRemolderRemolding13623427113500'
Event: 3319.229 Thread 0x000001fe1f4840e0 Unloading class 0x000002023f7b5868 'CavernsAndChasmsDataRemoldersLootTableChestsSimpleDungeonJsonSequenceRemolderRemolding13623427226800'
Event: 3319.229 Thread 0x000001fe1f4840e0 Unloading class 0x000002023f7b5630 'CavernsAndChasmsDataRemoldersLootTableChestsStrongholdCorridorJsonSequenceRemolderRemolding13623427550100'
Event: 3319.229 Thread 0x000001fe1f4840e0 Unloading class 0x000002023f7b53f8 'CavernsAndChasmsDataRemoldersLootTableChestsStrongholdCrossingJsonSequenceRemolderRemolding13623427888600'
Event: 3319.229 Thread 0x000001fe1f4840e0 Unloading class 0x000002023f7b51c0 'CavernsAndChasmsDataRemoldersLootTableChestsStrongholdLibraryJsonAddRemolderRemolding13623428096800'
Event: 3319.229 Thread 0x000001fe1f4840e0 Unloading class 0x000002023f7b4f88 'CavernsAndChasmsDataRemoldersLootTableChestsAncientCityJsonSequenceRemolderRemolding13623421070100'
Event: 3319.229 Thread 0x000001fe1f4840e0 Unloading class 0x000002023f7b4d50 'CavernsAndChasmsDataRemoldersLootTableChestsAbandonedMineshaftJsonSequenceRemolderRemolding13623420952100'
Event: 3319.229 Thread 0x000001fe1f4840e0 Unloading class 0x000002023f7b4b18 'CavernsAndChasmsDataRemoldersLootTableChestsBastionHoglinStableJsonAddRemolderRemolding13623421720900'
Event: 3319.229 Thread 0x000001fe1f4840e0 Unloading class 0x000002023f7b48e0 'CavernsAndChasmsDataRemoldersLootTableChestsBastionBridgeJsonSequenceRemolderRemolding13623421694000'
Event: 3319.229 Thread 0x000001fe1f4840e0 Unloading class 0x000002023f7b46a8 'CavernsAndChasmsDataRemoldersLootTableChestsBastionOtherJsonSequenceRemolderRemolding13623421964100'
Event: 3319.229 Thread 0x000001fe1f4840e0 Unloading class 0x000002023f7b4470 'CavernsAndChasmsDataRemoldersLootTableChestsBastionTreasureJsonSequenceRemolderRemolding13623422536400'
Event: 3319.229 Thread 0x000001fe1f4840e0 Unloading class 0x000002023f7b4238 'CavernsAndChasmsDataRemoldersLootTableChestsBuriedTreasureJsonSequenceRemolderRemolding13623422857200'
Event: 3319.229 Thread 0x000001fe1f4840e0 Unloading class 0x000002023f7b4000 'CavernsAndChasmsDataRemoldersLootTableChestsDesertPyramidJsonSequenceRemolderRemolding13623423372100'
Event: 3319.229 Thread 0x000001fe1f4840e0 Unloading class 0x000002023f7b3cd8 'CavernsAndChasmsDataRemoldersLootTableChestsEndCityTreasureJsonSequenceRemolderRemolding13623423481800'
Event: 3319.229 Thread 0x000001fe1f4840e0 Unloading class 0x000002023f7b3aa0 'CavernsAndChasmsDataRemoldersLootTableChestsIglooChestJsonAddRemolderRemolding13623423706400'
Event: 3319.229 Thread 0x000001fe1f4840e0 Unloading class 0x000002023f7b3868 'CavernsAndChasmsDataRemoldersLootTableChestsJungleTempleJsonSequenceRemolderRemolding13623424046400'
Event: 3319.229 Thread 0x000001fe1f4840e0 Unloading class 0x000002023f7b3630 'AllurementDataRemoldersEnchantableAnimalArmorJsonAddRemolderRemolding13623418682400'
Event: 3319.229 Thread 0x000001fe1f4840e0 Unloading class 0x000002023f7b33f8 'AllurementDataRemoldersFeatherFallingJsonAddRemolderRemolding13623418689800'
Event: 3319.229 Thread 0x000001fe1f4840e0 Unloading class 0x000002023f7b31c0 'AllurementDataRemoldersBastionHoglinStableJsonAddRemolderRemolding13623418577700'
Event: 3319.229 Thread 0x000001fe1f4840e0 Unloading class 0x000002023f7b2f88 'CavernsAndChasmsDataRemoldersEnchantmentEfficiencyJsonAddRemolderRemolding13623418632700'
Event: 3319.229 Thread 0x000001fe1f4840e0 Unloading class 0x000002023f7b2d50 'UpgradeAquaticDataRemoldersLootTableAddThrasherTeethJsonAddRemolderRemolding13623419390600'
Event: 3319.229 Thread 0x000001fe1f4840e0 Unloading class 0x000002023f7b2b18 'AllurementDataRemoldersInfinityJsonSequenceRemolderRemolding13623419350700'
Event: 3319.229 Thread 0x000001fe1f4840e0 Unloading class 0x000002023f7b28e0 'CavernsAndChasmsDataRemoldersAdvancementStoryLavaBucketJsonSequenceRemolderRemolding13623418836700'
Event: 3319.229 Thread 0x000001fe1f4840e0 Unloading class 0x000002023f7b26a8 'UpgradeAquaticDataRemoldersLootTableArchaeologyOceanRuinColdJsonSequenceRemolderRemolding13623419423700'
Event: 3319.229 Thread 0x000001fe1f4840e0 Unloading class 0x000002023f7b2470 'CavernsAndChasmsDataRemoldersLootTableArchaeologyTrailRuinsRareJsonAddRemolderRemolding13623419620100'
Event: 3319.229 Thread 0x000001fe1f4840e0 Unloading class 0x000002023f7b2238 'CavernsAndChasmsDataRemoldersLootTableBlocksCopperOreJsonAddRemolderRemolding13623419871100'
Event: 3319.229 Thread 0x000001fe1f4840e0 Unloading class 0x000002023f7b2000 'AllurementDataRemoldersEndCityTreasureJsonSequenceRemolderRemolding13623419350800'
Event: 3319.229 Thread 0x000001fe1f4840e0 Unloading class 0x000002023f7b1d50 'CavernsAndChasmsDataRemoldersLootTableBlocksDeepslateCopperOreJsonAddRemolderRemolding13623420305600'
Event: 3319.229 Thread 0x000001fe1f4840e0 Unloading class 0x000002023f7b1b18 'CavernsAndChasmsDataRemoldersAdvancementHusbandryWaxOnJsonSequenceRemolderRemolding13623415270700'
Event: 3319.229 Thread 0x000001fe1f4840e0 Unloading class 0x000002023f7b18e0 'CavernsAndChasmsDataRemoldersAdvancementHusbandryBalancedDietJsonSequenceRemolderRemolding13623415499900'
Event: 3319.229 Thread 0x000001fe1f4840e0 Unloading class 0x000002023f7b16a8 'CavernsAndChasmsDataRemoldersAdvancementNetherAllEffectsJsonSequenceRemolderRemolding13623416090900'
Event: 3319.229 Thread 0x000001fe1f4840e0 Unloading class 0x000002023f7b1470 'CavernsAndChasmsDataRemoldersAdvancementNetherUseLodestoneJsonReplaceRemolderRemolding13623416678500'
Event: 3319.229 Thread 0x000001fe1f4840e0 Unloading class 0x000002023f7b1238 'CavernsAndChasmsDataRemoldersAdvancementNetherAllPotionsJsonSequenceRemolderRemolding13623416671900'
Event: 3319.229 Thread 0x000001fe1f4840e0 Unloading class 0x000002023f7b1000 'CavernsAndChasmsDataRemoldersAdvancementHusbandryWaxOffJsonSequenceRemolderRemolding13623414986700'
Event: 3319.229 Thread 0x000001fe1f4840e0 Unloading class 0x000002023f7b0d50 'CavernsAndChasmsDataRemoldersAdvancementHusbandryBredAllAnimalsJsonSequenceRemolderRemolding13623415322200'
Event: 3319.229 Thread 0x000001fe1f4840e0 Unloading class 0x000002023f7b0b18 'CavernsAndChasmsDataRemoldersAdvancementAdventureKillAMobJsonSequenceRemolderRemolding13623415527200'
Event: 3319.229 Thread 0x000001fe1f4840e0 Unloading class 0x000002023f7b08e0 'CavernsAndChasmsDataRemoldersAdvancementAdventureKillAllMobsJsonSequenceRemolderRemolding13623415236900'
Event: 3319.229 Thread 0x000001fe1f4840e0 Unloading class 0x000002023f7b06a8 'CavernsAndChasmsDataRemoldersAdvancementAdventureTrimWithAnyArmorPatternJsonSequenceRemolderRemolding13623415377200'
Event: 3319.229 Thread 0x000001fe1f4840e0 Unloading class 0x000002023f7b0470 'CavernsAndChasmsDataRemoldersAdvancementHusbandryObtainNetheriteHoeJsonSequenceRemolderRemolding13623414908000'
Event: 3319.229 Thread 0x000001fe1f4840e0 Unloading class 0x000002023f7b0238 'CavernsAndChasmsDataRemoldersAdvancementAdventureLightningRodWithVillagerNoFireJsonReplaceRemolderRemolding13623413963100'
Event: 3319.229 Thread 0x000001fe1f4840e0 Unloading class 0x000002023f7b0000 'CavernsAndChasmsDataRemoldersAdvancementAdventureSpyglassAtParrotJsonReplaceRemolderRemolding13623413768300'
Event: 3796.693 Thread 0x000001fe1f4840e0 Unloading class 0x000002023f7de380 'UpgradeAquaticDataRemoldersLootTableGameplayFishingJunkJsonSequenceRemolderRemolding13998887016000'
Event: 3796.693 Thread 0x000001fe1f4840e0 Unloading class 0x000002023f7de148 'UpgradeAquaticDataRemoldersLootTablePickerelweedStructuresJsonAddRemolderRemolding13998887080800'
Event: 3796.693 Thread 0x000001fe1f4840e0 Unloading class 0x000002023f7ddf10 'AllurementDataRemoldersSoulSpeedJsonSequenceRemolderRemolding13998887165500'
Event: 3796.693 Thread 0x000001fe1f4840e0 Unloading class 0x000002023f7ddcd8 'CavernsAndChasmsDataRemoldersWorldgenStructureSetMineshaftsJsonAddRemolderRemolding13998887226200'
Event: 3796.693 Thread 0x000001fe1f4840e0 Unloading class 0x000002023f7ddaa0 'CavernsAndChasmsDataRemoldersLootTableChestsVillageVillageFisherJsonSequenceRemolderRemolding13998886047400'
Event: 3796.693 Thread 0x000001fe1f4840e0 Unloading class 0x000002023f7dd868 'CavernsAndChasmsDataRemoldersLootTableChestsVillageVillageFletcherJsonSequenceRemolderRemolding13998886078600'
Event: 3796.693 Thread 0x000001fe1f4840e0 Unloading class 0x000002023f7dd630 'CavernsAndChasmsDataRemoldersLootTableChestsVillageVillageSnowyHouseJsonAddRemolderRemolding13998886121800'
Event: 3796.693 Thread 0x000001fe1f4840e0 Unloading class 0x000002023f7dd3f8 'CavernsAndChasmsDataRemoldersLootTableChestsVillageVillageTempleJsonSequenceRemolderRemolding13998886189300'
Event: 3796.693 Thread 0x000001fe1f4840e0 Unloading class 0x000002023f7dd1c0 'CavernsAndChasmsDataRemoldersLootTableChestsVillageVillageToolsmithJsonAddRemolderRemolding13998886600800'
Event: 3796.693 Thread 0x000001fe1f4840e0 Unloading class 0x000002023f7dcf88 'CavernsAndChasmsDataRemoldersLootTableChestsVillageVillageWeaponsmithJsonSequenceRemolderRemolding13998886653300'
Event: 3796.693 Thread 0x000001fe1f4840e0 Unloading class 0x000002023f7dcd50 'CavernsAndChasmsDataRemoldersLootTableChestsWoodlandMansionJsonSequenceRemolderRemolding13998886725100'
Event: 3796.693 Thread 0x000001fe1f4840e0 Unloading class 0x000002023f7dcb18 'CavernsAndChasmsDataRemoldersLootTableEntitiesElderGuardianJsonAddRemolderRemolding13998886781600'
Event: 3796.693 Thread 0x000001fe1f4840e0 Unloading class 0x000002023f7dc8e0 'UpgradeAquaticDataRemoldersLootTableEntitiesElderGuardianJsonAddRemolderRemolding13998886842100'
Event: 3796.693 Thread 0x000001fe1f4840e0 Unloading class 0x000002023f7dc6a8 'UpgradeAquaticDataRemoldersLootTableGameplayFishingFishJsonSequenceRemolderRemolding13998886975800'
Event: 3796.693 Thread 0x000001fe1f4840e0 Unloading class 0x000002023f7dc470 'CavernsAndChasmsDataRemoldersLootTableGameplayFishingFishJsonAddRemolderRemolding13998886879600'
Event: 3796.693 Thread 0x000001fe1f4840e0 Unloading class 0x000002023f7dc238 'CavernsAndChasmsDataRemoldersLootTableChestsEndCityTreasureJsonSequenceRemolderRemolding13998885225100'
Event: 3796.693 Thread 0x000001fe1f4840e0 Unloading class 0x000002023f7dc000 'CavernsAndChasmsDataRemoldersLootTableChestsIglooChestJsonAddRemolderRemolding13998885247100'
Event: 3796.693 Thread 0x000001fe1f4840e0 Unloading class 0x000002023f7dbcd8 'CavernsAndChasmsDataRemoldersLootTableChestsJungleTempleJsonSequenceRemolderRemolding13998885314000'
Event: 3796.693 Thread 0x000001fe1f4840e0 Unloading class 0x000002023f7dbaa0 'CavernsAndChasmsDataRemoldersLootTableChestsJungleTempleDispenserJsonAddRemolderRemolding13998885344900'
Event: 3796.693 Thread 0x000001fe1f4840e0 Unloading class 0x000002023f7db868 'CavernsAndChasmsDataRemoldersLootTableChestsPillagerOutpostJsonSequenceRemolderRemolding13998885563300'
Event: 3796.693 Thread 0x000001fe1f4840e0 Unloading class 0x000002023f7db630 'CavernsAndChasmsDataRemoldersLootTableChestsRuinedPortalJsonSequenceRemolderRemolding13998885583800'
Event: 3796.693 Thread 0x000001fe1f4840e0 Unloading class 0x000002023f7db3f8 'CavernsAndChasmsDataRemoldersLootTableChestsShipwreckTreasureJsonSequenceRemolderRemolding13998885694200'
Event: 3796.693 Thread 0x000001fe1f4840e0 Unloading class 0x000002023f7db1c0 'CavernsAndChasmsDataRemoldersLootTableChestsSimpleDungeonJsonSequenceRemolderRemolding13998885782000'
Event: 3796.693 Thread 0x000001fe1f4840e0 Unloading class 0x000002023f7daf88 'CavernsAndChasmsDataRemoldersLootTableChestsStrongholdCorridorJsonSequenceRemolderRemolding13998885815000'
Event: 3796.693 Thread 0x000001fe1f4840e0 Unloading class 0x000002023f7dad50 'CavernsAndChasmsDataRemoldersLootTableChestsStrongholdCrossingJsonSequenceRemolderRemolding13998885898300'
Event: 3796.693 Thread 0x000001fe1f4840e0 Unloading class 0x000002023f7dab18 'CavernsAndChasmsDataRemoldersLootTableChestsStrongholdLibraryJsonAddRemolderRemolding13998885917000'
Event: 3796.693 Thread 0x000001fe1f4840e0 Unloading class 0x000002023f7da8e0 'CavernsAndChasmsDataRemoldersAdvancementStoryLavaBucketJsonSequenceRemolderRemolding13998884004000'
Event: 3796.693 Thread 0x000001fe1f4840e0 Unloading class 0x000002023f7da6a8 'AllurementDataRemoldersEndCityTreasureJsonSequenceRemolderRemolding13998884192300'
Event: 3796.693 Thread 0x000001fe1f4840e0 Unloading class 0x000002023f7da470 'UpgradeAquaticDataRemoldersLootTableAddThrasherTeethJsonAddRemolderRemolding13998884300000'
Event: 3796.693 Thread 0x000001fe1f4840e0 Unloading class 0x000002023f7da238 'CavernsAndChasmsDataRemoldersLootTableChestsShipwreckMapJsonSequenceRemolderRemolding13998885656100'
Event: 3796.693 Thread 0x000001fe1f4840e0 Unloading class 0x000002023f7da000 'UpgradeAquaticDataRemoldersLootTableArchaeologyOceanRuinColdJsonSequenceRemolderRemolding13998884367100'
Event: 3796.693 Thread 0x000001fe1f4840e0 Unloading class 0x000002023f70bcd8 'CavernsAndChasmsDataRemoldersLootTableChestsAncientCityJsonSequenceRemolderRemolding13998884676100'
Event: 3796.693 Thread 0x000001fe1f4840e0 Unloading class 0x000002023f70baa0 'CavernsAndChasmsDataRemoldersLootTableChestsNetherBridgeJsonSequenceRemolderRemolding13998885486600'
Event: 3796.693 Thread 0x000001fe1f4840e0 Unloading class 0x000002023f70b868 'CavernsAndChasmsDataRemoldersLootTableChestsKousaSanctumJsonSequenceRemolderRemolding13998885432400'
Event: 3796.693 Thread 0x000001fe1f4840e0 Unloading class 0x000002023f70b630 'CavernsAndChasmsDataRemoldersLootTableChestsBastionHoglinStableJsonAddRemolderRemolding13998884894800'
Event: 3796.693 Thread 0x000001fe1f4840e0 Unloading class 0x000002023f70b3f8 'CavernsAndChasmsDataRemoldersLootTableChestsBastionOtherJsonSequenceRemolderRemolding13998884916500'
Event: 3796.693 Thread 0x000001fe1f4840e0 Unloading class 0x000002023f70b1c0 'CavernsAndChasmsDataRemoldersLootTableChestsBuriedTreasureJsonSequenceRemolderRemolding13998885045400'
Event: 3796.693 Thread 0x000001fe1f4840e0 Unloading class 0x000002023f70af88 'CavernsAndChasmsDataRemoldersLootTableChestsBastionTreasureJsonSequenceRemolderRemolding13998885030100'
Event: 3796.693 Thread 0x000001fe1f4840e0 Unloading class 0x000002023f70ad50 'CavernsAndChasmsDataRemoldersLootTableChestsDesertPyramidJsonSequenceRemolderRemolding13998885158600'
Event: 3796.693 Thread 0x000001fe1f4840e0 Unloading class 0x000002023f70ab18 'CavernsAndChasmsDataRemoldersAdvancementAdventureKillAMobJsonSequenceRemolderRemolding13998883463300'
Event: 3796.693 Thread 0x000001fe1f4840e0 Unloading class 0x000002023f70a8e0 'CavernsAndChasmsDataRemoldersAdvancementHusbandryBalancedDietJsonSequenceRemolderRemolding13998883366900'
Event: 3796.693 Thread 0x000001fe1f4840e0 Unloading class 0x000002023f70a6a8 'CavernsAndChasmsDataRemoldersLootTableChestsBastionBridgeJsonSequenceRemolderRemolding13998884894000'
Event: 3796.693 Thread 0x000001fe1f4840e0 Unloading class 0x000002023f70a470 'CavernsAndChasmsDataRemoldersAdvancementHusbandryWaxOnJsonSequenceRemolderRemolding13998883473800'
Event: 3796.693 Thread 0x000001fe1f4840e0 Unloading class 0x000002023f70a238 'CavernsAndChasmsDataRemoldersAdvancementAdventureTrimWithAnyArmorPatternJsonSequenceRemolderRemolding13998883609500'
Event: 3796.693 Thread 0x000001fe1f4840e0 Unloading class 0x000002023f70a000 'CavernsAndChasmsDataRemoldersLootTableChestsAbandonedMineshaftJsonSequenceRemolderRemolding13998884672500'
Event: 3796.693 Thread 0x000001fe1f4840e0 Unloading class 0x000002023f709cd8 'CavernsAndChasmsDataRemoldersAdvancementHusbandryObtainNetheriteHoeJsonSequenceRemolderRemolding13998883583000'
Event: 3796.693 Thread 0x000001fe1f4840e0 Unloading class 0x000002023f709aa0 'CavernsAndChasmsDataRemoldersLootTableBlocksDeepslateCopperOreJsonAddRemolderRemolding13998884582700'
Event: 3796.693 Thread 0x000001fe1f4840e0 Unloading class 0x000002023f709868 'CavernsAndChasmsDataRemoldersAdvancementHusbandryWaxOffJsonSequenceRemolderRemolding13998883624100'
Event: 3796.693 Thread 0x000001fe1f4840e0 Unloading class 0x000002023f709630 'CavernsAndChasmsDataRemoldersLootTableBlocksCopperOreJsonAddRemolderRemolding13998884475800'
Event: 3796.693 Thread 0x000001fe1f4840e0 Unloading class 0x000002023f7093f8 'CavernsAndChasmsDataRemoldersLootTableArchaeologyTrailRuinsRareJsonAddRemolderRemolding13998884412000'
Event: 3796.693 Thread 0x000001fe1f4840e0 Unloading class 0x000002023f7091c0 'CavernsAndChasmsDataRemoldersAdvancementAdventureKillAllMobsJsonSequenceRemolderRemolding13998883600200'
Event: 3796.693 Thread 0x000001fe1f4840e0 Unloading class 0x000002023f708f88 'AllurementDataRemoldersInfinityJsonSequenceRemolderRemolding13998884250100'
Event: 3796.693 Thread 0x000001fe1f4840e0 Unloading class 0x000002023f708d50 'AllurementDataRemoldersFeatherFallingJsonAddRemolderRemolding13998884218400'
Event: 3796.693 Thread 0x000001fe1f4840e0 Unloading class 0x000002023f708b18 'AllurementDataRemoldersBastionHoglinStableJsonAddRemolderRemolding13998884011800'
Event: 3796.693 Thread 0x000001fe1f4840e0 Unloading class 0x000002023f7088e0 'CavernsAndChasmsDataRemoldersEnchantmentEfficiencyJsonAddRemolderRemolding13998884097800'
Event: 3796.693 Thread 0x000001fe1f4840e0 Unloading class 0x000002023f7086a8 'AllurementDataRemoldersEnchantableAnimalArmorJsonAddRemolderRemolding13998884017700'
Event: 3796.693 Thread 0x000001fe1f4840e0 Unloading class 0x000002023f708470 'CavernsAndChasmsDataRemoldersAdvancementAdventureSpyglassAtParrotJsonReplaceRemolderRemolding13998883050600'
Event: 3796.693 Thread 0x000001fe1f4840e0 Unloading class 0x000002023f708238 'CavernsAndChasmsDataRemoldersAdvancementNetherUseLodestoneJsonReplaceRemolderRemolding13998883047700'
Event: 3796.693 Thread 0x000001fe1f4840e0 Unloading class 0x000002023f708000 'CavernsAndChasmsDataRemoldersAdvancementHusbandryBredAllAnimalsJsonSequenceRemolderRemolding13998883625300'
Event: 3796.693 Thread 0x000001fe1f4840e0 Unloading class 0x000002023e885c70 'CavernsAndChasmsDataRemoldersAdvancementNetherAllPotionsJsonSequenceRemolderRemolding13998883201600'
Event: 3796.693 Thread 0x000001fe1f4840e0 Unloading class 0x000002023e885a38 'CavernsAndChasmsDataRemoldersAdvancementNetherAllEffectsJsonSequenceRemolderRemolding13998883203600'
Event: 3796.693 Thread 0x000001fe1f4840e0 Unloading class 0x000002023e885800 'CavernsAndChasmsDataRemoldersAdvancementAdventureLightningRodWithVillagerNoFireJsonReplaceRemolderRemolding13998883050600'

Classes redefined (0 events):
No events

Internal exceptions (250 events):
Event: 3910.905 Thread 0x00000203fda22000 Exception <a 'sun/nio/fs/WindowsException'{0x00000403b6492af8}> (0x00000403b6492af8) 
thrown [s\src\hotspot\share\prims\jni.cpp, line 520]
Event: 3910.906 Thread 0x00000203fda22000 Exception <a 'sun/nio/fs/WindowsException'{0x00000403b6492ec0}> (0x00000403b6492ec0) 
thrown [s\src\hotspot\share\prims\jni.cpp, line 520]
Event: 3910.906 Thread 0x00000203fda22000 Exception <a 'sun/nio/fs/WindowsException'{0x00000403b6493288}> (0x00000403b6493288) 
thrown [s\src\hotspot\share\prims\jni.cpp, line 520]
Event: 3910.907 Thread 0x00000203fda22000 Exception <a 'sun/nio/fs/WindowsException'{0x00000403b6493650}> (0x00000403b6493650) 
thrown [s\src\hotspot\share\prims\jni.cpp, line 520]
Event: 3910.907 Thread 0x00000203fda22000 Exception <a 'sun/nio/fs/WindowsException'{0x00000403b6493a18}> (0x00000403b6493a18) 
thrown [s\src\hotspot\share\prims\jni.cpp, line 520]
Event: 3910.908 Thread 0x00000203fda22000 Exception <a 'sun/nio/fs/WindowsException'{0x00000403b6493de0}> (0x00000403b6493de0) 
thrown [s\src\hotspot\share\prims\jni.cpp, line 520]
Event: 3910.908 Thread 0x00000203fda22000 Exception <a 'sun/nio/fs/WindowsException'{0x00000403b64941a8}> (0x00000403b64941a8) 
thrown [s\src\hotspot\share\prims\jni.cpp, line 520]
Event: 3910.908 Thread 0x00000203fda22000 Exception <a 'sun/nio/fs/WindowsException'{0x00000403b6494570}> (0x00000403b6494570) 
thrown [s\src\hotspot\share\prims\jni.cpp, line 520]
Event: 3910.908 Thread 0x00000203fda22000 Exception <a 'sun/nio/fs/WindowsException'{0x00000403b6494938}> (0x00000403b6494938) 
thrown [s\src\hotspot\share\prims\jni.cpp, line 520]
Event: 3910.908 Thread 0x00000203fda22000 Exception <a 'sun/nio/fs/WindowsException'{0x00000403b6494d00}> (0x00000403b6494d00) 
thrown [s\src\hotspot\share\prims\jni.cpp, line 520]
Event: 3910.908 Thread 0x00000203fda22000 Exception <a 'sun/nio/fs/WindowsException'{0x00000403b64950c8}> (0x00000403b64950c8) 
thrown [s\src\hotspot\share\prims\jni.cpp, line 520]
Event: 3910.909 Thread 0x00000203fda22000 Exception <a 'sun/nio/fs/WindowsException'{0x00000403b6495490}> (0x00000403b6495490) 
thrown [s\src\hotspot\share\prims\jni.cpp, line 520]
Event: 3910.910 Thread 0x00000203fda22000 Exception <a 'sun/nio/fs/WindowsException'{0x00000403b6495858}> (0x00000403b6495858) 
thrown [s\src\hotspot\share\prims\jni.cpp, line 520]
Event: 3910.911 Thread 0x00000203fda22000 Exception <a 'sun/nio/fs/WindowsException'{0x00000403b6495c20}> (0x00000403b6495c20) 
thrown [s\src\hotspot\share\prims\jni.cpp, line 520]
Event: 3910.911 Thread 0x00000203fda22000 Exception <a 'sun/nio/fs/WindowsException'{0x00000403b6495fe8}> (0x00000403b6495fe8) 
thrown [s\src\hotspot\share\prims\jni.cpp, line 520]
Event: 3910.911 Thread 0x00000203fda22000 Exception <a 'sun/nio/fs/WindowsException'{0x00000403b64963b0}> (0x00000403b64963b0) 
thrown [s\src\hotspot\share\prims\jni.cpp, line 520]
Event: 3910.912 Thread 0x00000203fda22000 Exception <a 'sun/nio/fs/WindowsException'{0x00000403b6496778}> (0x00000403b6496778) 
thrown [s\src\hotspot\share\prims\jni.cpp, line 520]
Event: 3910.912 Thread 0x00000203fda22000 Exception <a 'sun/nio/fs/WindowsException'{0x00000403b6496b40}> (0x00000403b6496b40) 
thrown [s\src\hotspot\share\prims\jni.cpp, line 520]
Event: 3910.912 Thread 0x00000203fda22000 Exception <a 'sun/nio/fs/WindowsException'{0x00000403b6496f08}> (0x00000403b6496f08) 
thrown [s\src\hotspot\share\prims\jni.cpp, line 520]
Event: 3910.913 Thread 0x00000203fda22000 Exception <a 'sun/nio/fs/WindowsException'{0x00000403b64972d0}> (0x00000403b64972d0) 
thrown [s\src\hotspot\share\prims\jni.cpp, line 520]
Event: 3910.913 Thread 0x00000203fda22000 Exception <a 'sun/nio/fs/WindowsException'{0x00000403b6497698}> (0x00000403b6497698) 
thrown [s\src\hotspot\share\prims\jni.cpp, line 520]
Event: 3910.913 Thread 0x00000203fda22000 Exception <a 'sun/nio/fs/WindowsException'{0x00000403b6497a60}> (0x00000403b6497a60) 
thrown [s\src\hotspot\share\prims\jni.cpp, line 520]
Event: 3910.914 Thread 0x00000203fda22000 Exception <a 'sun/nio/fs/WindowsException'{0x00000403b6497e28}> (0x00000403b6497e28) 
thrown [s\src\hotspot\share\prims\jni.cpp, line 520]
Event: 3910.914 Thread 0x00000203fda22000 Exception <a 'sun/nio/fs/WindowsException'{0x00000403b64981f0}> (0x00000403b64981f0) 
thrown [s\src\hotspot\share\prims\jni.cpp, line 520]
Event: 3910.915 Thread 0x00000203fda22000 Exception <a 'sun/nio/fs/WindowsException'{0x00000403b64985b8}> (0x00000403b64985b8) 
thrown [s\src\hotspot\share\prims\jni.cpp, line 520]
Event: 3910.915 Thread 0x00000203fda22000 Exception <a 'sun/nio/fs/WindowsException'{0x00000403b6498980}> (0x00000403b6498980) 
thrown [s\src\hotspot\share\prims\jni.cpp, line 520]
Event: 3910.916 Thread 0x00000203fda22000 Exception <a 'sun/nio/fs/WindowsException'{0x00000403b6498d48}> (0x00000403b6498d48) 
thrown [s\src\hotspot\share\prims\jni.cpp, line 520]
Event: 3910.916 Thread 0x00000203fda22000 Exception <a 'sun/nio/fs/WindowsException'{0x00000403b6499110}> (0x00000403b6499110) 
thrown [s\src\hotspot\share\prims\jni.cpp, line 520]
Event: 3910.917 Thread 0x00000203fda22000 Exception <a 'sun/nio/fs/WindowsException'{0x00000403b64994d8}> (0x00000403b64994d8) 
thrown [s\src\hotspot\share\prims\jni.cpp, line 520]
Event: 3910.917 Thread 0x00000203fda22000 Exception <a 'sun/nio/fs/WindowsException'{0x00000403b64998a0}> (0x00000403b64998a0) 
thrown [s\src\hotspot\share\prims\jni.cpp, line 520]
Event: 3910.917 Thread 0x00000203fda22000 Exception <a 'sun/nio/fs/WindowsException'{0x00000403b6499c68}> (0x00000403b6499c68) 
thrown [s\src\hotspot\share\prims\jni.cpp, line 520]
Event: 3910.918 Thread 0x00000203fda22000 Exception <a 'sun/nio/fs/WindowsException'{0x00000403b649a030}> (0x00000403b649a030) 
thrown [s\src\hotspot\share\prims\jni.cpp, line 520]
Event: 3910.919 Thread 0x00000203fda22000 Exception <a 'sun/nio/fs/WindowsException'{0x00000403b649a3f8}> (0x00000403b649a3f8) 
thrown [s\src\hotspot\share\prims\jni.cpp, line 520]
Event: 3910.919 Thread 0x00000203fda22000 Exception <a 'sun/nio/fs/WindowsException'{0x00000403b649a7c0}> (0x00000403b649a7c0) 
thrown [s\src\hotspot\share\prims\jni.cpp, line 520]
Event: 3910.920 Thread 0x00000203fda22000 Exception <a 'sun/nio/fs/WindowsException'{0x00000403b649ab88}> (0x00000403b649ab88) 
thrown [s\src\hotspot\share\prims\jni.cpp, line 520]
Event: 3910.920 Thread 0x00000203fda22000 Exception <a 'sun/nio/fs/WindowsException'{0x00000403b649af50}> (0x00000403b649af50) 
thrown [s\src\hotspot\share\prims\jni.cpp, line 520]
Event: 3910.920 Thread 0x00000203fda22000 Exception <a 'sun/nio/fs/WindowsException'{0x00000403b649b318}> (0x00000403b649b318) 
thrown [s\src\hotspot\share\prims\jni.cpp, line 520]
Event: 3910.920 Thread 0x00000203fda22000 Exception <a 'sun/nio/fs/WindowsException'{0x00000403b649b6e0}> (0x00000403b649b6e0) 
thrown [s\src\hotspot\share\prims\jni.cpp, line 520]
Event: 3910.921 Thread 0x00000203fda22000 Exception <a 'sun/nio/fs/WindowsException'{0x00000403b649baa8}> (0x00000403b649baa8) 
thrown [s\src\hotspot\share\prims\jni.cpp, line 520]
Event: 3910.922 Thread 0x00000202980eb990 Exception <a 'sun/nio/fs/WindowsException'{0x00000404e9e24728}> (0x00000404e9e24728) 
thrown [s\src\hotspot\share\prims\jni.cpp, line 520]
Event: 3910.922 Thread 0x00000203fda22000 Exception <a 'sun/nio/fs/WindowsException'{0x00000403b649be70}> (0x00000403b649be70) 
thrown [s\src\hotspot\share\prims\jni.cpp, line 520]
Event: 3910.922 Thread 0x00000203fda22000 Exception <a 'sun/nio/fs/WindowsException'{0x00000403b649c238}> (0x00000403b649c238) 
thrown [s\src\hotspot\share\prims\jni.cpp, line 520]
Event: 3910.922 Thread 0x00000203fda22000 Exception <a 'sun/nio/fs/WindowsException'{0x00000403b649c600}> (0x00000403b649c600) 
thrown [s\src\hotspot\share\prims\jni.cpp, line 520]
Event: 3910.922 Thread 0x00000203fda22000 Exception <a 'sun/nio/fs/WindowsException'{0x00000403b649c9c8}> (0x00000403b649c9c8) 
thrown [s\src\hotspot\share\prims\jni.cpp, line 520]
Event: 3910.922 Thread 0x00000202980eb990 Exception <a 'sun/nio/fs/WindowsException'{0x00000404e9e24c00}> (0x00000404e9e24c00) 
thrown [s\src\hotspot\share\prims\jni.cpp, line 520]
Event: 3910.922 Thread 0x00000202980eb990 Exception <a 'sun/nio/fs/WindowsException'{0x00000404e9e24d38}> (0x00000404e9e24d38) 
thrown [s\src\hotspot\share\prims\jni.cpp, line 520]
Event: 3910.923 Thread 0x00000203fda22000 Exception <a 'sun/nio/fs/WindowsException'{0x00000403b649cd90}> (0x00000403b649cd90) 
thrown [s\src\hotspot\share\prims\jni.cpp, line 520]
Event: 3910.923 Thread 0x00000202980eb990 Exception <a 'sun/nio/fs/WindowsException'{0x00000404e9e25498}> (0x00000404e9e25498) 
thrown [s\src\hotspot\share\prims\jni.cpp, line 520]
Event: 3910.924 Thread 0x00000203fda22000 Exception <a 'sun/nio/fs/WindowsException'{0x00000403b649d158}> (0x00000403b649d158) 
thrown [s\src\hotspot\share\prims\jni.cpp, line 520]
Event: 3910.924 Thread 0x00000203fda22000 Exception <a 'sun/nio/fs/WindowsException'{0x00000403b649d520}> (0x00000403b649d520) 
thrown [s\src\hotspot\share\prims\jni.cpp, line 520]
Event: 3910.924 Thread 0x00000203fda22000 Exception <a 'sun/nio/fs/WindowsException'{0x00000403b649d8e8}> (0x00000403b649d8e8) 
thrown [s\src\hotspot\share\prims\jni.cpp, line 520]
Event: 3910.924 Thread 0x00000203fda22000 Exception <a 'sun/nio/fs/WindowsException'{0x00000403b649dcb0}> (0x00000403b649dcb0) 
thrown [s\src\hotspot\share\prims\jni.cpp, line 520]
Event: 3910.925 Thread 0x00000203fda22000 Exception <a 'sun/nio/fs/WindowsException'{0x00000403b649e078}> (0x00000403b649e078) 
thrown [s\src\hotspot\share\prims\jni.cpp, line 520]
Event: 3910.926 Thread 0x00000203fda22000 Exception <a 'sun/nio/fs/WindowsException'{0x00000403b649e440}> (0x00000403b649e440) 
thrown [s\src\hotspot\share\prims\jni.cpp, line 520]
Event: 3910.927 Thread 0x00000203fda22000 Exception <a 'sun/nio/fs/WindowsException'{0x00000403b649e808}> (0x00000403b649e808) 
thrown [s\src\hotspot\share\prims\jni.cpp, line 520]
Event: 3910.927 Thread 0x00000203fda22000 Exception <a 'sun/nio/fs/WindowsException'{0x00000403b649ebd0}> (0x00000403b649ebd0) 
thrown [s\src\hotspot\share\prims\jni.cpp, line 520]
Event: 3910.927 Thread 0x00000203fda22000 Exception <a 'sun/nio/fs/WindowsException'{0x00000403b649ef98}> (0x00000403b649ef98) 
thrown [s\src\hotspot\share\prims\jni.cpp, line 520]
Event: 3910.927 Thread 0x00000203fda22000 Exception <a 'sun/nio/fs/WindowsException'{0x00000403b649f360}> (0x00000403b649f360) 
thrown [s\src\hotspot\share\prims\jni.cpp, line 520]
Event: 3910.928 Thread 0x00000203fda22000 Exception <a 'sun/nio/fs/WindowsException'{0x00000403b649f728}> (0x00000403b649f728) 
thrown [s\src\hotspot\share\prims\jni.cpp, line 520]
Event: 3910.928 Thread 0x00000203fda22000 Exception <a 'sun/nio/fs/WindowsException'{0x00000403b649faf0}> (0x00000403b649faf0) 
thrown [s\src\hotspot\share\prims\jni.cpp, line 520]
Event: 3910.929 Thread 0x00000203fda22000 Exception <a 'sun/nio/fs/WindowsException'{0x00000403b649feb8}> (0x00000403b649feb8) 
thrown [s\src\hotspot\share\prims\jni.cpp, line 520]
Event: 3910.929 Thread 0x00000203fda22000 Exception <a 'sun/nio/fs/WindowsException'{0x00000403b64a0280}> (0x00000403b64a0280) 
thrown [s\src\hotspot\share\prims\jni.cpp, line 520]
Event: 3910.930 Thread 0x00000203fda22000 Exception <a 'sun/nio/fs/WindowsException'{0x00000403b64a0648}> (0x00000403b64a0648) 
thrown [s\src\hotspot\share\prims\jni.cpp, line 520]
Event: 3910.930 Thread 0x00000203fda22000 Exception <a 'sun/nio/fs/WindowsException'{0x00000403b64a0a10}> (0x00000403b64a0a10) 
thrown [s\src\hotspot\share\prims\jni.cpp, line 520]
Event: 3910.930 Thread 0x00000203fda22000 Exception <a 'sun/nio/fs/WindowsException'{0x00000403b64a0dd8}> (0x00000403b64a0dd8) 
thrown [s\src\hotspot\share\prims\jni.cpp, line 520]
Event: 3910.931 Thread 0x00000203fda22000 Exception <a 'sun/nio/fs/WindowsException'{0x00000403b64a11a0}> (0x00000403b64a11a0) 
thrown [s\src\hotspot\share\prims\jni.cpp, line 520]
Event: 3910.931 Thread 0x00000203fda22000 Exception <a 'sun/nio/fs/WindowsException'{0x00000403b64a1568}> (0x00000403b64a1568) 
thrown [s\src\hotspot\share\prims\jni.cpp, line 520]
Event: 3910.931 Thread 0x00000203fda22000 Exception <a 'sun/nio/fs/WindowsException'{0x00000403b64a1930}> (0x00000403b64a1930) 
thrown [s\src\hotspot\share\prims\jni.cpp, line 520]
Event: 3910.932 Thread 0x00000203fda22000 Exception <a 'sun/nio/fs/WindowsException'{0x00000403b64a1cf8}> (0x00000403b64a1cf8) 
thrown [s\src\hotspot\share\prims\jni.cpp, line 520]
Event: 3910.932 Thread 0x00000203fda22000 Exception <a 'sun/nio/fs/WindowsException'{0x00000403b64a20c0}> (0x00000403b64a20c0) 
thrown [s\src\hotspot\share\prims\jni.cpp, line 520]
Event: 3910.933 Thread 0x00000203fda22000 Exception <a 'sun/nio/fs/WindowsException'{0x00000403b64a2488}> (0x00000403b64a2488) 
thrown [s\src\hotspot\share\prims\jni.cpp, line 520]
Event: 3910.934 Thread 0x00000203fda22000 Exception <a 'sun/nio/fs/WindowsException'{0x00000403b64a2850}> (0x00000403b64a2850) 
thrown [s\src\hotspot\share\prims\jni.cpp, line 520]
Event: 3910.934 Thread 0x00000203fda22000 Exception <a 'sun/nio/fs/WindowsException'{0x00000403b64a2c18}> (0x00000403b64a2c18) 
thrown [s\src\hotspot\share\prims\jni.cpp, line 520]
Event: 3910.934 Thread 0x00000203fda22000 Exception <a 'sun/nio/fs/WindowsException'{0x00000403b64a2fe0}> (0x00000403b64a2fe0) 
thrown [s\src\hotspot\share\prims\jni.cpp, line 520]
Event: 3910.935 Thread 0x00000203fda22000 Exception <a 'sun/nio/fs/WindowsException'{0x00000403b64a33a8}> (0x00000403b64a33a8) 
thrown [s\src\hotspot\share\prims\jni.cpp, line 520]
Event: 3910.936 Thread 0x00000203fda22000 Exception <a 'sun/nio/fs/WindowsException'{0x00000403b64a3770}> (0x00000403b64a3770) 
thrown [s\src\hotspot\share\prims\jni.cpp, line 520]
Event: 3910.936 Thread 0x00000203fda22000 Exception <a 'sun/nio/fs/WindowsException'{0x00000403b64a3b38}> (0x00000403b64a3b38) 
thrown [s\src\hotspot\share\prims\jni.cpp, line 520]
Event: 3910.936 Thread 0x00000203fda22000 Exception <a 'sun/nio/fs/WindowsException'{0x00000403b64a3f00}> (0x00000403b64a3f00) 
thrown [s\src\hotspot\share\prims\jni.cpp, line 520]
Event: 3910.936 Thread 0x00000203fda22000 Exception <a 'sun/nio/fs/WindowsException'{0x00000403b64a42c8}> (0x00000403b64a42c8) 
thrown [s\src\hotspot\share\prims\jni.cpp, line 520]
Event: 3910.937 Thread 0x00000203fda22000 Exception <a 'sun/nio/fs/WindowsException'{0x00000403b64a4690}> (0x00000403b64a4690) 
thrown [s\src\hotspot\share\prims\jni.cpp, line 520]
Event: 3910.937 Thread 0x00000203fda22000 Exception <a 'sun/nio/fs/WindowsException'{0x00000403b64a4a58}> (0x00000403b64a4a58) 
thrown [s\src\hotspot\share\prims\jni.cpp, line 520]
Event: 3910.937 Thread 0x00000203fda22000 Exception <a 'sun/nio/fs/WindowsException'{0x00000403b64a4e20}> (0x00000403b64a4e20) 
thrown [s\src\hotspot\share\prims\jni.cpp, line 520]
Event: 3910.938 Thread 0x00000203fda22000 Exception <a 'sun/nio/fs/WindowsException'{0x00000403b64a51e8}> (0x00000403b64a51e8) 
thrown [s\src\hotspot\share\prims\jni.cpp, line 520]
Event: 3910.938 Thread 0x00000203fda22000 Exception <a 'sun/nio/fs/WindowsException'{0x00000403b64a55b0}> (0x00000403b64a55b0) 
thrown [s\src\hotspot\share\prims\jni.cpp, line 520]
Event: 3910.939 Thread 0x00000203fda22000 Exception <a 'sun/nio/fs/WindowsException'{0x00000403b64a5978}> (0x00000403b64a5978) 
thrown [s\src\hotspot\share\prims\jni.cpp, line 520]
Event: 3910.940 Thread 0x00000203fda22000 Exception <a 'sun/nio/fs/WindowsException'{0x00000403b64a5d40}> (0x00000403b64a5d40) 
thrown [s\src\hotspot\share\prims\jni.cpp, line 520]
Event: 3910.940 Thread 0x00000203fda22000 Exception <a 'sun/nio/fs/WindowsException'{0x00000403b64a6108}> (0x00000403b64a6108) 
thrown [s\src\hotspot\share\prims\jni.cpp, line 520]
Event: 3910.940 Thread 0x00000203fda22000 Exception <a 'sun/nio/fs/WindowsException'{0x00000403b64a64d0}> (0x00000403b64a64d0) 
thrown [s\src\hotspot\share\prims\jni.cpp, line 520]
Event: 3910.941 Thread 0x00000203fda22000 Exception <a 'sun/nio/fs/WindowsException'{0x00000403b64a6898}> (0x00000403b64a6898) 
thrown [s\src\hotspot\share\prims\jni.cpp, line 520]
Event: 3910.941 Thread 0x00000203fda22000 Exception <a 'sun/nio/fs/WindowsException'{0x00000403b64a6c60}> (0x00000403b64a6c60) 
thrown [s\src\hotspot\share\prims\jni.cpp, line 520]
Event: 3910.942 Thread 0x00000203fda22000 Exception <a 'sun/nio/fs/WindowsException'{0x00000403b64a7028}> (0x00000403b64a7028) 
thrown [s\src\hotspot\share\prims\jni.cpp, line 520]
Event: 3910.942 Thread 0x00000203fda22000 Exception <a 'sun/nio/fs/WindowsException'{0x00000403b64a73f0}> (0x00000403b64a73f0) 
thrown [s\src\hotspot\share\prims\jni.cpp, line 520]
Event: 3910.943 Thread 0x00000203fda22000 Exception <a 'sun/nio/fs/WindowsException'{0x00000403b64a77b8}> (0x00000403b64a77b8) 
thrown [s\src\hotspot\share\prims\jni.cpp, line 520]
Event: 3910.943 Thread 0x00000203fda22000 Exception <a 'sun/nio/fs/WindowsException'{0x00000403b64a7b80}> (0x00000403b64a7b80) 
thrown [s\src\hotspot\share\prims\jni.cpp, line 520]
Event: 3910.943 Thread 0x00000203fda22000 Exception <a 'sun/nio/fs/WindowsException'{0x00000403b64a7f48}> (0x00000403b64a7f48) 
thrown [s\src\hotspot\share\prims\jni.cpp, line 520]
Event: 3910.944 Thread 0x00000203fda22000 Exception <a 'sun/nio/fs/WindowsException'{0x00000403b64a8310}> (0x00000403b64a8310) 
thrown [s\src\hotspot\share\prims\jni.cpp, line 520]
Event: 3910.944 Thread 0x00000203fda22000 Exception <a 'sun/nio/fs/WindowsException'{0x00000403b64a86d8}> (0x00000403b64a86d8) 
thrown [s\src\hotspot\share\prims\jni.cpp, line 520]
Event: 3910.944 Thread 0x00000203fda22000 Exception <a 'sun/nio/fs/WindowsException'{0x00000403b64a8aa0}> (0x00000403b64a8aa0) 
thrown [s\src\hotspot\share\prims\jni.cpp, line 520]
Event: 3910.946 Thread 0x00000203fda22000 Exception <a 'sun/nio/fs/WindowsException'{0x00000403b64a8e68}> (0x00000403b64a8e68) 
thrown [s\src\hotspot\share\prims\jni.cpp, line 520]
Event: 3910.946 Thread 0x00000203fda22000 Exception <a 'sun/nio/fs/WindowsException'{0x00000403b64a9230}> (0x00000403b64a9230) 
thrown [s\src\hotspot\share\prims\jni.cpp, line 520]
Event: 3910.946 Thread 0x00000203fda22000 Exception <a 'sun/nio/fs/WindowsException'{0x00000403b64a95f8}> (0x00000403b64a95f8) 
thrown [s\src\hotspot\share\prims\jni.cpp, line 520]
Event: 3910.946 Thread 0x00000203fda22000 Exception <a 'sun/nio/fs/WindowsException'{0x00000403b64a99c0}> (0x00000403b64a99c0) 
thrown [s\src\hotspot\share\prims\jni.cpp, line 520]
Event: 3910.947 Thread 0x00000203fda22000 Exception <a 'sun/nio/fs/WindowsException'{0x00000403b64a9d88}> (0x00000403b64a9d88) 
thrown [s\src\hotspot\share\prims\jni.cpp, line 520]
Event: 3910.947 Thread 0x00000203fda22000 Exception <a 'sun/nio/fs/WindowsException'{0x00000403b64aa150}> (0x00000403b64aa150) 
thrown [s\src\hotspot\share\prims\jni.cpp, line 520]
Event: 3910.948 Thread 0x00000203fda22000 Exception <a 'sun/nio/fs/WindowsException'{0x00000403b64aa518}> (0x00000403b64aa518) 
thrown [s\src\hotspot\share\prims\jni.cpp, line 520]
Event: 3910.948 Thread 0x00000203fda22000 Exception <a 'sun/nio/fs/WindowsException'{0x00000403b64aa8e0}> (0x00000403b64aa8e0) 
thrown [s\src\hotspot\share\prims\jni.cpp, line 520]
Event: 3910.948 Thread 0x00000203fda22000 Exception <a 'sun/nio/fs/WindowsException'{0x00000403b64aaca8}> (0x00000403b64aaca8) 
thrown [s\src\hotspot\share\prims\jni.cpp, line 520]
Event: 3910.948 Thread 0x00000203fda22000 Exception <a 'sun/nio/fs/WindowsException'{0x00000403b64ab070}> (0x00000403b64ab070) 
thrown [s\src\hotspot\share\prims\jni.cpp, line 520]
Event: 3910.949 Thread 0x00000203fda22000 Exception <a 'sun/nio/fs/WindowsException'{0x00000403b64ab438}> (0x00000403b64ab438) 
thrown [s\src\hotspot\share\prims\jni.cpp, line 520]
Event: 3910.949 Thread 0x00000203fda22000 Exception <a 'sun/nio/fs/WindowsException'{0x00000403b64ab800}> (0x00000403b64ab800) 
thrown [s\src\hotspot\share\prims\jni.cpp, line 520]
Event: 3910.950 Thread 0x00000203fda22000 Exception <a 'sun/nio/fs/WindowsException'{0x00000403b64abbc8}> (0x00000403b64abbc8) 
thrown [s\src\hotspot\share\prims\jni.cpp, line 520]
Event: 3910.950 Thread 0x00000203fda22000 Exception <a 'sun/nio/fs/WindowsException'{0x00000403b64abf90}> (0x00000403b64abf90) 
thrown [s\src\hotspot\share\prims\jni.cpp, line 520]
Event: 3910.951 Thread 0x00000203fda22000 Exception <a 'sun/nio/fs/WindowsException'{0x00000403b64ac358}> (0x00000403b64ac358) 
thrown [s\src\hotspot\share\prims\jni.cpp, line 520]
Event: 3910.951 Thread 0x00000203fda22000 Exception <a 'sun/nio/fs/WindowsException'{0x00000403b64ac720}> (0x00000403b64ac720) 
thrown [s\src\hotspot\share\prims\jni.cpp, line 520]
Event: 3910.951 Thread 0x00000203fda22000 Exception <a 'sun/nio/fs/WindowsException'{0x00000403b64acae8}> (0x00000403b64acae8) 
thrown [s\src\hotspot\share\prims\jni.cpp, line 520]
Event: 3910.951 Thread 0x00000203fda22000 Exception <a 'sun/nio/fs/WindowsException'{0x00000403b64aceb0}> (0x00000403b64aceb0) 
thrown [s\src\hotspot\share\prims\jni.cpp, line 520]
Event: 3910.952 Thread 0x00000203fda22000 Exception <a 'sun/nio/fs/WindowsException'{0x00000403b64ad278}> (0x00000403b64ad278) 
thrown [s\src\hotspot\share\prims\jni.cpp, line 520]
Event: 3910.953 Thread 0x00000203fda22000 Exception <a 'sun/nio/fs/WindowsException'{0x00000403b64ad640}> (0x00000403b64ad640) 
thrown [s\src\hotspot\share\prims\jni.cpp, line 520]
Event: 3910.953 Thread 0x00000203fda22000 Exception <a 'sun/nio/fs/WindowsException'{0x00000403b64ada08}> (0x00000403b64ada08) 
thrown [s\src\hotspot\share\prims\jni.cpp, line 520]
Event: 3910.953 Thread 0x00000203fda22000 Exception <a 'sun/nio/fs/WindowsException'{0x00000403b64addd0}> (0x00000403b64addd0) 
thrown [s\src\hotspot\share\prims\jni.cpp, line 520]
Event: 3910.954 Thread 0x00000203fda22000 Exception <a 'sun/nio/fs/WindowsException'{0x00000403b64ae198}> (0x00000403b64ae198) 
thrown [s\src\hotspot\share\prims\jni.cpp, line 520]
Event: 3910.954 Thread 0x00000203fda22000 Exception <a 'sun/nio/fs/WindowsException'{0x00000403b64ae560}> (0x00000403b64ae560) 
thrown [s\src\hotspot\share\prims\jni.cpp, line 520]
Event: 3910.954 Thread 0x00000203fda22000 Exception <a 'sun/nio/fs/WindowsException'{0x00000403b64ae928}> (0x00000403b64ae928) 
thrown [s\src\hotspot\share\prims\jni.cpp, line 520]
Event: 3910.956 Thread 0x00000203fda22000 Exception <a 'sun/nio/fs/WindowsException'{0x00000403b64aecf0}> (0x00000403b64aecf0) 
thrown [s\src\hotspot\share\prims\jni.cpp, line 520]
Event: 3910.956 Thread 0x00000203fda22000 Exception <a 'sun/nio/fs/WindowsException'{0x00000403b64af0b8}> (0x00000403b64af0b8) 
thrown [s\src\hotspot\share\prims\jni.cpp, line 520]
Event: 3910.956 Thread 0x00000203fda22000 Exception <a 'sun/nio/fs/WindowsException'{0x00000403b64af480}> (0x00000403b64af480) 
thrown [s\src\hotspot\share\prims\jni.cpp, line 520]
Event: 3910.956 Thread 0x00000203fda22000 Exception <a 'sun/nio/fs/WindowsException'{0x00000403b64af848}> (0x00000403b64af848) 
thrown [s\src\hotspot\share\prims\jni.cpp, line 520]
Event: 3910.957 Thread 0x00000203fda22000 Exception <a 'sun/nio/fs/WindowsException'{0x00000403b64afc10}> (0x00000403b64afc10) 
thrown [s\src\hotspot\share\prims\jni.cpp, line 520]
Event: 3910.957 Thread 0x00000203fda22000 Exception <a 'sun/nio/fs/WindowsException'{0x00000403b64affd8}> (0x00000403b64affd8) 
thrown [s\src\hotspot\share\prims\jni.cpp, line 520]
Event: 3910.957 Thread 0x00000203fda22000 Exception <a 'sun/nio/fs/WindowsException'{0x00000403b64b03a0}> (0x00000403b64b03a0) 
thrown [s\src\hotspot\share\prims\jni.cpp, line 520]
Event: 3910.958 Thread 0x00000203fda22000 Exception <a 'sun/nio/fs/WindowsException'{0x00000403b64b1fb0}> (0x00000403b64b1fb0) 
thrown [s\src\hotspot\share\prims\jni.cpp, line 520]
Event: 3910.958 Thread 0x00000203fda22000 Exception <a 'sun/nio/fs/WindowsException'{0x00000403b64b2378}> (0x00000403b64b2378) 
thrown [s\src\hotspot\share\prims\jni.cpp, line 520]
Event: 3910.958 Thread 0x00000203fda22000 Exception <a 'sun/nio/fs/WindowsException'{0x00000403b64b2740}> (0x00000403b64b2740) 
thrown [s\src\hotspot\share\prims\jni.cpp, line 520]
Event: 3910.959 Thread 0x00000203fda22000 Exception <a 'sun/nio/fs/WindowsException'{0x00000403b64b2b08}> (0x00000403b64b2b08) 
thrown [s\src\hotspot\share\prims\jni.cpp, line 520]
Event: 3910.959 Thread 0x00000203fda22000 Exception <a 'sun/nio/fs/WindowsException'{0x00000403b64b2ed0}> (0x00000403b64b2ed0) 
thrown [s\src\hotspot\share\prims\jni.cpp, line 520]
Event: 3910.959 Thread 0x00000203fda22000 Exception <a 'sun/nio/fs/WindowsException'{0x00000403b64b3298}> (0x00000403b64b3298) 
thrown [s\src\hotspot\share\prims\jni.cpp, line 520]
Event: 3910.960 Thread 0x00000203fda22000 Exception <a 'sun/nio/fs/WindowsException'{0x00000403b64b3660}> (0x00000403b64b3660) 
thrown [s\src\hotspot\share\prims\jni.cpp, line 520]
Event: 3910.960 Thread 0x00000203fda22000 Exception <a 'sun/nio/fs/WindowsException'{0x00000403b64b3a28}> (0x00000403b64b3a28) 
thrown [s\src\hotspot\share\prims\jni.cpp, line 520]
Event: 3910.961 Thread 0x00000203fda22000 Exception <a 'sun/nio/fs/WindowsException'{0x00000403b64b3df0}> (0x00000403b64b3df0) 
thrown [s\src\hotspot\share\prims\jni.cpp, line 520]
Event: 3910.961 Thread 0x00000203fda22000 Exception <a 'sun/nio/fs/WindowsException'{0x00000403b64b41b8}> (0x00000403b64b41b8) 
thrown [s\src\hotspot\share\prims\jni.cpp, line 520]
Event: 3910.961 Thread 0x00000203fda22000 Exception <a 'sun/nio/fs/WindowsException'{0x00000403b64b4580}> (0x00000403b64b4580) 
thrown [s\src\hotspot\share\prims\jni.cpp, line 520]
Event: 3910.961 Thread 0x00000203fda22000 Exception <a 'sun/nio/fs/WindowsException'{0x00000403b64b4948}> (0x00000403b64b4948) 
thrown [s\src\hotspot\share\prims\jni.cpp, line 520]
Event: 3910.962 Thread 0x00000203fda22000 Exception <a 'sun/nio/fs/WindowsException'{0x00000403b64b4d10}> (0x00000403b64b4d10) 
thrown [s\src\hotspot\share\prims\jni.cpp, line 520]
Event: 3910.963 Thread 0x00000203fda22000 Exception <a 'sun/nio/fs/WindowsException'{0x00000403b64b50d8}> (0x00000403b64b50d8) 
thrown [s\src\hotspot\share\prims\jni.cpp, line 520]
Event: 3910.963 Thread 0x00000203fda22000 Exception <a 'sun/nio/fs/WindowsException'{0x00000403b64b54a0}> (0x00000403b64b54a0) 
thrown [s\src\hotspot\share\prims\jni.cpp, line 520]
Event: 3910.963 Thread 0x00000203fda22000 Exception <a 'sun/nio/fs/WindowsException'{0x00000403b64b5868}> (0x00000403b64b5868) 
thrown [s\src\hotspot\share\prims\jni.cpp, line 520]
Event: 3910.964 Thread 0x00000203fda22000 Exception <a 'sun/nio/fs/WindowsException'{0x00000403b64b5c30}> (0x00000403b64b5c30) 
thrown [s\src\hotspot\share\prims\jni.cpp, line 520]
Event: 3910.964 Thread 0x00000203fda22000 Exception <a 'sun/nio/fs/WindowsException'{0x00000403b64b5ff8}> (0x00000403b64b5ff8) 
thrown [s\src\hotspot\share\prims\jni.cpp, line 520]
Event: 3910.965 Thread 0x00000203fda22000 Exception <a 'sun/nio/fs/WindowsException'{0x00000403b64b63c0}> (0x00000403b64b63c0) 
thrown [s\src\hotspot\share\prims\jni.cpp, line 520]
Event: 3910.965 Thread 0x00000203fda22000 Exception <a 'sun/nio/fs/WindowsException'{0x00000403b64b6788}> (0x00000403b64b6788) 
thrown [s\src\hotspot\share\prims\jni.cpp, line 520]
Event: 3910.965 Thread 0x00000203fda22000 Exception <a 'sun/nio/fs/WindowsException'{0x00000403b64b6b50}> (0x00000403b64b6b50) 
thrown [s\src\hotspot\share\prims\jni.cpp, line 520]
Event: 3910.966 Thread 0x00000203fda22000 Exception <a 'sun/nio/fs/WindowsException'{0x00000403b64b6f18}> (0x00000403b64b6f18) 
thrown [s\src\hotspot\share\prims\jni.cpp, line 520]
Event: 3910.966 Thread 0x00000203fda22000 Exception <a 'sun/nio/fs/WindowsException'{0x00000403b64b72e0}> (0x00000403b64b72e0) 
thrown [s\src\hotspot\share\prims\jni.cpp, line 520]
Event: 3910.966 Thread 0x00000203fda22000 Exception <a 'sun/nio/fs/WindowsException'{0x00000403b64b76a8}> (0x00000403b64b76a8) 
thrown [s\src\hotspot\share\prims\jni.cpp, line 520]
Event: 3910.967 Thread 0x00000203fda22000 Exception <a 'sun/nio/fs/WindowsException'{0x00000403b64b7a70}> (0x00000403b64b7a70) 
thrown [s\src\hotspot\share\prims\jni.cpp, line 520]
Event: 3910.967 Thread 0x00000203fda22000 Exception <a 'sun/nio/fs/WindowsException'{0x00000403b64b7e38}> (0x00000403b64b7e38) 
thrown [s\src\hotspot\share\prims\jni.cpp, line 520]
Event: 3910.967 Thread 0x00000203fda22000 Exception <a 'sun/nio/fs/WindowsException'{0x00000403b64b8200}> (0x00000403b64b8200) 
thrown [s\src\hotspot\share\prims\jni.cpp, line 520]
Event: 3910.968 Thread 0x00000203fda22000 Exception <a 'sun/nio/fs/WindowsException'{0x00000403b64b85c8}> (0x00000403b64b85c8) 
thrown [s\src\hotspot\share\prims\jni.cpp, line 520]
Event: 3910.968 Thread 0x00000203fda22000 Exception <a 'sun/nio/fs/WindowsException'{0x00000403b64b8990}> (0x00000403b64b8990) 
thrown [s\src\hotspot\share\prims\jni.cpp, line 520]
Event: 3910.968 Thread 0x00000203fda22000 Exception <a 'sun/nio/fs/WindowsException'{0x00000403b64b8d58}> (0x00000403b64b8d58) 
thrown [s\src\hotspot\share\prims\jni.cpp, line 520]
Event: 3910.969 Thread 0x00000203fda22000 Exception <a 'sun/nio/fs/WindowsException'{0x00000403b64b9120}> (0x00000403b64b9120) 
thrown [s\src\hotspot\share\prims\jni.cpp, line 520]
Event: 3910.969 Thread 0x00000203fda22000 Exception <a 'sun/nio/fs/WindowsException'{0x00000403b64b94e8}> (0x00000403b64b94e8) 
thrown [s\src\hotspot\share\prims\jni.cpp, line 520]
Event: 3910.970 Thread 0x00000203fda22000 Exception <a 'sun/nio/fs/WindowsException'{0x00000403b64b98b0}> (0x00000403b64b98b0) 
thrown [s\src\hotspot\share\prims\jni.cpp, line 520]
Event: 3910.970 Thread 0x00000203fda22000 Exception <a 'sun/nio/fs/WindowsException'{0x00000403b64b9c78}> (0x00000403b64b9c78) 
thrown [s\src\hotspot\share\prims\jni.cpp, line 520]
Event: 3910.971 Thread 0x00000203fda22000 Exception <a 'sun/nio/fs/WindowsException'{0x00000403b64ba040}> (0x00000403b64ba040) 
thrown [s\src\hotspot\share\prims\jni.cpp, line 520]
Event: 3910.971 Thread 0x00000203fda22000 Exception <a 'sun/nio/fs/WindowsException'{0x00000403b64ba408}> (0x00000403b64ba408) 
thrown [s\src\hotspot\share\prims\jni.cpp, line 520]
Event: 3910.971 Thread 0x00000203fda22000 Exception <a 'sun/nio/fs/WindowsException'{0x00000403b64ba7d0}> (0x00000403b64ba7d0) 
thrown [s\src\hotspot\share\prims\jni.cpp, line 520]
Event: 3910.971 Thread 0x00000203fda22000 Exception <a 'sun/nio/fs/WindowsException'{0x00000403b64bab98}> (0x00000403b64bab98) 
thrown [s\src\hotspot\share\prims\jni.cpp, line 520]
Event: 3910.972 Thread 0x00000203fda22000 Exception <a 'sun/nio/fs/WindowsException'{0x00000403b64baf60}> (0x00000403b64baf60) 
thrown [s\src\hotspot\share\prims\jni.cpp, line 520]
Event: 3910.972 Thread 0x00000203fda22000 Exception <a 'sun/nio/fs/WindowsException'{0x00000403b64bb328}> (0x00000403b64bb328) 
thrown [s\src\hotspot\share\prims\jni.cpp, line 520]
Event: 3910.972 Thread 0x00000203fda22000 Exception <a 'sun/nio/fs/WindowsException'{0x00000403b64bb6f0}> (0x00000403b64bb6f0) 
thrown [s\src\hotspot\share\prims\jni.cpp, line 520]
Event: 3910.973 Thread 0x00000203fda22000 Exception <a 'sun/nio/fs/WindowsException'{0x00000403b64bbab8}> (0x00000403b64bbab8) 
thrown [s\src\hotspot\share\prims\jni.cpp, line 520]
Event: 3910.974 Thread 0x00000203fda22000 Exception <a 'sun/nio/fs/WindowsException'{0x00000403b64bbe80}> (0x00000403b64bbe80) 
thrown [s\src\hotspot\share\prims\jni.cpp, line 520]
Event: 3910.974 Thread 0x00000203fda22000 Exception <a 'sun/nio/fs/WindowsException'{0x00000403b64bc248}> (0x00000403b64bc248) 
thrown [s\src\hotspot\share\prims\jni.cpp, line 520]
Event: 3910.974 Thread 0x00000203fda22000 Exception <a 'sun/nio/fs/WindowsException'{0x00000403b64bc610}> (0x00000403b64bc610) 
thrown [s\src\hotspot\share\prims\jni.cpp, line 520]
Event: 3910.974 Thread 0x00000203fda22000 Exception <a 'sun/nio/fs/WindowsException'{0x00000403b64bc9d8}> (0x00000403b64bc9d8) 
thrown [s\src\hotspot\share\prims\jni.cpp, line 520]
Event: 3910.974 Thread 0x00000203fda22000 Exception <a 'sun/nio/fs/WindowsException'{0x00000403b64bcda0}> (0x00000403b64bcda0) 
thrown [s\src\hotspot\share\prims\jni.cpp, line 520]
Event: 3910.975 Thread 0x00000203fda22000 Exception <a 'sun/nio/fs/WindowsException'{0x00000403b64bd168}> (0x00000403b64bd168) 
thrown [s\src\hotspot\share\prims\jni.cpp, line 520]
Event: 3910.976 Thread 0x00000203fda22000 Exception <a 'sun/nio/fs/WindowsException'{0x00000403b64be178}> (0x00000403b64be178) 
thrown [s\src\hotspot\share\prims\jni.cpp, line 520]
Event: 3910.976 Thread 0x00000203fda22000 Exception <a 'sun/nio/fs/WindowsException'{0x00000403b64be540}> (0x00000403b64be540) 
thrown [s\src\hotspot\share\prims\jni.cpp, line 520]
Event: 3910.977 Thread 0x00000203fda22000 Exception <a 'sun/nio/fs/WindowsException'{0x00000403b64be908}> (0x00000403b64be908) 
thrown [s\src\hotspot\share\prims\jni.cpp, line 520]
Event: 3910.977 Thread 0x00000203fda22000 Exception <a 'sun/nio/fs/WindowsException'{0x00000403b64becd0}> (0x00000403b64becd0) 
thrown [s\src\hotspot\share\prims\jni.cpp, line 520]
Event: 3910.977 Thread 0x00000203fda22000 Exception <a 'sun/nio/fs/WindowsException'{0x00000403b64bf098}> (0x00000403b64bf098) 
thrown [s\src\hotspot\share\prims\jni.cpp, line 520]
Event: 3910.977 Thread 0x00000203fda22000 Exception <a 'sun/nio/fs/WindowsException'{0x00000403b64bf460}> (0x00000403b64bf460) 
thrown [s\src\hotspot\share\prims\jni.cpp, line 520]
Event: 3910.978 Thread 0x00000203fda22000 Exception <a 'sun/nio/fs/WindowsException'{0x00000403b64bf828}> (0x00000403b64bf828) 
thrown [s\src\hotspot\share\prims\jni.cpp, line 520]
Event: 3910.978 Thread 0x00000203fda22000 Exception <a 'sun/nio/fs/WindowsException'{0x00000403b64bfbf0}> (0x00000403b64bfbf0) 
thrown [s\src\hotspot\share\prims\jni.cpp, line 520]
Event: 3910.979 Thread 0x00000203fda22000 Exception <a 'sun/nio/fs/WindowsException'{0x00000404e8740210}> (0x00000404e8740210) 
thrown [s\src\hotspot\share\prims\jni.cpp, line 520]
Event: 3910.979 Thread 0x00000203fda22000 Exception <a 'sun/nio/fs/WindowsException'{0x00000404e87405d8}> (0x00000404e87405d8) 
thrown [s\src\hotspot\share\prims\jni.cpp, line 520]
Event: 3910.979 Thread 0x00000203fda22000 Exception <a 'sun/nio/fs/WindowsException'{0x00000404e87409a0}> (0x00000404e87409a0) 
thrown [s\src\hotspot\share\prims\jni.cpp, line 520]
Event: 3910.980 Thread 0x00000203fda22000 Exception <a 'sun/nio/fs/WindowsException'{0x00000404e8740d68}> (0x00000404e8740d68) 
thrown [s\src\hotspot\share\prims\jni.cpp, line 520]
Event: 3910.980 Thread 0x00000203fda22000 Exception <a 'sun/nio/fs/WindowsException'{0x00000404e8741130}> (0x00000404e8741130) 
thrown [s\src\hotspot\share\prims\jni.cpp, line 520]
Event: 3910.980 Thread 0x00000203fda22000 Exception <a 'sun/nio/fs/WindowsException'{0x00000404e87414f8}> (0x00000404e87414f8) 
thrown [s\src\hotspot\share\prims\jni.cpp, line 520]
Event: 3910.981 Thread 0x00000203fda22000 Exception <a 'sun/nio/fs/WindowsException'{0x00000404e87418c0}> (0x00000404e87418c0) 
thrown [s\src\hotspot\share\prims\jni.cpp, line 520]
Event: 3910.981 Thread 0x00000203fda22000 Exception <a 'sun/nio/fs/WindowsException'{0x00000404e8741c88}> (0x00000404e8741c88) 
thrown [s\src\hotspot\share\prims\jni.cpp, line 520]
Event: 3910.981 Thread 0x00000203fda22000 Exception <a 'sun/nio/fs/WindowsException'{0x00000404e8742050}> (0x00000404e8742050) 
thrown [s\src\hotspot\share\prims\jni.cpp, line 520]
Event: 3910.982 Thread 0x00000203fda22000 Exception <a 'sun/nio/fs/WindowsException'{0x00000404e8742418}> (0x00000404e8742418) 
thrown [s\src\hotspot\share\prims\jni.cpp, line 520]
Event: 3910.982 Thread 0x00000203fda22000 Exception <a 'sun/nio/fs/WindowsException'{0x00000404e87427e0}> (0x00000404e87427e0) 
thrown [s\src\hotspot\share\prims\jni.cpp, line 520]
Event: 3910.983 Thread 0x00000203fda22000 Exception <a 'sun/nio/fs/WindowsException'{0x00000404e8742ba8}> (0x00000404e8742ba8) 
thrown [s\src\hotspot\share\prims\jni.cpp, line 520]
Event: 3910.983 Thread 0x00000203fda22000 Exception <a 'sun/nio/fs/WindowsException'{0x00000404e8742f70}> (0x00000404e8742f70) 
thrown [s\src\hotspot\share\prims\jni.cpp, line 520]
Event: 3910.983 Thread 0x00000203fda22000 Exception <a 'sun/nio/fs/WindowsException'{0x00000404e8743338}> (0x00000404e8743338) 
thrown [s\src\hotspot\share\prims\jni.cpp, line 520]
Event: 3910.984 Thread 0x00000203fda22000 Exception <a 'sun/nio/fs/WindowsException'{0x00000404e8743700}> (0x00000404e8743700) 
thrown [s\src\hotspot\share\prims\jni.cpp, line 520]
Event: 3910.984 Thread 0x00000203fda22000 Exception <a 'sun/nio/fs/WindowsException'{0x00000404e8743ac8}> (0x00000404e8743ac8) 
thrown [s\src\hotspot\share\prims\jni.cpp, line 520]
Event: 3910.984 Thread 0x00000203fda22000 Exception <a 'sun/nio/fs/WindowsException'{0x00000404e87444d8}> (0x00000404e87444d8) 
thrown [s\src\hotspot\share\prims\jni.cpp, line 520]
Event: 3910.985 Thread 0x00000203fda22000 Exception <a 'sun/nio/fs/WindowsException'{0x00000404e87448a0}> (0x00000404e87448a0) 
thrown [s\src\hotspot\share\prims\jni.cpp, line 520]
Event: 3910.985 Thread 0x00000203fda22000 Exception <a 'sun/nio/fs/WindowsException'{0x00000404e8744c68}> (0x00000404e8744c68) 
thrown [s\src\hotspot\share\prims\jni.cpp, line 520]
Event: 3910.985 Thread 0x00000203fda22000 Exception <a 'sun/nio/fs/WindowsException'{0x00000404e8745030}> (0x00000404e8745030) 
thrown [s\src\hotspot\share\prims\jni.cpp, line 520]
Event: 3910.985 Thread 0x00000203fda22000 Exception <a 'sun/nio/fs/WindowsException'{0x00000404e87453f8}> (0x00000404e87453f8) 
thrown [s\src\hotspot\share\prims\jni.cpp, line 520]
Event: 3910.986 Thread 0x00000203fda22000 Exception <a 'sun/nio/fs/WindowsException'{0x00000404e87457c0}> (0x00000404e87457c0) 
thrown [s\src\hotspot\share\prims\jni.cpp, line 520]
Event: 3910.986 Thread 0x00000203fda22000 Exception <a 'sun/nio/fs/WindowsException'{0x00000404e8745b88}> (0x00000404e8745b88) 
thrown [s\src\hotspot\share\prims\jni.cpp, line 520]
Event: 3910.987 Thread 0x00000203fda22000 Exception <a 'sun/nio/fs/WindowsException'{0x00000404e8745f50}> (0x00000404e8745f50) 
thrown [s\src\hotspot\share\prims\jni.cpp, line 520]
Event: 3910.987 Thread 0x00000203fda22000 Exception <a 'sun/nio/fs/WindowsException'{0x00000404e8746318}> (0x00000404e8746318) 
thrown [s\src\hotspot\share\prims\jni.cpp, line 520]
Event: 3910.987 Thread 0x00000203fda22000 Exception <a 'sun/nio/fs/WindowsException'{0x00000404e87466e0}> (0x00000404e87466e0) 
thrown [s\src\hotspot\share\prims\jni.cpp, line 520]
Event: 3910.987 Thread 0x00000203fda22000 Exception <a 'sun/nio/fs/WindowsException'{0x00000404e8746aa8}> (0x00000404e8746aa8) 
thrown [s\src\hotspot\share\prims\jni.cpp, line 520]
Event: 3910.987 Thread 0x00000203fda22000 Exception <a 'sun/nio/fs/WindowsException'{0x00000404e8746e70}> (0x00000404e8746e70) 
thrown [s\src\hotspot\share\prims\jni.cpp, line 520]
Event: 3910.988 Thread 0x00000203fda22000 Exception <a 'sun/nio/fs/WindowsException'{0x00000404e8747580}> (0x00000404e8747580) 
thrown [s\src\hotspot\share\prims\jni.cpp, line 520]
Event: 3910.988 Thread 0x00000203fda22000 Exception <a 'sun/nio/fs/WindowsException'{0x00000404e8747948}> (0x00000404e8747948) 
thrown [s\src\hotspot\share\prims\jni.cpp, line 520]
Event: 3910.989 Thread 0x00000203fda22000 Exception <a 'sun/nio/fs/WindowsException'{0x00000404e8747d10}> (0x00000404e8747d10) 
thrown [s\src\hotspot\share\prims\jni.cpp, line 520]
Event: 3910.989 Thread 0x00000203fda22000 Exception <a 'sun/nio/fs/WindowsException'{0x00000404e87480d8}> (0x00000404e87480d8) 
thrown [s\src\hotspot\share\prims\jni.cpp, line 520]
Event: 3910.989 Thread 0x00000203fda22000 Exception <a 'sun/nio/fs/WindowsException'{0x00000404e87484a0}> (0x00000404e87484a0) 
thrown [s\src\hotspot\share\prims\jni.cpp, line 520]
Event: 3910.990 Thread 0x00000203fda22000 Exception <a 'sun/nio/fs/WindowsException'{0x00000404e8748868}> (0x00000404e8748868) 
thrown [s\src\hotspot\share\prims\jni.cpp, line 520]
Event: 3910.990 Thread 0x00000203fda22000 Exception <a 'sun/nio/fs/WindowsException'{0x00000404e8748c30}> (0x00000404e8748c30) 
thrown [s\src\hotspot\share\prims\jni.cpp, line 520]
Event: 3910.990 Thread 0x00000203fda22000 Exception <a 'sun/nio/fs/WindowsException'{0x00000404e8748ff8}> (0x00000404e8748ff8) 
thrown [s\src\hotspot\share\prims\jni.cpp, line 520]
Event: 3910.990 Thread 0x00000203fda22000 Exception <a 'sun/nio/fs/WindowsException'{0x00000404e87493c0}> (0x00000404e87493c0) 
thrown [s\src\hotspot\share\prims\jni.cpp, line 520]
Event: 3910.991 Thread 0x00000203fda22000 Exception <a 'sun/nio/fs/WindowsException'{0x00000404e8749788}> (0x00000404e8749788) 
thrown [s\src\hotspot\share\prims\jni.cpp, line 520]
Event: 3910.991 Thread 0x00000203fda22000 Exception <a 'sun/nio/fs/WindowsException'{0x00000404e8749b50}> (0x00000404e8749b50) 
thrown [s\src\hotspot\share\prims\jni.cpp, line 520]
Event: 3910.991 Thread 0x00000203fda22000 Exception <a 'sun/nio/fs/WindowsException'{0x00000404e8749f18}> (0x00000404e8749f18) 
thrown [s\src\hotspot\share\prims\jni.cpp, line 520]
Event: 3913.038 Thread 0x00000203fda1ff30 Exception <a 'sun/nio/fs/WindowsException'{0x000004061d2440d8}> (0x000004061d2440d8) 
thrown [s\src\hotspot\share\prims\jni.cpp, line 520]
Event: 3915.539 Thread 0x00000203fda1ff30 Exception <a 'sun/nio/fs/WindowsException'{0x000004061d244760}> (0x000004061d244760) 
thrown [s\src\hotspot\share\prims\jni.cpp, line 520]
Event: 3917.090 Thread 0x00000203fda1ff30 Exception <a 'sun/nio/fs/WindowsException'{0x000004061d244de8}> (0x000004061d244de8) 
thrown [s\src\hotspot\share\prims\jni.cpp, line 520]
Event: 3922.388 Thread 0x00000203fda1ff30 Exception <a 'sun/nio/fs/WindowsException'{0x000004061d245470}> (0x000004061d245470) 
thrown [s\src\hotspot\share\prims\jni.cpp, line 520]
Event: 3925.240 Thread 0x00000203fda1ff30 Exception <a 'sun/nio/fs/WindowsException'{0x000004061d245af8}> (0x000004061d245af8) 
thrown [s\src\hotspot\share\prims\jni.cpp, line 520]
Event: 3927.439 Thread 0x00000203fda1ff30 Exception <a 'sun/nio/fs/WindowsException'{0x000004061d246180}> (0x000004061d246180) 
thrown [s\src\hotspot\share\prims\jni.cpp, line 520]
Event: 3930.640 Thread 0x00000203fda1ff30 Exception <a 'sun/nio/fs/WindowsException'{0x000004061d246808}> (0x000004061d246808) 
thrown [s\src\hotspot\share\prims\jni.cpp, line 520]
Event: 3936.643 Thread 0x00000203fda1ff30 Exception <a 'sun/nio/fs/WindowsException'{0x0000040065a40610}> (0x0000040065a40610) 
thrown [s\src\hotspot\share\prims\jni.cpp, line 520]
Event: 3937.289 Thread 0x00000203fda1ff30 Exception <a 'sun/nio/fs/WindowsException'{0x0000040065a40c98}> (0x0000040065a40c98) 
thrown [s\src\hotspot\share\prims\jni.cpp, line 520]
Event: 3938.388 Thread 0x00000203fda1ff30 Exception <a 'sun/nio/fs/WindowsException'{0x0000040065a41320}> (0x0000040065a41320) 
thrown [s\src\hotspot\share\prims\jni.cpp, line 520]
Event: 3939.037 Thread 0x00000203fda1ff30 Exception <a 'sun/nio/fs/WindowsException'{0x0000040065a419a8}> (0x0000040065a419a8) 
thrown [s\src\hotspot\share\prims\jni.cpp, line 520]
Event: 3940.438 Thread 0x00000203fda1ff30 Exception <a 'sun/nio/fs/WindowsException'{0x0000040065a42030}> (0x0000040065a42030) 
thrown [s\src\hotspot\share\prims\jni.cpp, line 520]
Event: 3942.838 Thread 0x00000203fda1ff30 Exception <a 'sun/nio/fs/WindowsException'{0x0000040065a426b8}> (0x0000040065a426b8) 
thrown [s\src\hotspot\share\prims\jni.cpp, line 520]
Event: 3953.828 Thread 0x00000203fda1ff30 Exception <a 'sun/nio/fs/WindowsException'{0x0000040065a42d40}> (0x0000040065a42d40) 
thrown [s\src\hotspot\share\prims\jni.cpp, line 520]
Event: 3955.187 Thread 0x00000203fda1ff30 Exception <a 'sun/nio/fs/WindowsException'{0x0000040065a433c8}> (0x0000040065a433c8) 
thrown [s\src\hotspot\share\prims\jni.cpp, line 520]
Event: 3957.339 Thread 0x00000203fda1ff30 Exception <a 'sun/nio/fs/WindowsException'{0x0000040065a43a50}> (0x0000040065a43a50) 
thrown [s\src\hotspot\share\prims\jni.cpp, line 520]
Event: 3957.989 Thread 0x00000203fda1ff30 Exception <a 'sun/nio/fs/WindowsException'{0x0000040065a440d8}> (0x0000040065a440d8) 
thrown [s\src\hotspot\share\prims\jni.cpp, line 520]
Event: 3968.476 Thread 0x00000203fda1ff30 Exception <a 'sun/nio/fs/WindowsException'{0x0000040065a44760}> (0x0000040065a44760) 
thrown [s\src\hotspot\share\prims\jni.cpp, line 520]
Event: 3969.488 Thread 0x00000203fda1ff30 Exception <a 'sun/nio/fs/WindowsException'{0x0000040065a44de8}> (0x0000040065a44de8) 
thrown [s\src\hotspot\share\prims\jni.cpp, line 520]
Event: 3977.538 Thread 0x00000203fda1ff30 Exception <a 'sun/nio/fs/WindowsException'{0x0000040065a45470}> (0x0000040065a45470) 
thrown [s\src\hotspot\share\prims\jni.cpp, line 520]
Event: 3978.188 Thread 0x00000203fda1ff30 Exception <a 'sun/nio/fs/WindowsException'{0x0000040065a45af8}> (0x0000040065a45af8) 
thrown [s\src\hotspot\share\prims\jni.cpp, line 520]
Event: 3984.838 Thread 0x00000203fda1ff30 Exception <a 'sun/nio/fs/WindowsException'{0x0000040065a46180}> (0x0000040065a46180) 
thrown [s\src\hotspot\share\prims\jni.cpp, line 520]
Event: 3985.938 Thread 0x00000203fda1ff30 Exception <a 'sun/nio/fs/WindowsException'{0x0000040039e80610}> (0x0000040039e80610) 
thrown [s\src\hotspot\share\prims\jni.cpp, line 520]
Event: 3986.339 Thread 0x00000203fda1ff30 Exception <a 'sun/nio/fs/WindowsException'{0x0000040039e80c98}> (0x0000040039e80c98) 
thrown [s\src\hotspot\share\prims\jni.cpp, line 520]

ZGC Phase Switch (250 events):
Event: 1069.813 Young Relocate Start    35
Event: 1123.930 Young Mark Start        36
Event: 1123.992 Young Mark End          36
Event: 1124.003 Young Relocate Start    36
Event: 1167.109 Young Mark Start        37
Event: 1167.276 Young Mark End          37
Event: 1167.287 Young Relocate Start    37
Event: 1218.258 Young Mark Start        38
Event: 1218.474 Young Mark End          38
Event: 1218.482 Young Relocate Start    38
Event: 1222.631 Young Mark Start        39
Event: 1222.631 Old Mark Start          13
Event: 1222.825 Young Mark End          39
Event: 1222.831 Young Relocate Start    39
Event: 1227.320 Old Mark End            13
Event: 1227.553 Old Relocate Start      13
Event: 1249.317 Young Mark Start        40
Event: 1249.823 Young Mark End          40
Event: 1249.869 Young Relocate Start    40
Event: 1294.672 Young Mark Start        41
Event: 1295.178 Young Mark End          41
Event: 1295.292 Young Relocate Start    41
Event: 1344.748 Young Mark Start        42
Event: 1344.859 Young Mark End          42
Event: 1344.872 Young Relocate Start    42
Event: 1386.595 Young Mark Start        43
Event: 1386.744 Young Mark End          43
Event: 1386.753 Young Relocate Start    43
Event: 1424.917 Young Mark Start        44
Event: 1425.257 Young Mark End          44
Event: 1425.271 Young Relocate Start    44
Event: 1439.961 Young Mark Start        45
Event: 1439.961 Old Mark Start          14
Event: 1441.273 Young Mark End          45
Event: 1441.325 Young Relocate Start    45
Event: 1442.017 Young Mark Start        46
Event: 1444.021 Young Mark End          46
Event: 1444.079 Young Relocate Start    46
Event: 1446.676 Old Mark End            14
Event: 1446.934 Old Relocate Start      14
Event: 1447.575 Young Mark Start        47
Event: 1448.251 Young Mark End          47
Event: 1448.259 Young Relocate Start    47
Event: 1456.036 Young Mark Start        48
Event: 1457.180 Young Mark End          48
Event: 1457.585 Young Relocate Start    48
Event: 1468.237 Young Mark Start        49
Event: 1468.313 Young Mark End          49
Event: 1468.325 Young Relocate Start    49
Event: 1471.320 Young Mark Start        50
Event: 1471.385 Young Mark End          50
Event: 1471.396 Young Relocate Start    50
Event: 1513.993 Young Mark Start        51
Event: 1514.068 Young Mark End          51
Event: 1514.075 Young Relocate Start    51
Event: 1561.860 Young Mark Start        52
Event: 1561.964 Young Mark End          52
Event: 1561.972 Young Relocate Start    52
Event: 1606.402 Young Mark Start        53
Event: 1606.531 Young Mark End          53
Event: 1606.538 Young Relocate Start    53
Event: 1651.665 Young Mark Start        54
Event: 1651.808 Young Mark End          54
Event: 1651.817 Young Relocate Start    54
Event: 1695.529 Young Mark Start        55
Event: 1695.718 Young Mark End          55
Event: 1695.728 Young Relocate Start    55
Event: 1741.780 Young Mark Start        56
Event: 1742.019 Young Mark End          56
Event: 1742.025 Young Relocate Start    56
Event: 1760.283 Young Mark Start        57
Event: 1760.283 Old Mark Start          15
Event: 1760.527 Young Mark End          57
Event: 1760.531 Young Relocate Start    57
Event: 1765.502 Old Mark End            15
Event: 1765.702 Old Relocate Start      15
Event: 1785.126 Young Mark Start        58
Event: 1785.753 Young Mark End          58
Event: 1785.779 Young Relocate Start    58
Event: 1824.127 Young Mark Start        59
Event: 1824.799 Young Mark End          59
Event: 1824.855 Young Relocate Start    59
Event: 1870.832 Young Mark Start        60
Event: 1871.286 Young Mark End          60
Event: 1871.313 Young Relocate Start    60
Event: 1923.776 Young Mark Start        61
Event: 1924.224 Young Mark End          61
Event: 1924.346 Young Relocate Start    61
Event: 1975.952 Young Mark Start        62
Event: 1976.122 Young Mark End          62
Event: 1976.133 Young Relocate Start    62
Event: 2027.384 Young Mark Start        63
Event: 2027.569 Young Mark End          63
Event: 2027.575 Young Relocate Start    63
Event: 2075.104 Young Mark Start        64
Event: 2075.321 Young Mark End          64
Event: 2075.328 Young Relocate Start    64
Event: 2093.436 Young Mark Start        65
Event: 2093.436 Old Mark Start          16
Event: 2093.663 Young Mark End          65
Event: 2093.668 Young Relocate Start    65
Event: 2098.484 Old Mark End            16
Event: 2098.728 Old Relocate Start      16
Event: 2141.073 Young Mark Start        66
Event: 2141.314 Young Mark End          66
Event: 2141.332 Young Relocate Start    66
Event: 2195.704 Young Mark Start        67
Event: 2195.967 Young Mark End          67
Event: 2195.994 Young Relocate Start    67
Event: 2253.863 Young Mark Start        68
Event: 2254.120 Young Mark End          68
Event: 2254.142 Young Relocate Start    68
Event: 2309.373 Young Mark Start        69
Event: 2309.560 Young Mark End          69
Event: 2309.632 Young Relocate Start    69
Event: 2349.274 Young Mark Start        70
Event: 2349.720 Young Mark End          70
Event: 2349.743 Young Relocate Start    70
Event: 2398.138 Young Mark Start        71
Event: 2398.326 Young Mark End          71
Event: 2398.381 Young Relocate Start    71
Event: 2429.226 Young Mark Start        72
Event: 2429.226 Old Mark Start          17
Event: 2429.294 Young Mark End          72
Event: 2429.301 Young Relocate Start    72
Event: 2434.287 Old Mark End            17
Event: 2434.442 Old Relocate Start      17
Event: 2480.147 Young Mark Start        73
Event: 2480.212 Young Mark End          73
Event: 2480.221 Young Relocate Start    73
Event: 2532.445 Young Mark Start        74
Event: 2532.491 Young Mark End          74
Event: 2532.497 Young Relocate Start    74
Event: 2584.198 Young Mark Start        75
Event: 2584.329 Young Mark End          75
Event: 2584.337 Young Relocate Start    75
Event: 2638.903 Young Mark Start        76
Event: 2639.084 Young Mark End          76
Event: 2639.090 Young Relocate Start    76
Event: 2693.266 Young Mark Start        77
Event: 2693.446 Young Mark End          77
Event: 2693.452 Young Relocate Start    77
Event: 2724.935 Young Mark Start        78
Event: 2724.935 Old Mark Start          18
Event: 2725.176 Young Mark End          78
Event: 2725.181 Young Relocate Start    78
Event: 2729.866 Old Mark End            18
Event: 2730.024 Old Relocate Start      18
Event: 2777.752 Young Mark Start        79
Event: 2777.976 Young Mark End          79
Event: 2777.985 Young Relocate Start    79
Event: 2807.628 Young Mark Start        80
Event: 2808.281 Young Mark End          80
Event: 2808.300 Young Relocate Start    80
Event: 2854.140 Young Mark Start        81
Event: 2854.805 Young Mark End          81
Event: 2854.876 Young Relocate Start    81
Event: 2872.949 Young Mark Start        82
Event: 2873.495 Young Mark End          82
Event: 2873.518 Young Relocate Start    82
Event: 2913.757 Young Mark Start        83
Event: 2914.616 Young Mark End          83
Event: 2914.640 Young Relocate Start    83
Event: 2948.341 Young Mark Start        84
Event: 2948.821 Young Mark End          84
Event: 2948.833 Young Relocate Start    84
Event: 2979.940 Young Mark Start        85
Event: 2979.940 Old Mark Start          19
Event: 2980.628 Young Mark End          85
Event: 2980.668 Young Relocate Start    85
Event: 2985.184 Old Mark End            19
Event: 2985.396 Old Relocate Start      19
Event: 3022.324 Young Mark Start        86
Event: 3023.008 Young Mark End          86
Event: 3023.027 Young Relocate Start    86
Event: 3071.597 Young Mark Start        87
Event: 3072.300 Young Mark End          87
Event: 3072.311 Young Relocate Start    87
Event: 3120.211 Young Mark Start        88
Event: 3120.777 Young Mark End          88
Event: 3120.822 Young Relocate Start    88
Event: 3162.634 Young Mark Start        89
Event: 3163.333 Young Mark End          89
Event: 3163.396 Young Relocate Start    89
Event: 3189.982 Young Mark Start        90
Event: 3190.666 Young Mark End          90
Event: 3190.694 Young Relocate Start    90
Event: 3240.789 Young Mark Start        91
Event: 3241.516 Young Mark End          91
Event: 3241.593 Young Relocate Start    91
Event: 3292.086 Young Mark Start        92
Event: 3292.539 Young Mark End          92
Event: 3292.597 Young Relocate Start    92
Event: 3313.502 Young Mark Start        93
Event: 3313.502 Old Mark Start          20
Event: 3313.894 Young Mark End          93
Event: 3313.997 Young Relocate Start    93
Event: 3319.207 Old Mark End            20
Event: 3319.436 Old Relocate Start      20
Event: 3368.943 Young Mark Start        94
Event: 3369.083 Young Mark End          94
Event: 3369.116 Young Relocate Start    94
Event: 3420.549 Young Mark Start        95
Event: 3420.663 Young Mark End          95
Event: 3420.672 Young Relocate Start    95
Event: 3471.042 Young Mark Start        96
Event: 3471.191 Young Mark End          96
Event: 3471.201 Young Relocate Start    96
Event: 3519.502 Young Mark Start        97
Event: 3519.668 Young Mark End          97
Event: 3519.677 Young Relocate Start    97
Event: 3566.455 Young Mark Start        98
Event: 3566.649 Young Mark End          98
Event: 3566.657 Young Relocate Start    98
Event: 3614.930 Young Mark Start        99
Event: 3615.134 Young Mark End          99
Event: 3615.142 Young Relocate Start    99
Event: 3644.350 Young Mark Start       100
Event: 3644.350 Old Mark Start          21
Event: 3644.577 Young Mark End         100
Event: 3644.583 Young Relocate Start   100
Event: 3649.487 Old Mark End            21
Event: 3649.637 Old Relocate Start      21
Event: 3690.707 Young Mark Start       101
Event: 3691.061 Young Mark End         101
Event: 3691.073 Young Relocate Start   101
Event: 3731.140 Young Mark Start       102
Event: 3731.609 Young Mark End         102
Event: 3731.625 Young Relocate Start   102
Event: 3756.185 Young Mark Start       103
Event: 3756.868 Young Mark End         103
Event: 3756.901 Young Relocate Start   103
Event: 3791.476 Young Mark Start       104
Event: 3791.476 Old Mark Start          22
Event: 3792.248 Young Mark End         104
Event: 3792.300 Young Relocate Start   104
Event: 3796.674 Old Mark End            22
Event: 3796.902 Old Relocate Start      22
Event: 3839.865 Young Mark Start       105
Event: 3840.434 Young Mark End         105
Event: 3840.466 Young Relocate Start   105
Event: 3888.842 Young Mark Start       106
Event: 3889.322 Young Mark End         106
Event: 3889.361 Young Relocate Start   106
Event: 3936.615 Young Mark Start       107
Event: 3937.044 Young Mark End         107
Event: 3937.082 Young Relocate Start   107
Event: 3985.586 Young Mark Start       108
Event: 3985.989 Young Mark End         108
Event: 3986.093 Young Relocate Start   108

VM Operations (250 events):
Event: 3730.970 Executing safepoint VM operation: Cleanup
Event: 3730.970 Executing safepoint VM operation: Cleanup done
Event: 3731.140 Executing safepoint VM operation: ZMarkStartYoung (High Usage)
Event: 3731.140 Executing safepoint VM operation: ZMarkStartYoung (High Usage) done
Event: 3731.607 Executing non-safepoint VM operation: HandshakeAllThreads (ZMarkFlushAndFreeStacks)
Event: 3731.607 Executing non-safepoint VM operation: HandshakeAllThreads (ZMarkFlushAndFreeStacks) done
Event: 3731.607 Executing non-safepoint VM operation: ZMarkFlushOperation
Event: 3731.607 Executing non-safepoint VM operation: ZMarkFlushOperation done
Event: 3731.607 Executing non-safepoint VM operation: HandshakeAllThreads (ZMarkFlushAndFreeStacks)
Event: 3731.607 Executing non-safepoint VM operation: HandshakeAllThreads (ZMarkFlushAndFreeStacks) done
Event: 3731.607 Executing non-safepoint VM operation: ZMarkFlushOperation
Event: 3731.607 Executing non-safepoint VM operation: ZMarkFlushOperation done
Event: 3731.607 Executing non-safepoint VM operation: HandshakeAllThreads (ZMarkFlushAndFreeStacks)
Event: 3731.607 Executing non-safepoint VM operation: HandshakeAllThreads (ZMarkFlushAndFreeStacks) done
Event: 3731.607 Executing non-safepoint VM operation: ZMarkFlushOperation
Event: 3731.607 Executing non-safepoint VM operation: ZMarkFlushOperation done
Event: 3731.609 Executing safepoint VM operation: ZMarkEndYoung (High Usage)
Event: 3731.609 Executing safepoint VM operation: ZMarkEndYoung (High Usage) done
Event: 3731.625 Executing safepoint VM operation: ZRelocateStartYoung (High Usage)
Event: 3731.625 Executing safepoint VM operation: ZRelocateStartYoung (High Usage) done
Event: 3734.627 Executing safepoint VM operation: Cleanup
Event: 3734.627 Executing safepoint VM operation: Cleanup done
Event: 3737.629 Executing safepoint VM operation: Cleanup
Event: 3737.629 Executing safepoint VM operation: Cleanup done
Event: 3738.630 Executing safepoint VM operation: Cleanup
Event: 3738.630 Executing safepoint VM operation: Cleanup done
Event: 3739.631 Executing safepoint VM operation: Cleanup
Event: 3739.632 Executing safepoint VM operation: Cleanup done
Event: 3741.632 Executing safepoint VM operation: Cleanup
Event: 3741.633 Executing safepoint VM operation: Cleanup done
Event: 3742.633 Executing safepoint VM operation: Cleanup
Event: 3742.633 Executing safepoint VM operation: Cleanup done
Event: 3743.634 Executing safepoint VM operation: Cleanup
Event: 3743.634 Executing safepoint VM operation: Cleanup done
Event: 3744.635 Executing safepoint VM operation: Cleanup
Event: 3744.635 Executing safepoint VM operation: Cleanup done
Event: 3745.636 Executing safepoint VM operation: Cleanup
Event: 3745.636 Executing safepoint VM operation: Cleanup done
Event: 3746.637 Executing safepoint VM operation: Cleanup
Event: 3746.637 Executing safepoint VM operation: Cleanup done
Event: 3747.637 Executing safepoint VM operation: Cleanup
Event: 3747.637 Executing safepoint VM operation: Cleanup done
Event: 3756.185 Executing safepoint VM operation: ZMarkStartYoung (Allocation Rate)
Event: 3756.185 Executing safepoint VM operation: ZMarkStartYoung (Allocation Rate) done
Event: 3756.867 Executing non-safepoint VM operation: HandshakeAllThreads (ZMarkFlushAndFreeStacks)
Event: 3756.867 Executing non-safepoint VM operation: HandshakeAllThreads (ZMarkFlushAndFreeStacks) done
Event: 3756.867 Executing non-safepoint VM operation: ZMarkFlushOperation
Event: 3756.867 Executing non-safepoint VM operation: ZMarkFlushOperation done
Event: 3756.868 Executing non-safepoint VM operation: HandshakeAllThreads (ZMarkFlushAndFreeStacks)
Event: 3756.868 Executing non-safepoint VM operation: HandshakeAllThreads (ZMarkFlushAndFreeStacks) done
Event: 3756.868 Executing non-safepoint VM operation: ZMarkFlushOperation
Event: 3756.868 Executing non-safepoint VM operation: ZMarkFlushOperation done
Event: 3756.868 Executing non-safepoint VM operation: HandshakeAllThreads (ZMarkFlushAndFreeStacks)
Event: 3756.868 Executing non-safepoint VM operation: HandshakeAllThreads (ZMarkFlushAndFreeStacks) done
Event: 3756.868 Executing non-safepoint VM operation: ZMarkFlushOperation
Event: 3756.868 Executing non-safepoint VM operation: ZMarkFlushOperation done
Event: 3756.868 Executing safepoint VM operation: ZMarkEndYoung (Allocation Rate)
Event: 3756.868 Executing safepoint VM operation: ZMarkEndYoung (Allocation Rate) done
Event: 3756.901 Executing safepoint VM operation: ZRelocateStartYoung (Allocation Rate)
Event: 3756.901 Executing safepoint VM operation: ZRelocateStartYoung (Allocation Rate) done
Event: 3785.912 Executing safepoint VM operation: Cleanup
Event: 3785.912 Executing safepoint VM operation: Cleanup done
Event: 3786.913 Executing safepoint VM operation: Cleanup
Event: 3786.913 Executing safepoint VM operation: Cleanup done
Event: 3787.914 Executing safepoint VM operation: Cleanup
Event: 3787.914 Executing safepoint VM operation: Cleanup done
Event: 3788.094 Executing non-safepoint VM operation: HandshakeAllThreads (HandshakeForDeflation)
Event: 3788.095 Executing non-safepoint VM operation: HandshakeAllThreads (HandshakeForDeflation) done
Event: 3788.095 Executing non-safepoint VM operation: RendezvousGCThreads
Event: 3788.095 Executing non-safepoint VM operation: RendezvousGCThreads done
Event: 3789.095 Executing safepoint VM operation: Cleanup
Event: 3789.095 Executing safepoint VM operation: Cleanup done
Event: 3790.096 Executing safepoint VM operation: Cleanup
Event: 3790.096 Executing safepoint VM operation: Cleanup done
Event: 3791.476 Executing safepoint VM operation: ZMarkStartYoungAndOld (CodeCache GC Threshold)
Event: 3791.476 Executing safepoint VM operation: ZMarkStartYoungAndOld (CodeCache GC Threshold) done
Event: 3792.248 Executing non-safepoint VM operation: HandshakeAllThreads (ZMarkFlushAndFreeStacks)
Event: 3792.248 Executing non-safepoint VM operation: HandshakeAllThreads (ZMarkFlushAndFreeStacks) done
Event: 3792.248 Executing non-safepoint VM operation: ZMarkFlushOperation
Event: 3792.248 Executing non-safepoint VM operation: ZMarkFlushOperation done
Event: 3792.248 Executing non-safepoint VM operation: HandshakeAllThreads (ZMarkFlushAndFreeStacks)
Event: 3792.248 Executing non-safepoint VM operation: HandshakeAllThreads (ZMarkFlushAndFreeStacks) done
Event: 3792.248 Executing non-safepoint VM operation: ZMarkFlushOperation
Event: 3792.248 Executing non-safepoint VM operation: ZMarkFlushOperation done
Event: 3792.248 Executing non-safepoint VM operation: HandshakeAllThreads (ZMarkFlushAndFreeStacks)
Event: 3792.248 Executing non-safepoint VM operation: HandshakeAllThreads (ZMarkFlushAndFreeStacks) done
Event: 3792.248 Executing non-safepoint VM operation: ZMarkFlushOperation
Event: 3792.248 Executing non-safepoint VM operation: ZMarkFlushOperation done
Event: 3792.248 Executing safepoint VM operation: ZMarkEndYoung (CodeCache GC Threshold)
Event: 3792.248 Executing safepoint VM operation: ZMarkEndYoung (CodeCache GC Threshold) done
Event: 3792.300 Executing safepoint VM operation: ZRelocateStartYoung (CodeCache GC Threshold)
Event: 3792.300 Executing safepoint VM operation: ZRelocateStartYoung (CodeCache GC Threshold) done
Event: 3796.674 Executing non-safepoint VM operation: HandshakeAllThreads (ZMarkFlushAndFreeStacks)
Event: 3796.674 Executing non-safepoint VM operation: HandshakeAllThreads (ZMarkFlushAndFreeStacks) done
Event: 3796.674 Executing non-safepoint VM operation: ZMarkFlushOperation
Event: 3796.674 Executing non-safepoint VM operation: ZMarkFlushOperation done
Event: 3796.674 Executing non-safepoint VM operation: HandshakeAllThreads (ZMarkFlushAndFreeStacks)
Event: 3796.674 Executing non-safepoint VM operation: HandshakeAllThreads (ZMarkFlushAndFreeStacks) done
Event: 3796.674 Executing non-safepoint VM operation: ZMarkFlushOperation
Event: 3796.674 Executing non-safepoint VM operation: ZMarkFlushOperation done
Event: 3796.674 Executing non-safepoint VM operation: HandshakeAllThreads (ZMarkFlushAndFreeStacks)
Event: 3796.674 Executing non-safepoint VM operation: HandshakeAllThreads (ZMarkFlushAndFreeStacks) done
Event: 3796.674 Executing non-safepoint VM operation: ZMarkFlushOperation
Event: 3796.674 Executing non-safepoint VM operation: ZMarkFlushOperation done
Event: 3796.674 Executing safepoint VM operation: ZMarkEndOld (CodeCache GC Threshold)
Event: 3796.674 Executing safepoint VM operation: ZMarkEndOld (CodeCache GC Threshold) done
Event: 3796.833 Executing non-safepoint VM operation: HandshakeAllThreads (ZRendezvous)
Event: 3796.833 Executing non-safepoint VM operation: HandshakeAllThreads (ZRendezvous) done
Event: 3796.833 Executing non-safepoint VM operation: ZRendezvousGCThreads
Event: 3796.833 Executing non-safepoint VM operation: ZRendezvousGCThreads done
Event: 3796.902 Executing safepoint VM operation: ZRelocateStartOld (CodeCache GC Threshold)
Event: 3796.902 Executing safepoint VM operation: ZRelocateStartOld (CodeCache GC Threshold) done
Event: 3798.902 Executing safepoint VM operation: Cleanup
Event: 3798.902 Executing safepoint VM operation: Cleanup done
Event: 3803.904 Executing safepoint VM operation: Cleanup
Event: 3803.904 Executing safepoint VM operation: Cleanup done
Event: 3804.904 Executing safepoint VM operation: Cleanup
Event: 3804.904 Executing safepoint VM operation: Cleanup done
Event: 3810.908 Executing safepoint VM operation: Cleanup
Event: 3810.908 Executing safepoint VM operation: Cleanup done
Event: 3821.912 Executing safepoint VM operation: Cleanup
Event: 3821.912 Executing safepoint VM operation: Cleanup done
Event: 3825.914 Executing safepoint VM operation: Cleanup
Event: 3825.914 Executing safepoint VM operation: Cleanup done
Event: 3839.865 Executing safepoint VM operation: ZMarkStartYoung (Allocation Rate)
Event: 3839.865 Executing safepoint VM operation: ZMarkStartYoung (Allocation Rate) done
Event: 3840.433 Executing non-safepoint VM operation: HandshakeAllThreads (ZMarkFlushAndFreeStacks)
Event: 3840.433 Executing non-safepoint VM operation: HandshakeAllThreads (ZMarkFlushAndFreeStacks) done
Event: 3840.433 Executing non-safepoint VM operation: ZMarkFlushOperation
Event: 3840.433 Executing non-safepoint VM operation: ZMarkFlushOperation done
Event: 3840.433 Executing non-safepoint VM operation: HandshakeAllThreads (ZMarkFlushAndFreeStacks)
Event: 3840.433 Executing non-safepoint VM operation: HandshakeAllThreads (ZMarkFlushAndFreeStacks) done
Event: 3840.433 Executing non-safepoint VM operation: ZMarkFlushOperation
Event: 3840.433 Executing non-safepoint VM operation: ZMarkFlushOperation done
Event: 3840.433 Executing non-safepoint VM operation: HandshakeAllThreads (ZMarkFlushAndFreeStacks)
Event: 3840.433 Executing non-safepoint VM operation: HandshakeAllThreads (ZMarkFlushAndFreeStacks) done
Event: 3840.434 Executing non-safepoint VM operation: ZMarkFlushOperation
Event: 3840.434 Executing non-safepoint VM operation: ZMarkFlushOperation done
Event: 3840.434 Executing safepoint VM operation: ZMarkEndYoung (Allocation Rate)
Event: 3840.434 Executing safepoint VM operation: ZMarkEndYoung (Allocation Rate) done
Event: 3840.465 Executing safepoint VM operation: ZRelocateStartYoung (Allocation Rate)
Event: 3840.466 Executing safepoint VM operation: ZRelocateStartYoung (Allocation Rate) done
Event: 3842.466 Executing safepoint VM operation: Cleanup
Event: 3842.466 Executing safepoint VM operation: Cleanup done
Event: 3844.466 Executing safepoint VM operation: Cleanup
Event: 3844.466 Executing safepoint VM operation: Cleanup done
Event: 3848.209 Executing non-safepoint VM operation: HandshakeAllThreads (HandshakeForDeflation)
Event: 3848.210 Executing non-safepoint VM operation: HandshakeAllThreads (HandshakeForDeflation) done
Event: 3848.210 Executing non-safepoint VM operation: RendezvousGCThreads
Event: 3848.210 Executing non-safepoint VM operation: RendezvousGCThreads done
Event: 3851.211 Executing safepoint VM operation: Cleanup
Event: 3851.211 Executing safepoint VM operation: Cleanup done
Event: 3853.212 Executing safepoint VM operation: Cleanup
Event: 3853.212 Executing safepoint VM operation: Cleanup done
Event: 3854.212 Executing safepoint VM operation: Cleanup
Event: 3854.212 Executing safepoint VM operation: Cleanup done
Event: 3855.213 Executing safepoint VM operation: Cleanup
Event: 3855.213 Executing safepoint VM operation: Cleanup done
Event: 3857.214 Executing safepoint VM operation: Cleanup
Event: 3857.214 Executing safepoint VM operation: Cleanup done
Event: 3859.215 Executing safepoint VM operation: Cleanup
Event: 3859.215 Executing safepoint VM operation: Cleanup done
Event: 3862.216 Executing safepoint VM operation: Cleanup
Event: 3862.216 Executing safepoint VM operation: Cleanup done
Event: 3869.221 Executing safepoint VM operation: Cleanup
Event: 3869.221 Executing safepoint VM operation: Cleanup done
Event: 3872.222 Executing safepoint VM operation: Cleanup
Event: 3872.222 Executing safepoint VM operation: Cleanup done
Event: 3874.222 Executing safepoint VM operation: Cleanup
Event: 3874.222 Executing safepoint VM operation: Cleanup done
Event: 3875.223 Executing safepoint VM operation: Cleanup
Event: 3875.223 Executing safepoint VM operation: Cleanup done
Event: 3880.225 Executing safepoint VM operation: Cleanup
Event: 3880.225 Executing safepoint VM operation: Cleanup done
Event: 3885.228 Executing safepoint VM operation: Cleanup
Event: 3885.228 Executing safepoint VM operation: Cleanup done
Event: 3888.842 Executing safepoint VM operation: ZMarkStartYoung (High Usage)
Event: 3888.842 Executing safepoint VM operation: ZMarkStartYoung (High Usage) done
Event: 3889.322 Executing non-safepoint VM operation: HandshakeAllThreads (ZMarkFlushAndFreeStacks)
Event: 3889.322 Executing non-safepoint VM operation: HandshakeAllThreads (ZMarkFlushAndFreeStacks) done
Event: 3889.322 Executing non-safepoint VM operation: ZMarkFlushOperation
Event: 3889.322 Executing non-safepoint VM operation: ZMarkFlushOperation done
Event: 3889.322 Executing non-safepoint VM operation: HandshakeAllThreads (ZMarkFlushAndFreeStacks)
Event: 3889.322 Executing non-safepoint VM operation: HandshakeAllThreads (ZMarkFlushAndFreeStacks) done
Event: 3889.322 Executing non-safepoint VM operation: ZMarkFlushOperation
Event: 3889.322 Executing non-safepoint VM operation: ZMarkFlushOperation done
Event: 3889.322 Executing non-safepoint VM operation: HandshakeAllThreads (ZMarkFlushAndFreeStacks)
Event: 3889.322 Executing non-safepoint VM operation: HandshakeAllThreads (ZMarkFlushAndFreeStacks) done
Event: 3889.322 Executing non-safepoint VM operation: ZMarkFlushOperation
Event: 3889.322 Executing non-safepoint VM operation: ZMarkFlushOperation done
Event: 3889.322 Executing safepoint VM operation: ZMarkEndYoung (High Usage)
Event: 3889.322 Executing safepoint VM operation: ZMarkEndYoung (High Usage) done
Event: 3889.361 Executing safepoint VM operation: ZRelocateStartYoung (High Usage)
Event: 3889.361 Executing safepoint VM operation: ZRelocateStartYoung (High Usage) done
Event: 3899.365 Executing safepoint VM operation: Cleanup
Event: 3899.365 Executing safepoint VM operation: Cleanup done
Event: 3903.367 Executing safepoint VM operation: Cleanup
Event: 3903.367 Executing safepoint VM operation: Cleanup done
Event: 3908.329 Executing non-safepoint VM operation: HandshakeAllThreads (HandshakeForDeflation)
Event: 3908.330 Executing non-safepoint VM operation: HandshakeAllThreads (HandshakeForDeflation) done
Event: 3908.330 Executing non-safepoint VM operation: RendezvousGCThreads
Event: 3908.330 Executing non-safepoint VM operation: RendezvousGCThreads done
Event: 3911.330 Executing safepoint VM operation: Cleanup
Event: 3911.330 Executing safepoint VM operation: Cleanup done
Event: 3936.615 Executing safepoint VM operation: ZMarkStartYoung (High Usage)
Event: 3936.615 Executing safepoint VM operation: ZMarkStartYoung (High Usage) done
Event: 3937.043 Executing non-safepoint VM operation: HandshakeAllThreads (ZMarkFlushAndFreeStacks)
Event: 3937.043 Executing non-safepoint VM operation: HandshakeAllThreads (ZMarkFlushAndFreeStacks) done
Event: 3937.043 Executing non-safepoint VM operation: ZMarkFlushOperation
Event: 3937.043 Executing non-safepoint VM operation: ZMarkFlushOperation done
Event: 3937.043 Executing non-safepoint VM operation: HandshakeAllThreads (ZMarkFlushAndFreeStacks)
Event: 3937.044 Executing non-safepoint VM operation: HandshakeAllThreads (ZMarkFlushAndFreeStacks) done
Event: 3937.044 Executing non-safepoint VM operation: ZMarkFlushOperation
Event: 3937.044 Executing non-safepoint VM operation: ZMarkFlushOperation done
Event: 3937.044 Executing non-safepoint VM operation: HandshakeAllThreads (ZMarkFlushAndFreeStacks)
Event: 3937.044 Executing non-safepoint VM operation: HandshakeAllThreads (ZMarkFlushAndFreeStacks) done
Event: 3937.044 Executing non-safepoint VM operation: ZMarkFlushOperation
Event: 3937.044 Executing non-safepoint VM operation: ZMarkFlushOperation done
Event: 3937.044 Executing safepoint VM operation: ZMarkEndYoung (High Usage)
Event: 3937.044 Executing safepoint VM operation: ZMarkEndYoung (High Usage) done
Event: 3937.082 Executing safepoint VM operation: ZRelocateStartYoung (High Usage)
Event: 3937.082 Executing safepoint VM operation: ZRelocateStartYoung (High Usage) done
Event: 3958.093 Executing safepoint VM operation: Cleanup
Event: 3958.093 Executing safepoint VM operation: Cleanup done
Event: 3968.454 Executing non-safepoint VM operation: HandshakeAllThreads (HandshakeForDeflation)
Event: 3968.454 Executing non-safepoint VM operation: HandshakeAllThreads (HandshakeForDeflation) done
Event: 3968.454 Executing non-safepoint VM operation: RendezvousGCThreads
Event: 3968.454 Executing non-safepoint VM operation: RendezvousGCThreads done
Event: 3970.455 Executing safepoint VM operation: Cleanup
Event: 3970.455 Executing safepoint VM operation: Cleanup done
Event: 3976.458 Executing safepoint VM operation: Cleanup
Event: 3976.458 Executing safepoint VM operation: Cleanup done
Event: 3985.586 Executing safepoint VM operation: ZMarkStartYoung (High Usage)
Event: 3985.586 Executing safepoint VM operation: ZMarkStartYoung (High Usage) done
Event: 3985.989 Executing non-safepoint VM operation: HandshakeAllThreads (ZMarkFlushAndFreeStacks)
Event: 3985.989 Executing non-safepoint VM operation: HandshakeAllThreads (ZMarkFlushAndFreeStacks) done
Event: 3985.989 Executing non-safepoint VM operation: ZMarkFlushOperation
Event: 3985.989 Executing non-safepoint VM operation: ZMarkFlushOperation done
Event: 3985.989 Executing non-safepoint VM operation: HandshakeAllThreads (ZMarkFlushAndFreeStacks)
Event: 3985.989 Executing non-safepoint VM operation: HandshakeAllThreads (ZMarkFlushAndFreeStacks) done
Event: 3985.989 Executing non-safepoint VM operation: ZMarkFlushOperation
Event: 3985.989 Executing non-safepoint VM operation: ZMarkFlushOperation done
Event: 3985.989 Executing non-safepoint VM operation: HandshakeAllThreads (ZMarkFlushAndFreeStacks)
Event: 3985.989 Executing non-safepoint VM operation: HandshakeAllThreads (ZMarkFlushAndFreeStacks) done
Event: 3985.989 Executing non-safepoint VM operation: ZMarkFlushOperation
Event: 3985.989 Executing non-safepoint VM operation: ZMarkFlushOperation done
Event: 3985.989 Executing safepoint VM operation: ZMarkEndYoung (High Usage)
Event: 3985.989 Executing safepoint VM operation: ZMarkEndYoung (High Usage) done
Event: 3986.093 Executing safepoint VM operation: ZRelocateStartYoung (High Usage)
Event: 3986.093 Executing safepoint VM operation: ZRelocateStartYoung (High Usage) done

Memory protections (0 events):
No events

Nmethod flushes (250 events):
Event: 3796.842 Thread 0x000001fe1f4840e0 flushing  nmethod 0x000001fe30e1a110
Event: 3796.842 Thread 0x000001fe1f4840e0 flushing  nmethod 0x000001fe314b3410
Event: 3796.842 Thread 0x000001fe1f4840e0 flushing  nmethod 0x000001fe29158f10
Event: 3796.842 Thread 0x000001fe1f4840e0 flushing  nmethod 0x000001fe2c67c690
Event: 3796.842 Thread 0x000001fe1f4840e0 flushing  nmethod 0x000001fe310fe410
Event: 3796.842 Thread 0x000001fe1f4840e0 flushing  nmethod 0x000001fe2b30a910
Event: 3796.842 Thread 0x000001fe1f4840e0 flushing  nmethod 0x000001fe304fc310
Event: 3796.842 Thread 0x000001fe1f4840e0 flushing  nmethod 0x000001fe33fcfc90
Event: 3796.842 Thread 0x000001fe1f4840e0 flushing  nmethod 0x000001fe32095d10
Event: 3796.842 Thread 0x000001fe1f4840e0 flushing  nmethod 0x000001fe2c8ad090
Event: 3796.842 Thread 0x000001fe1f4840e0 flushing  nmethod 0x000001fe29c23290
Event: 3796.842 Thread 0x000001fe1f4840e0 flushing  nmethod 0x000001fe2882d490
Event: 3796.842 Thread 0x000001fe1f4840e0 flushing  nmethod 0x000001fe2db04810
Event: 3796.842 Thread 0x000001fe1f4840e0 flushing  nmethod 0x000001fe31b47510
Event: 3796.842 Thread 0x000001fe1f4840e0 flushing  nmethod 0x000001fe2c13f610
Event: 3796.842 Thread 0x000001fe1f4840e0 flushing  nmethod 0x000001fe29d92090
Event: 3796.842 Thread 0x000001fe1f4840e0 flushing  nmethod 0x000001fe2c4ce390
Event: 3796.842 Thread 0x000001fe1f4840e0 flushing  nmethod 0x000001fe2978ba10
Event: 3796.842 Thread 0x000001fe1f4840e0 flushing  nmethod 0x000001fe29cd0490
Event: 3796.842 Thread 0x000001fe1f4840e0 flushing  nmethod 0x000001fe2e23a390
Event: 3796.842 Thread 0x000001fe1f4840e0 flushing  nmethod 0x000001fe300d9f10
Event: 3796.842 Thread 0x000001fe1f4840e0 flushing  nmethod 0x000001fe34296190
Event: 3796.842 Thread 0x000001fe1f4840e0 flushing  nmethod 0x000001fe31885a90
Event: 3796.842 Thread 0x000001fe1f4840e0 flushing  nmethod 0x000001fe28eb6f90
Event: 3796.842 Thread 0x000001fe1f4840e0 flushing  nmethod 0x000001fe2b812810
Event: 3796.842 Thread 0x000001fe1f4840e0 flushing  nmethod 0x000001fe35599f90
Event: 3796.842 Thread 0x000001fe1f4840e0 flushing  nmethod 0x000001fe29e27910
Event: 3796.842 Thread 0x000001fe1f4840e0 flushing  nmethod 0x000001fe2c02d710
Event: 3796.842 Thread 0x000001fe1f4840e0 flushing  nmethod 0x000001fe2dbec310
Event: 3796.842 Thread 0x000001fe1f4840e0 flushing  nmethod 0x000001fe2d078810
Event: 3796.842 Thread 0x000001fe1f4840e0 flushing  nmethod 0x000001fe2c22d290
Event: 3796.842 Thread 0x000001fe1f4840e0 flushing  nmethod 0x000001fe2ce74010
Event: 3796.842 Thread 0x000001fe1f4840e0 flushing  nmethod 0x000001fe2dab5210
Event: 3796.842 Thread 0x000001fe1f4840e0 flushing  nmethod 0x000001fe334e8c10
Event: 3796.842 Thread 0x000001fe1f4840e0 flushing  nmethod 0x000001fe3209ab10
Event: 3796.842 Thread 0x000001fe1f4840e0 flushing  nmethod 0x000001fe28d1a290
Event: 3796.842 Thread 0x000001fe1f4840e0 flushing  nmethod 0x000001fe2845f910
Event: 3796.842 Thread 0x000001fe1f4840e0 flushing  nmethod 0x000001fe2e70ff10
Event: 3796.842 Thread 0x000001fe1f4840e0 flushing  nmethod 0x000001fe2dfd7290
Event: 3796.842 Thread 0x000001fe1f4840e0 flushing  nmethod 0x000001fe2906ff10
Event: 3796.842 Thread 0x000001fe1f4840e0 flushing  nmethod 0x000001fe2ca2e390
Event: 3796.842 Thread 0x000001fe1f4840e0 flushing  nmethod 0x000001fe29f9b210
Event: 3796.842 Thread 0x000001fe1f4840e0 flushing  nmethod 0x000001fe2b608b10
Event: 3796.842 Thread 0x000001fe1f4840e0 flushing  nmethod 0x000001fe295d1610
Event: 3796.842 Thread 0x000001fe1f4840e0 flushing  nmethod 0x000001fe300b2390
Event: 3796.842 Thread 0x000001fe1f4840e0 flushing  nmethod 0x000001fe2cc9e310
Event: 3796.842 Thread 0x000001fe1f4840e0 flushing  nmethod 0x000001fe327d4890
Event: 3796.842 Thread 0x000001fe1f4840e0 flushing  nmethod 0x000001fe319b7090
Event: 3796.842 Thread 0x000001fe1f4840e0 flushing  nmethod 0x000001fe33331610
Event: 3796.842 Thread 0x000001fe1f4840e0 flushing  nmethod 0x000001fe3498db10
Event: 3796.842 Thread 0x000001fe1f4840e0 flushing  nmethod 0x000001fe2b67b490
Event: 3796.842 Thread 0x000001fe1f4840e0 flushing  nmethod 0x000001fe29f88290
Event: 3796.842 Thread 0x000001fe1f4840e0 flushing  nmethod 0x000001fe31b73390
Event: 3796.842 Thread 0x000001fe1f4840e0 flushing  nmethod 0x000001fe2ba2c410
Event: 3796.842 Thread 0x000001fe1f4840e0 flushing  nmethod 0x000001fe2836d490
Event: 3796.842 Thread 0x000001fe1f4840e0 flushing  nmethod 0x000001fe314c5690
Event: 3796.842 Thread 0x000001fe1f4840e0 flushing  nmethod 0x000001fe30631a90
Event: 3796.842 Thread 0x000001fe1f4840e0 flushing  nmethod 0x000001fe2afaba90
Event: 3796.842 Thread 0x000001fe1f4840e0 flushing  nmethod 0x000001fe29a98010
Event: 3796.842 Thread 0x000001fe1f4840e0 flushing  nmethod 0x000001fe2e70f190
Event: 3796.842 Thread 0x000001fe1f4840e0 flushing  nmethod 0x000001fe31d80690
Event: 3796.842 Thread 0x000001fe1f4840e0 flushing  nmethod 0x000001fe288c9990
Event: 3796.842 Thread 0x000001fe1f4840e0 flushing  nmethod 0x000001fe28c4f690
Event: 3796.842 Thread 0x000001fe1f4840e0 flushing  nmethod 0x000001fe2da78590
Event: 3796.842 Thread 0x000001fe1f4840e0 flushing  nmethod 0x000001fe28500310
Event: 3796.842 Thread 0x000001fe1f4840e0 flushing  nmethod 0x000001fe322c8690
Event: 3796.842 Thread 0x000001fe1f4840e0 flushing  nmethod 0x000001fe30f72210
Event: 3796.842 Thread 0x000001fe1f4840e0 flushing  nmethod 0x000001fe34c63d10
Event: 3796.842 Thread 0x000001fe1f4840e0 flushing  nmethod 0x000001fe33498990
Event: 3796.842 Thread 0x000001fe1f4840e0 flushing  nmethod 0x000001fe29b81e90
Event: 3796.842 Thread 0x000001fe1f4840e0 flushing  nmethod 0x000001fe330ac990
Event: 3796.842 Thread 0x000001fe1f4840e0 flushing  nmethod 0x000001fe2a39dd90
Event: 3796.842 Thread 0x000001fe1f4840e0 flushing  nmethod 0x000001fe2d503710
Event: 3796.842 Thread 0x000001fe1f4840e0 flushing  nmethod 0x000001fe2a855310
Event: 3796.842 Thread 0x000001fe1f4840e0 flushing  nmethod 0x000001fe31589190
Event: 3796.842 Thread 0x000001fe1f4840e0 flushing  nmethod 0x000001fe2dc44510
Event: 3796.842 Thread 0x000001fe1f4840e0 flushing  nmethod 0x000001fe2baa1790
Event: 3796.842 Thread 0x000001fe1f4840e0 flushing  nmethod 0x000001fe33ed1510
Event: 3796.842 Thread 0x000001fe1f4840e0 flushing  nmethod 0x000001fe28964390
Event: 3796.842 Thread 0x000001fe1f4840e0 flushing  nmethod 0x000001fe2bf1e390
Event: 3796.842 Thread 0x000001fe1f4840e0 flushing  nmethod 0x000001fe31113a10
Event: 3796.842 Thread 0x000001fe1f4840e0 flushing  nmethod 0x000001fe2a661990
Event: 3796.842 Thread 0x000001fe1f4840e0 flushing  nmethod 0x000001fe34388b10
Event: 3796.842 Thread 0x000001fe1f4840e0 flushing  nmethod 0x000001fe33a2a510
Event: 3796.842 Thread 0x000001fe1f4840e0 flushing  nmethod 0x000001fe31b08c10
Event: 3796.842 Thread 0x000001fe1f4840e0 flushing  nmethod 0x000001fe309b8490
Event: 3796.842 Thread 0x000001fe1f4840e0 flushing  nmethod 0x000001fe2c905710
Event: 3796.842 Thread 0x000001fe1f4840e0 flushing  nmethod 0x000001fe2a565d10
Event: 3796.842 Thread 0x000001fe1f4840e0 flushing  nmethod 0x000001fe28465590
Event: 3796.842 Thread 0x000001fe1f4840e0 flushing osr nmethod 0x000001fe333b8d10
Event: 3796.842 Thread 0x000001fe1f4840e0 flushing  nmethod 0x000001fe30f0e090
Event: 3796.842 Thread 0x000001fe1f4840e0 flushing  nmethod 0x000001fe33a19790
Event: 3796.842 Thread 0x000001fe1f4840e0 flushing osr nmethod 0x000001fe34c9f110
Event: 3796.842 Thread 0x000001fe1f4840e0 flushing  nmethod 0x000001fe3521d190
Event: 3796.842 Thread 0x000001fe1f4840e0 flushing  nmethod 0x000001fe2b60b210
Event: 3796.842 Thread 0x000001fe1f4840e0 flushing  nmethod 0x000001fe30635090
Event: 3796.842 Thread 0x000001fe1f4840e0 flushing  nmethod 0x000001fe29c0c590
Event: 3796.842 Thread 0x000001fe1f4840e0 flushing  nmethod 0x000001fe2d7fbd90
Event: 3796.842 Thread 0x000001fe1f4840e0 flushing  nmethod 0x000001fe2b72f110
Event: 3796.842 Thread 0x000001fe1f4840e0 flushing  nmethod 0x000001fe2a3d7210
Event: 3796.842 Thread 0x000001fe1f4840e0 flushing  nmethod 0x000001fe3152c490
Event: 3796.842 Thread 0x000001fe1f4840e0 flushing  nmethod 0x000001fe30b75d90
Event: 3796.842 Thread 0x000001fe1f4840e0 flushing  nmethod 0x000001fe2cdef290
Event: 3796.842 Thread 0x000001fe1f4840e0 flushing  nmethod 0x000001fe31d39890
Event: 3796.842 Thread 0x000001fe1f4840e0 flushing  nmethod 0x000001fe2aa13590
Event: 3796.842 Thread 0x000001fe1f4840e0 flushing  nmethod 0x000001fe294d0f90
Event: 3796.842 Thread 0x000001fe1f4840e0 flushing  nmethod 0x000001fe30b73990
Event: 3796.842 Thread 0x000001fe1f4840e0 flushing  nmethod 0x000001fe2a24bd90
Event: 3796.842 Thread 0x000001fe1f4840e0 flushing  nmethod 0x000001fe30678b10
Event: 3796.842 Thread 0x000001fe1f4840e0 flushing  nmethod 0x000001fe2ad1f690
Event: 3796.842 Thread 0x000001fe1f4840e0 flushing  nmethod 0x000001fe2a76a610
Event: 3796.842 Thread 0x000001fe1f4840e0 flushing  nmethod 0x000001fe30b9e090
Event: 3796.842 Thread 0x000001fe1f4840e0 flushing  nmethod 0x000001fe2b5f0c90
Event: 3796.842 Thread 0x000001fe1f4840e0 flushing  nmethod 0x000001fe3092ad90
Event: 3796.842 Thread 0x000001fe1f4840e0 flushing  nmethod 0x000001fe3078d810
Event: 3796.842 Thread 0x000001fe1f4840e0 flushing  nmethod 0x000001fe31821510
Event: 3796.842 Thread 0x000001fe1f4840e0 flushing  nmethod 0x000001fe2ac96a10
Event: 3796.842 Thread 0x000001fe1f4840e0 flushing  nmethod 0x000001fe2929b390
Event: 3796.842 Thread 0x000001fe1f4840e0 flushing  nmethod 0x000001fe2c38db10
Event: 3796.842 Thread 0x000001fe1f4840e0 flushing  nmethod 0x000001fe2acb7310
Event: 3796.842 Thread 0x000001fe1f4840e0 flushing  nmethod 0x000001fe3490d110
Event: 3796.842 Thread 0x000001fe1f4840e0 flushing  nmethod 0x000001fe2dca6d10
Event: 3796.842 Thread 0x000001fe1f4840e0 flushing  nmethod 0x000001fe332db890
Event: 3796.842 Thread 0x000001fe1f4840e0 flushing  nmethod 0x000001fe2876bb10
Event: 3796.842 Thread 0x000001fe1f4840e0 flushing  nmethod 0x000001fe2b2fab10
Event: 3796.842 Thread 0x000001fe1f4840e0 flushing  nmethod 0x000001fe31cfaf90
Event: 3796.842 Thread 0x000001fe1f4840e0 flushing  nmethod 0x000001fe33b1b310
Event: 3796.842 Thread 0x000001fe1f4840e0 flushing  nmethod 0x000001fe29964390
Event: 3796.842 Thread 0x000001fe1f4840e0 flushing  nmethod 0x000001fe30c31490
Event: 3796.842 Thread 0x000001fe1f4840e0 flushing  nmethod 0x000001fe310efa90
Event: 3796.842 Thread 0x000001fe1f4840e0 flushing  nmethod 0x000001fe331e9c90
Event: 3796.842 Thread 0x000001fe1f4840e0 flushing  nmethod 0x000001fe312ca910
Event: 3796.842 Thread 0x000001fe1f4840e0 flushing  nmethod 0x000001fe34130690
Event: 3796.842 Thread 0x000001fe1f4840e0 flushing  nmethod 0x000001fe34ec5690
Event: 3796.842 Thread 0x000001fe1f4840e0 flushing  nmethod 0x000001fe2c874490
Event: 3796.842 Thread 0x000001fe1f4840e0 flushing  nmethod 0x000001fe310ded90
Event: 3796.842 Thread 0x000001fe1f4840e0 flushing  nmethod 0x000001fe28293290
Event: 3796.842 Thread 0x000001fe1f4840e0 flushing  nmethod 0x000001fe289b9c90
Event: 3796.842 Thread 0x000001fe1f4840e0 flushing  nmethod 0x000001fe332b7590
Event: 3796.842 Thread 0x000001fe1f4840e0 flushing  nmethod 0x000001fe3423d010
Event: 3796.842 Thread 0x000001fe1f4840e0 flushing osr nmethod 0x000001fe31457c10
Event: 3796.842 Thread 0x000001fe1f4840e0 flushing  nmethod 0x000001fe315d2010
Event: 3796.842 Thread 0x000001fe1f4840e0 flushing  nmethod 0x000001fe33464090
Event: 3796.842 Thread 0x000001fe1f4840e0 flushing  nmethod 0x000001fe30bed690
Event: 3796.842 Thread 0x000001fe1f4840e0 flushing  nmethod 0x000001fe2c6bef90
Event: 3796.842 Thread 0x000001fe1f4840e0 flushing  nmethod 0x000001fe340cf910
Event: 3796.842 Thread 0x000001fe1f4840e0 flushing  nmethod 0x000001fe28df2b10
Event: 3796.842 Thread 0x000001fe1f4840e0 flushing  nmethod 0x000001fe2d344d90
Event: 3796.842 Thread 0x000001fe1f4840e0 flushing  nmethod 0x000001fe2da82190
Event: 3796.842 Thread 0x000001fe1f4840e0 flushing  nmethod 0x000001fe2c773590
Event: 3796.842 Thread 0x000001fe1f4840e0 flushing  nmethod 0x000001fe28459290
Event: 3796.842 Thread 0x000001fe1f4840e0 flushing osr nmethod 0x000001fe33f41c10
Event: 3796.842 Thread 0x000001fe1f4840e0 flushing  nmethod 0x000001fe32596d90
Event: 3796.842 Thread 0x000001fe1f4840e0 flushing  nmethod 0x000001fe2c8ae710
Event: 3796.842 Thread 0x000001fe1f4840e0 flushing  nmethod 0x000001fe282e1a90
Event: 3796.842 Thread 0x000001fe1f4840e0 flushing  nmethod 0x000001fe28e4bd10
Event: 3796.842 Thread 0x000001fe1f4840e0 flushing  nmethod 0x000001fe2980a890
Event: 3796.842 Thread 0x000001fe1f4840e0 flushing  nmethod 0x000001fe2c80d010
Event: 3796.842 Thread 0x000001fe1f4840e0 flushing  nmethod 0x000001fe2ce60410
Event: 3796.842 Thread 0x000001fe1f4840e0 flushing  nmethod 0x000001fe32864390
Event: 3796.842 Thread 0x000001fe1f4840e0 flushing  nmethod 0x000001fe31f15790
Event: 3796.842 Thread 0x000001fe1f4840e0 flushing  nmethod 0x000001fe31215e90
Event: 3796.842 Thread 0x000001fe1f4840e0 flushing  nmethod 0x000001fe2b846510
Event: 3796.842 Thread 0x000001fe1f4840e0 flushing osr nmethod 0x000001fe31ba4c90
Event: 3796.842 Thread 0x000001fe1f4840e0 flushing  nmethod 0x000001fe31e57610
Event: 3796.842 Thread 0x000001fe1f4840e0 flushing  nmethod 0x000001fe3315f990
Event: 3796.842 Thread 0x000001fe1f4840e0 flushing  nmethod 0x000001fe2e5d0790
Event: 3796.842 Thread 0x000001fe1f4840e0 flushing  nmethod 0x000001fe2d8d4510
Event: 3796.842 Thread 0x000001fe1f4840e0 flushing  nmethod 0x000001fe355f2790
Event: 3796.842 Thread 0x000001fe1f4840e0 flushing  nmethod 0x000001fe300e1790
Event: 3796.842 Thread 0x000001fe1f4840e0 flushing  nmethod 0x000001fe2b51c910
Event: 3796.842 Thread 0x000001fe1f4840e0 flushing  nmethod 0x000001fe32f39e90
Event: 3796.842 Thread 0x000001fe1f4840e0 flushing  nmethod 0x000001fe2da86390
Event: 3796.842 Thread 0x000001fe1f4840e0 flushing  nmethod 0x000001fe333be810
Event: 3796.842 Thread 0x000001fe1f4840e0 flushing  nmethod 0x000001fe31c11610
Event: 3796.842 Thread 0x000001fe1f4840e0 flushing  nmethod 0x000001fe2cc03990
Event: 3796.842 Thread 0x000001fe1f4840e0 flushing  nmethod 0x000001fe29021910
Event: 3796.842 Thread 0x000001fe1f4840e0 flushing  nmethod 0x000001fe2dc67690
Event: 3796.842 Thread 0x000001fe1f4840e0 flushing  nmethod 0x000001fe35326310
Event: 3796.842 Thread 0x000001fe1f4840e0 flushing  nmethod 0x000001fe3458ae90
Event: 3796.842 Thread 0x000001fe1f4840e0 flushing  nmethod 0x000001fe3026a510
Event: 3796.842 Thread 0x000001fe1f4840e0 flushing  nmethod 0x000001fe2a2a0b10
Event: 3796.842 Thread 0x000001fe1f4840e0 flushing  nmethod 0x000001fe2bf48410
Event: 3796.842 Thread 0x000001fe1f4840e0 flushing  nmethod 0x000001fe2a1cd010
Event: 3796.842 Thread 0x000001fe1f4840e0 flushing  nmethod 0x000001fe2a920010
Event: 3796.842 Thread 0x000001fe1f4840e0 flushing  nmethod 0x000001fe28774490
Event: 3796.842 Thread 0x000001fe1f4840e0 flushing  nmethod 0x000001fe317af910
Event: 3796.842 Thread 0x000001fe1f4840e0 flushing  nmethod 0x000001fe2a346290
Event: 3796.842 Thread 0x000001fe1f4840e0 flushing  nmethod 0x000001fe3032ca90
Event: 3796.842 Thread 0x000001fe1f4840e0 flushing  nmethod 0x000001fe2cbb2690
Event: 3796.842 Thread 0x000001fe1f4840e0 flushing  nmethod 0x000001fe2ab76690
Event: 3796.842 Thread 0x000001fe1f4840e0 flushing  nmethod 0x000001fe340e7d90
Event: 3796.842 Thread 0x000001fe1f4840e0 flushing  nmethod 0x000001fe33b9fb10
Event: 3796.842 Thread 0x000001fe1f4840e0 flushing  nmethod 0x000001fe2cd3c110
Event: 3796.842 Thread 0x000001fe1f4840e0 flushing  nmethod 0x000001fe31f3db90
Event: 3796.842 Thread 0x000001fe1f4840e0 flushing  nmethod 0x000001fe28447810
Event: 3796.842 Thread 0x000001fe1f4840e0 flushing  nmethod 0x000001fe2db2a210
Event: 3796.842 Thread 0x000001fe1f4840e0 flushing  nmethod 0x000001fe3353ba90
Event: 3796.842 Thread 0x000001fe1f4840e0 flushing  nmethod 0x000001fe29939490
Event: 3796.842 Thread 0x000001fe1f4840e0 flushing  nmethod 0x000001fe2e389910
Event: 3796.842 Thread 0x000001fe1f4840e0 flushing  nmethod 0x000001fe31834310
Event: 3796.842 Thread 0x000001fe1f4840e0 flushing  nmethod 0x000001fe33ae8b10
Event: 3796.842 Thread 0x000001fe1f4840e0 flushing  nmethod 0x000001fe28562090
Event: 3796.842 Thread 0x000001fe1f4840e0 flushing  nmethod 0x000001fe2c7a7710
Event: 3796.842 Thread 0x000001fe1f4840e0 flushing  nmethod 0x000001fe2fe64810
Event: 3796.842 Thread 0x000001fe1f4840e0 flushing  nmethod 0x000001fe29ae1790
Event: 3796.842 Thread 0x000001fe1f4840e0 flushing  nmethod 0x000001fe2cf04b10
Event: 3796.842 Thread 0x000001fe1f4840e0 flushing  nmethod 0x000001fe283c2090
Event: 3796.842 Thread 0x000001fe1f4840e0 flushing  nmethod 0x000001fe32745010
Event: 3796.842 Thread 0x000001fe1f4840e0 flushing  nmethod 0x000001fe34937410
Event: 3796.842 Thread 0x000001fe1f4840e0 flushing  nmethod 0x000001fe28340790
Event: 3796.842 Thread 0x000001fe1f4840e0 flushing  nmethod 0x000001fe3134a490
Event: 3796.842 Thread 0x000001fe1f4840e0 flushing  nmethod 0x000001fe325b0590
Event: 3796.842 Thread 0x000001fe1f4840e0 flushing  nmethod 0x000001fe30134710
Event: 3796.842 Thread 0x000001fe1f4840e0 flushing  nmethod 0x000001fe282a9990
Event: 3796.842 Thread 0x000001fe1f4840e0 flushing  nmethod 0x000001fe31378d10
Event: 3796.842 Thread 0x000001fe1f4840e0 flushing  nmethod 0x000001fe2c816f90
Event: 3796.842 Thread 0x000001fe1f4840e0 flushing  nmethod 0x000001fe28576590
Event: 3796.842 Thread 0x000001fe1f4840e0 flushing  nmethod 0x000001fe2db2b490
Event: 3796.842 Thread 0x000001fe1f4840e0 flushing  nmethod 0x000001fe33106c10
Event: 3796.842 Thread 0x000001fe1f4840e0 flushing  nmethod 0x000001fe2a29f310
Event: 3796.842 Thread 0x000001fe1f4840e0 flushing  nmethod 0x000001fe3034ff10
Event: 3796.842 Thread 0x000001fe1f4840e0 flushing  nmethod 0x000001fe2e5f0b10
Event: 3796.842 Thread 0x000001fe1f4840e0 flushing  nmethod 0x000001fe2a0d7d10
Event: 3796.842 Thread 0x000001fe1f4840e0 flushing  nmethod 0x000001fe2be03210
Event: 3796.842 Thread 0x000001fe1f4840e0 flushing  nmethod 0x000001fe2b663910
Event: 3796.842 Thread 0x000001fe1f4840e0 flushing  nmethod 0x000001fe3009f490
Event: 3796.842 Thread 0x000001fe1f4840e0 flushing  nmethod 0x000001fe33d37c90
Event: 3796.842 Thread 0x000001fe1f4840e0 flushing  nmethod 0x000001fe298fda90
Event: 3796.842 Thread 0x000001fe1f4840e0 flushing  nmethod 0x000001fe31332590
Event: 3796.842 Thread 0x000001fe1f4840e0 flushing  nmethod 0x000001fe28462810
Event: 3796.842 Thread 0x000001fe1f4840e0 flushing  nmethod 0x000001fe2dfd8f90
Event: 3796.842 Thread 0x000001fe1f4840e0 flushing  nmethod 0x000001fe2e775710
Event: 3796.842 Thread 0x000001fe1f4840e0 flushing  nmethod 0x000001fe3432ce10
Event: 3796.842 Thread 0x000001fe1f4840e0 flushing  nmethod 0x000001fe29bdb110
Event: 3796.842 Thread 0x000001fe1f4840e0 flushing  nmethod 0x000001fe2a3a3a10
Event: 3796.842 Thread 0x000001fe1f4840e0 flushing  nmethod 0x000001fe3388e410
Event: 3796.842 Thread 0x000001fe1f4840e0 flushing  nmethod 0x000001fe2cdb2010
Event: 3796.842 Thread 0x000001fe1f4840e0 flushing  nmethod 0x000001fe283c0a10
Event: 3796.842 Thread 0x000001fe1f4840e0 flushing  nmethod 0x000001fe33736890
Event: 3796.842 Thread 0x000001fe1f4840e0 flushing  nmethod 0x000001fe2c922d90
Event: 3796.842 Thread 0x000001fe1f4840e0 flushing  nmethod 0x000001fe29892c10
Event: 3796.842 Thread 0x000001fe1f4840e0 flushing  nmethod 0x000001fe2c910d10
Event: 3796.842 Thread 0x000001fe1f4840e0 flushing  nmethod 0x000001fe3148ad90
Event: 3796.842 Thread 0x000001fe1f4840e0 flushing  nmethod 0x000001fe30058190
Event: 3796.842 Thread 0x000001fe1f4840e0 flushing  nmethod 0x000001fe29395510
Event: 3796.842 Thread 0x000001fe1f4840e0 flushing  nmethod 0x000001fe29965810
Event: 3796.842 Thread 0x000001fe1f4840e0 flushing  nmethod 0x000001fe30779610
Event: 3796.842 Thread 0x000001fe1f4840e0 flushing  nmethod 0x000001fe29537310
Event: 3796.842 Thread 0x000001fe1f4840e0 flushing  nmethod 0x000001fe3490a390

Events (250 events):
Event: 3600.364 Thread 0x0000020298f3a1a0 Thread exited: 0x0000020298f3a1a0
Event: 3600.760 Thread 0x000002040141fdb0 Thread exited: 0x000002040141fdb0
Event: 3604.280 Thread 0x00000203a9a2f5f0 Thread exited: 0x00000203a9a2f5f0
Event: 3624.201 Thread 0x000002044f68f210 Thread exited: 0x000002044f68f210
Event: 3624.216 Thread 0x00000203fedf0e30 Thread exited: 0x00000203fedf0e30
Event: 3624.216 Thread 0x00000203a98426a0 Thread exited: 0x00000203a98426a0
Event: 3624.251 Thread 0x00000203827c4240 Thread exited: 0x00000203827c4240
Event: 3643.371 Thread 0x000002040c6e3540 Thread exited: 0x000002040c6e3540
Event: 3647.951 Thread 0x00000204226b78f0 Thread exited: 0x00000204226b78f0
Event: 3683.828 Thread 0x000001fe1d3b07b0 Thread added: 0x0000020424eecda0
Event: 3683.828 Thread 0x000001fe1d3b07b0 Thread added: 0x0000020424eed470
Event: 3684.682 Thread 0x0000020424eed470 Thread exited: 0x0000020424eed470
Event: 3684.728 Thread 0x0000020424eecda0 Thread exited: 0x0000020424eecda0
Event: 3686.641 Thread 0x000001fe1f387500 Thread added: 0x0000020367bc3280
Event: 3687.998 Thread 0x000001fe1d3b07b0 Thread added: 0x00000203f4941910
Event: 3687.998 Thread 0x000001fe1d3b07b0 Thread added: 0x00000203f4940b70
Event: 3687.998 Thread 0x000001fe1d3b07b0 Thread added: 0x00000203f4941fe0
Event: 3687.998 Thread 0x000001fe1d3b07b0 Thread added: 0x00000203f49426b0
Event: 3687.998 Thread 0x000001fe1d3b07b0 Thread added: 0x00000203f493fdd0
Event: 3688.018 Thread 0x00000203f493fdd0 Thread added: 0x000001fe01946a90
Event: 3688.167 Thread 0x00000203f493fdd0 Thread added: 0x0000020385e59370
Event: 3688.169 Thread 0x00000203f493fdd0 Thread added: 0x0000020385e59a40
Event: 3688.169 Thread 0x00000203f493fdd0 Thread added: 0x0000020450b371b0
Event: 3688.170 Thread 0x000001fe1d3b07b0 Thread added: 0x000002042d58ff50
Event: 3688.202 Thread 0x00000203fd6fbe00 Thread added: 0x00000203e4b8d7a0
Event: 3688.210 Thread 0x00000203827c1450 Thread added: 0x00000203a9844770
Event: 3689.829 Thread 0x000002042d58ff50 Thread exited: 0x000002042d58ff50
Event: 3689.829 Thread 0x0000020385e59370 Thread exited: 0x0000020385e59370
Event: 3689.989 Thread 0x000001fe01946a90 Thread exited: 0x000001fe01946a90
Event: 3689.989 Thread 0x00000203f49426b0 Thread exited: 0x00000203f49426b0
Event: 3689.989 Thread 0x00000203f4940b70 Thread exited: 0x00000203f4940b70
Event: 3689.989 Thread 0x00000203f4941910 Thread exited: 0x00000203f4941910
Event: 3689.989 Thread 0x00000203f4941fe0 Thread exited: 0x00000203f4941fe0
Event: 3690.569 Thread 0x0000020450b371b0 Thread exited: 0x0000020450b371b0
Event: 3690.737 Thread 0x0000020385e59a40 Thread exited: 0x0000020385e59a40
Event: 3692.126 Thread 0x00000203f493fdd0 Thread exited: 0x00000203f493fdd0
Event: 3692.832 Thread 0x000001fe1d3b29c0 Thread added: 0x000001fe0d934c70
Event: 3693.195 Thread 0x000001fe0d934c70 Thread exited: 0x000001fe0d934c70
Event: 3695.298 Thread 0x000001fe1d3b07b0 Thread added: 0x0000020385e59a40
Event: 3695.298 Thread 0x000001fe1d3b07b0 Thread added: 0x0000020385e59370
Event: 3695.299 Thread 0x0000020385e59370 Thread added: 0x0000020450b36ae0
Event: 3697.449 Thread 0x0000020450b36ae0 Thread added: 0x000001fe01768cb0
Event: 3697.449 Thread 0x0000020450b36ae0 Thread added: 0x000001fe01767170
Event: 3697.587 Thread 0x0000020385e59370 Thread added: 0x000001fe01767840
Event: 3697.774 Thread 0x000001fe01767840 Thread exited: 0x000001fe01767840
Event: 3697.829 Thread 0x000001fe01767170 Thread exited: 0x000001fe01767170
Event: 3697.832 Thread 0x000001fe01768cb0 Thread exited: 0x000001fe01768cb0
Event: 3697.950 Thread 0x0000020385e59370 Thread added: 0x00000203a9fd95f0
Event: 3697.950 Thread 0x0000020385e59370 Thread added: 0x00000203a9fd9cc0
Event: 3697.951 Thread 0x0000020450b36ae0 Thread added: 0x000002042c6410a0
Event: 3697.951 Thread 0x0000020450b36ae0 Thread added: 0x000002042c644050
Event: 3697.951 Thread 0x0000020450b36ae0 Thread added: 0x000002042c641770
Event: 3697.952 Thread 0x00000203a9fd95f0 Thread added: 0x000002042d58ff50
Event: 3697.952 Thread 0x00000203a9fd95f0 Thread added: 0x000001fe01946a90
Event: 3698.086 Thread 0x000001fe01946a90 Thread exited: 0x000001fe01946a90
Event: 3698.086 Thread 0x000002042d58ff50 Thread exited: 0x000002042d58ff50
Event: 3698.107 Thread 0x000002042c641770 Thread exited: 0x000002042c641770
Event: 3698.140 Thread 0x000002042c644050 Thread exited: 0x000002042c644050
Event: 3698.690 Thread 0x000002042c6410a0 Thread exited: 0x000002042c6410a0
Event: 3698.690 Thread 0x00000203a9fd9cc0 Thread exited: 0x00000203a9fd9cc0
Event: 3698.690 Thread 0x00000203a9fd95f0 Thread exited: 0x00000203a9fd95f0
Event: 3699.218 Thread 0x0000020450b36ae0 Thread exited: 0x0000020450b36ae0
Event: 3699.353 Thread 0x000001fe1d3b29c0 Thread added: 0x000002042d58ff50
Event: 3699.353 Thread 0x000001fe1d3b29c0 Thread added: 0x000002042d590620
Event: 3699.805 Thread 0x000002042d590620 Thread exited: 0x000002042d590620
Event: 3699.805 Thread 0x000002042d58ff50 Thread exited: 0x000002042d58ff50
Event: 3700.631 Thread 0x0000020385e59370 Thread exited: 0x0000020385e59370
Event: 3700.689 Thread 0x0000020385e59a40 Thread exited: 0x0000020385e59a40
Event: 3701.034 Thread 0x000001fe1d3b29c0 Thread added: 0x0000020417fd2320
Event: 3701.243 Thread 0x0000020417fd2320 Thread exited: 0x0000020417fd2320
Event: 3703.089 Thread 0x000001fe1d3b29c0 Thread added: 0x0000020417fd3e60
Event: 3703.089 Thread 0x000001fe1d3b29c0 Thread added: 0x0000020417fd52d0
Event: 3703.339 Thread 0x0000020417fd52d0 Thread exited: 0x0000020417fd52d0
Event: 3703.371 Thread 0x00000203e4b8d110 Thread exited: 0x00000203e4b8d110
Event: 3703.388 Thread 0x0000020417fd3e60 Thread exited: 0x0000020417fd3e60
Event: 3703.690 Thread 0x000001fe1d3b07b0 Thread added: 0x000002042d58ff50
Event: 3703.690 Thread 0x000001fe1d3b07b0 Thread added: 0x000002042d590620
Event: 3704.232 Thread 0x000002042d590620 Thread exited: 0x000002042d590620
Event: 3704.232 Thread 0x000002042d58ff50 Thread exited: 0x000002042d58ff50
Event: 3710.699 Thread 0x000001fe1d3b07b0 Thread added: 0x000002042d58ff50
Event: 3710.699 Thread 0x000001fe1d3b07b0 Thread added: 0x000002042d590620
Event: 3710.702 Thread 0x000001fe1d3b07b0 Thread added: 0x000001fe01767840
Event: 3710.702 Thread 0x000001fe1d3b07b0 Thread added: 0x000001fe01769a50
Event: 3710.702 Thread 0x000001fe1d3b07b0 Thread added: 0x000001fe0176a7f0
Event: 3710.709 Thread 0x000001fe1d3b29c0 Thread added: 0x00000204247e3880
Event: 3710.710 Thread 0x000001fe1d3b07b0 Thread added: 0x000001fe01768cb0
Event: 3710.751 Thread 0x000001fe1f387500 Thread added: 0x00000203a9842d30
Event: 3710.763 Thread 0x000002027f894fe0 Thread added: 0x00000203fedf0e30
Event: 3710.798 Thread 0x000001fe1f387500 Thread added: 0x000002042d606200
Event: 3710.798 Thread 0x000001fe1f387500 Thread added: 0x000002042d606890
Event: 3710.799 Thread 0x000002042d606200 Thread exited: 0x000002042d606200
Event: 3710.799 Thread 0x000002042d606890 Thread exited: 0x000002042d606890
Event: 3710.885 Thread 0x000001fe0176a7f0 Thread exited: 0x000001fe0176a7f0
Event: 3711.156 Thread 0x000001fe01769a50 Thread exited: 0x000001fe01769a50
Event: 3711.635 Thread 0x000001fe01767840 Thread exited: 0x000001fe01767840
Event: 3712.503 Thread 0x00000203a9842d30 Thread added: 0x00000203a9a30310
Event: 3712.504 Thread 0x00000203a9a30310 Thread added: 0x00000203827c0dc0
Event: 3712.504 Thread 0x00000203a9a30310 Thread added: 0x000002040c6dd600
Event: 3712.504 Thread 0x00000203a9a30310 Thread added: 0x000002040c6dcf70
Event: 3712.504 Thread 0x00000203827c0dc0 Thread added: 0x00000203f66478c0
Event: 3712.506 Thread 0x000002040c6dd600 Thread added: 0x00000204226b7260
Event: 3712.506 Thread 0x00000204226b7260 Thread added: 0x0000020401a55080
Event: 3712.506 Thread 0x0000020401a55080 Thread added: 0x00000203f6647230
Event: 3712.951 Thread 0x000002042d590620 Thread exited: 0x000002042d590620
Event: 3713.251 Thread 0x000002042d58ff50 Thread exited: 0x000002042d58ff50
Event: 3713.283 Thread 0x00000203a9842d30 Thread added: 0x00000204226b7f80
Event: 3713.442 Thread 0x00000204226b7f80 Thread exited: 0x00000204226b7f80
Event: 3713.567 Thread 0x000001fe01768cb0 Thread added: 0x00000204247e3f50
Event: 3713.567 Thread 0x000001fe01768cb0 Thread added: 0x000002028135c940
Event: 3713.636 Thread 0x00000203a9842d30 Thread added: 0x00000204226b6bd0
Event: 3713.636 Thread 0x00000203a9842d30 Thread added: 0x00000204226b7f80
Event: 3713.636 Thread 0x00000204226b6bd0 Thread exited: 0x00000204226b6bd0
Event: 3713.637 Thread 0x00000203a9842d30 Thread exited: 0x00000203a9842d30
Event: 3713.637 Thread 0x00000204226b7f80 Thread exited: 0x00000204226b7f80
Event: 3714.074 Thread 0x000002028135c940 Thread exited: 0x000002028135c940
Event: 3714.088 Thread 0x00000204247e3f50 Thread exited: 0x00000204247e3f50
Event: 3715.417 Thread 0x000001fe01768cb0 Thread exited: 0x000001fe01768cb0
Event: 3717.032 Thread 0x00000204247e3880 Thread exited: 0x00000204247e3880
Event: 3717.628 Thread 0x000001fe1d3b07b0 Thread added: 0x00000204176a57b0
Event: 3717.628 Thread 0x000001fe1d3b07b0 Thread added: 0x00000204176a5e80
Event: 3718.554 Thread 0x00000204176a5e80 Thread exited: 0x00000204176a5e80
Event: 3718.640 Thread 0x00000204176a57b0 Thread exited: 0x00000204176a57b0
Event: 3720.232 Thread 0x000001fe1d3b07b0 Thread added: 0x0000020385e59370
Event: 3722.194 Thread 0x0000020385e59370 Thread exited: 0x0000020385e59370
Event: 3724.738 Thread 0x000001fe1d3b29c0 Thread added: 0x000001fe0d934c70
Event: 3724.738 Thread 0x000001fe1d3b29c0 Thread added: 0x000001fe0d935340
Event: 3725.091 Thread 0x000001fe0d935340 Thread exited: 0x000001fe0d935340
Event: 3725.181 Thread 0x000001fe0d934c70 Thread exited: 0x000001fe0d934c70
Event: 3738.138 Thread 0x000001fe1d3b29c0 Thread added: 0x000002042c6410a0
Event: 3738.145 Thread 0x000002042c6410a0 Thread added: 0x0000020385e59370
Event: 3738.602 Thread 0x0000020385e59370 Thread exited: 0x0000020385e59370
Event: 3738.721 Thread 0x000002042c6410a0 Thread exited: 0x000002042c6410a0
Event: 3738.895 Thread 0x000001fe1d3b07b0 Thread added: 0x000002042d58ff50
Event: 3738.908 Thread 0x00000202980eb990 Thread added: 0x00000203fde82970
Event: 3738.909 Thread 0x00000202980eb990 Thread added: 0x00000203fde822e0
Event: 3738.909 Thread 0x00000202980eb990 Thread added: 0x00000203fde81c50
Event: 3738.931 Thread 0x00000202980eb990 Thread added: 0x00000203fde815c0
Event: 3738.931 Thread 0x00000202980eb990 Thread added: 0x0000020422807ec0
Event: 3738.931 Thread 0x00000202980eb990 Thread added: 0x0000020422806b10
Event: 3739.077 Thread 0x000002042d58ff50 Thread exited: 0x000002042d58ff50
Event: 3739.354 Thread 0x000001fe1f387500 Thread added: 0x00000203a9842010
Event: 3739.354 Thread 0x00000203a9842010 Thread exited: 0x00000203a9842010
Event: 3739.464 Thread 0x00000203827c2800 Thread added: 0x000002029fd737e0
Event: 3739.464 Thread 0x00000203827c3bb0 Thread added: 0x00000204226b6bd0
Event: 3739.464 Thread 0x000002029fd737e0 Thread added: 0x00000204226b7f80
Event: 3739.464 Thread 0x00000204226b6bd0 Thread added: 0x000002040c6de320
Event: 3739.465 Thread 0x00000204226b7f80 Thread added: 0x000002038a9267a0
Event: 3739.465 Thread 0x000002040c6de320 Thread added: 0x00000203a9a309a0
Event: 3739.465 Thread 0x000002038a9267a0 Thread added: 0x00000203f6da4a70
Event: 3739.465 Thread 0x00000203a9a309a0 Thread added: 0x00000203e4b8bd60
Event: 3739.465 Thread 0x00000203f6da4a70 Thread added: 0x00000203e4b8d110
Event: 3739.617 Thread 0x000001fe1d3b07b0 Thread added: 0x0000020423e79780
Event: 3739.623 Thread 0x0000020423e79780 Thread added: 0x000002029f324a30
Event: 3740.456 Thread 0x0000020423e79780 Thread exited: 0x0000020423e79780
Event: 3740.456 Thread 0x000002029f324a30 Thread exited: 0x000002029f324a30
Event: 3741.252 Thread 0x00000202980eb990 Thread added: 0x00000203a9842010
Event: 3741.253 Thread 0x00000202980eb990 Thread added: 0x00000203a98426a0
Event: 3741.278 Thread 0x000001fe1d3b07b0 Thread added: 0x000002029f325ea0
Event: 3741.384 Thread 0x00000202980eb990 Thread added: 0x00000203a9842d30
Event: 3741.387 Thread 0x00000203a9842d30 Thread exited: 0x00000203a9842d30
Event: 3741.388 Thread 0x00000203a98426a0 Thread exited: 0x00000203a98426a0
Event: 3741.388 Thread 0x00000203a9842010 Thread exited: 0x00000203a9842010
Event: 3742.081 Thread 0x000002029f325ea0 Thread exited: 0x000002029f325ea0
Event: 3742.778 Thread 0x00000203fedf07a0 Thread added: 0x000002038a926110
Event: 3742.809 Thread 0x00000202980eb990 Thread added: 0x000002029fd73e70
Event: 3742.810 Thread 0x00000202980eb990 Thread added: 0x000002029fd74500
Event: 3742.811 Thread 0x00000202980eb990 Thread added: 0x000002029fd71710
Event: 3742.812 Thread 0x00000202980eb990 Thread added: 0x000002029fd71080
Event: 3742.812 Thread 0x00000202980eb990 Thread added: 0x000002029fd71da0
Event: 3742.813 Thread 0x00000202980eb990 Thread added: 0x000002029fd72ac0
Event: 3742.814 Thread 0x00000203fedf07a0 Thread added: 0x00000204228071a0
Event: 3742.885 Thread 0x000001fe1f387500 Thread added: 0x00000204226b8610
Event: 3744.877 Thread 0x00000204226b8610 Thread added: 0x00000203a9a2f5f0
Event: 3744.877 Thread 0x00000203a9a2f5f0 Thread added: 0x000002040c9d7040
Event: 3744.878 Thread 0x00000203a9a2f5f0 Thread added: 0x000002040c9d9110
Event: 3744.878 Thread 0x000002040c9d7040 Thread added: 0x00000203a9a2d520
Event: 3744.880 Thread 0x000002040c9d9110 Thread added: 0x00000203fd6fb0e0
Event: 3744.880 Thread 0x00000203fd6fb0e0 Thread added: 0x00000203fd6fc490
Event: 3744.880 Thread 0x00000203fd6fc490 Thread added: 0x00000203e4b8a9b0
Event: 3744.881 Thread 0x00000203e4b8a9b0 Thread added: 0x00000204226b9330
Event: 3744.881 Thread 0x00000204226b9330 Thread added: 0x000002044f68e4f0
Event: 3745.641 Thread 0x00000204226b8610 Thread added: 0x00000203a9a31030
Event: 3745.810 Thread 0x00000203a9a31030 Thread exited: 0x00000203a9a31030
Event: 3745.868 Thread 0x000001fe1d3b07b0 Thread added: 0x000002042d5247e0
Event: 3746.017 Thread 0x00000204226b8610 Thread added: 0x00000203a9a31030
Event: 3746.017 Thread 0x00000204226b8610 Thread added: 0x00000203a9a316c0
Event: 3746.017 Thread 0x00000204226b8610 Thread exited: 0x00000204226b8610
Event: 3746.017 Thread 0x00000203a9a31030 Thread exited: 0x00000203a9a31030
Event: 3746.017 Thread 0x00000203a9a316c0 Thread exited: 0x00000203a9a316c0
Event: 3754.866 Thread 0x000002042d5247e0 Thread exited: 0x000002042d5247e0
Event: 3771.007 Thread 0x0000020367bc3280 Thread exited: 0x0000020367bc3280
Event: 3772.519 Thread 0x000002040c6dd600 Thread exited: 0x000002040c6dd600
Event: 3785.503 Thread 0x000001fe1f387500 Thread added: 0x00000203a9843a50
Event: 3785.549 Thread 0x000001fe1f387500 Thread added: 0x00000203a98440e0
Event: 3785.549 Thread 0x000001fe1f387500 Thread added: 0x00000203a98433c0
Event: 3785.549 Thread 0x00000203a98440e0 Thread exited: 0x00000203a98440e0
Event: 3785.550 Thread 0x00000203a98433c0 Thread exited: 0x00000203a98433c0
Event: 3787.232 Thread 0x00000203a9843a50 Thread added: 0x000002042d606200
Event: 3787.232 Thread 0x000002042d606200 Thread added: 0x0000020422807830
Event: 3787.233 Thread 0x000002042d606200 Thread added: 0x00000202e7107120
Event: 3787.233 Thread 0x0000020422807830 Thread added: 0x00000203a9a31030
Event: 3787.233 Thread 0x0000020422807830 Thread added: 0x00000203a9a2e240
Event: 3787.234 Thread 0x00000202e7107120 Thread added: 0x000002040c9d6320
Event: 3787.235 Thread 0x000002040c9d6320 Thread added: 0x0000020401a55da0
Event: 3787.235 Thread 0x0000020401a55da0 Thread added: 0x00000204015c3320
Event: 3787.977 Thread 0x00000203a9843a50 Thread added: 0x00000203fedefa80
Event: 3788.129 Thread 0x00000203fedefa80 Thread exited: 0x00000203fedefa80
Event: 3788.324 Thread 0x00000203a9843a50 Thread added: 0x00000203fedefa80
Event: 3788.324 Thread 0x00000203a9843a50 Thread added: 0x00000203858240b0
Event: 3788.325 Thread 0x00000203a9843a50 Thread exited: 0x00000203a9843a50
Event: 3788.325 Thread 0x00000203fedefa80 Thread exited: 0x00000203fedefa80
Event: 3788.325 Thread 0x00000203858240b0 Thread exited: 0x00000203858240b0
Event: 3798.932 Thread 0x00000203fde815c0 Thread exited: 0x00000203fde815c0
Event: 3798.933 Thread 0x00000203fde81c50 Thread exited: 0x00000203fde81c50
Event: 3798.933 Thread 0x0000020422806b10 Thread exited: 0x0000020422806b10
Event: 3798.934 Thread 0x0000020422807ec0 Thread exited: 0x0000020422807ec0
Event: 3798.934 Thread 0x00000203fde82970 Thread exited: 0x00000203fde82970
Event: 3798.934 Thread 0x00000203fde822e0 Thread exited: 0x00000203fde822e0
Event: 3800.637 Thread 0x00000203f6da4a70 Thread exited: 0x00000203f6da4a70
Event: 3802.815 Thread 0x00000203fedf07a0 Thread exited: 0x00000203fedf07a0
Event: 3802.817 Thread 0x000002038a926110 Thread exited: 0x000002038a926110
Event: 3802.822 Thread 0x000002029fd71da0 Thread exited: 0x000002029fd71da0
Event: 3802.829 Thread 0x000002029fd72ac0 Thread exited: 0x000002029fd72ac0
Event: 3802.837 Thread 0x00000204228071a0 Thread exited: 0x00000204228071a0
Event: 3802.854 Thread 0x000002029fd71080 Thread exited: 0x000002029fd71080
Event: 3802.859 Thread 0x000002029fd71710 Thread exited: 0x000002029fd71710
Event: 3802.871 Thread 0x000002029fd74500 Thread exited: 0x000002029fd74500
Event: 3802.904 Thread 0x000002042d608ff0 Thread exited: 0x000002042d608ff0
Event: 3804.895 Thread 0x00000203e4b8a9b0 Thread exited: 0x00000203e4b8a9b0
Event: 3832.520 Thread 0x0000020401a55080 Thread exited: 0x0000020401a55080
Event: 3840.465 Thread 0x000001fe142391a0 Thread added: 0x00000203fd6f9d30
Event: 3840.466 Thread 0x000001fe142391a0 Thread added: 0x00000203fd6fb770
Event: 3847.246 Thread 0x00000203a9a2e240 Thread exited: 0x00000203a9a2e240
Event: 3860.637 Thread 0x00000203827c1ae0 Thread exited: 0x00000203827c1ae0
Event: 3862.904 Thread 0x00000203fd6fbe00 Thread exited: 0x00000203fd6fbe00
Event: 3864.896 Thread 0x000002040c9d9110 Thread exited: 0x000002040c9d9110
Event: 3892.521 Thread 0x00000203a9a30310 Thread exited: 0x00000203a9a30310
Event: 3900.467 Thread 0x00000203fd6fb770 Thread exited: 0x00000203fd6fb770
Event: 3900.761 Thread 0x00000203fd6f9d30 Thread exited: 0x00000203fd6f9d30
Event: 3907.246 Thread 0x00000203a9a31030 Thread exited: 0x00000203a9a31030
Event: 3910.875 Thread 0x000002029fd73e70 Thread added: 0x00000203a9843a50
Event: 3910.910 Thread 0x00000203a9843a50 Thread added: 0x00000203fe04d150
Event: 3920.637 Thread 0x00000203fd6fa3c0 Thread exited: 0x00000203fd6fa3c0
Event: 3924.896 Thread 0x000002040c9d7040 Thread exited: 0x000002040c9d7040
Event: 3952.521 Thread 0x000002040c6dcf70 Thread exited: 0x000002040c6dcf70
Event: 3967.247 Thread 0x00000202e7107120 Thread exited: 0x00000202e7107120
Event: 3970.912 Thread 0x00000203a9843a50 Thread exited: 0x00000203a9843a50
Event: 3970.968 Thread 0x00000203fe04d150 Thread exited: 0x00000203fe04d150
Event: 3980.638 Thread 0x00000203a9a2ce90 Thread exited: 0x00000203a9a2ce90
Event: 3984.897 Thread 0x00000203a9a2d520 Thread exited: 0x00000203a9a2d520


Dynamic libraries:
0x00007ff7f9420000 - 0x00007ff7f942e000 	C:\Program Files\Eclipse Adoptium\jdk-21.0.10.7-hotspot\bin\javaw.exe
0x00007fff9c760000 - 0x00007fff9c9c6000 	C:\WINDOWS\SYSTEM32\ntdll.dll
0x00007fff9c290000 - 0x00007fff9c359000 	C:\WINDOWS\System32\KERNEL32.DLL
0x00007fff9a0d0000 - 0x00007fff9a4ca000 	C:\WINDOWS\System32\KERNELBASE.dll
0x00007fff99f80000 - 0x00007fff9a0cc000 	C:\WINDOWS\System32\ucrtbase.dll
0x00007fff94770000 - 0x00007fff94788000 	C:\Program Files\Eclipse Adoptium\jdk-21.0.10.7-hotspot\bin\jli.dll
0x00007fff845b0000 - 0x00007fff845ce000 	C:\Program Files\Eclipse Adoptium\jdk-21.0.10.7-hotspot\bin\VCRUNTIME140.dll
0x00007fff9c0c0000 - 0x00007fff9c287000 	C:\WINDOWS\System32\USER32.dll
0x00007fff99f50000 - 0x00007fff99f77000 	C:\WINDOWS\System32\win32u.dll
0x00007fff62d20000 - 0x00007fff62fb2000 	C:\WINDOWS\WinSxS\amd64_microsoft.windows.common-controls_6595b64144ccf1df_6.0.26100.8521_none_3e08b75ce33403b3\COMCTL32.dll
0x00007fff9a560000 - 0x00007fff9a58b000 	C:\WINDOWS\System32\GDI32.dll
0x00007fff9afe0000 - 0x00007fff9b089000 	C:\WINDOWS\System32\msvcrt.dll
0x00007fff99e20000 - 0x00007fff99f4b000 	C:\WINDOWS\System32\gdi32full.dll
0x00007fff999f0000 - 0x00007fff99a93000 	C:\WINDOWS\System32\msvcp_win.dll
0x00007fff9b540000 - 0x00007fff9b572000 	C:\WINDOWS\System32\IMM32.DLL
0x00007fff82dd0000 - 0x00007fff82ec2000 	C:\Program Files\Windhawk\Engine\1.7.3_1\64\windhawk.dll
0x00007fff9b480000 - 0x00007fff9b536000 	C:\WINDOWS\System32\ADVAPI32.dll
0x00007fff9c360000 - 0x00007fff9c40a000 	C:\WINDOWS\System32\sechost.dll
0x00007fff9c410000 - 0x00007fff9c528000 	C:\WINDOWS\System32\RPCRT4.dll
0x00007fff82f00000 - 0x00007fff82f18000 	C:\ProgramData\Windhawk\Engine\Mods\64\remove-ms-store-open-with_1.0.0_908002.dll
0x00007fff9a610000 - 0x00007fff9ad94000 	C:\WINDOWS\System32\shell32.dll
0x00007fff82670000 - 0x00007fff8269b000 	C:\ProgramData\Windhawk\Engine\Mods\64\explorer-details-better-file-sizes_1.5.1_735381.dll
0x00007fff9b2e0000 - 0x00007fff9b478000 	C:\WINDOWS\System32\ole32.dll
0x00007fff9b760000 - 0x00007fff9bae3000 	C:\WINDOWS\System32\combase.dll
0x00007fff9b680000 - 0x00007fff9b759000 	C:\WINDOWS\System32\OLEAUT32.dll
0x00007fff82630000 - 0x00007fff8266a000 	C:\ProgramData\Windhawk\Engine\Mods\64\libunwind.whl
0x00007fff82480000 - 0x00007fff82629000 	C:\ProgramData\Windhawk\Engine\Mods\64\libc++.whl
0x00007fff94650000 - 0x00007fff94756000 	C:\WINDOWS\SYSTEM32\PROPSYS.dll
0x00007fff8bc90000 - 0x00007fff8bc9c000 	C:\Program Files\Eclipse Adoptium\jdk-21.0.10.7-hotspot\bin\vcruntime140_1.dll
0x00007fff84520000 - 0x00007fff845ad000 	C:\Program Files\Eclipse Adoptium\jdk-21.0.10.7-hotspot\bin\msvcp140.dll
0x00007fff30a20000 - 0x00007fff317c1000 	C:\Program Files\Eclipse Adoptium\jdk-21.0.10.7-hotspot\bin\server\jvm.dll
0x00007fff9bb60000 - 0x00007fff9bbe0000 	C:\WINDOWS\System32\WS2_32.dll
0x00007fff996a0000 - 0x00007fff996fe000 	C:\WINDOWS\SYSTEM32\POWRPROF.dll
0x00007fff8f230000 - 0x00007fff8f266000 	C:\WINDOWS\SYSTEM32\WINMM.dll
0x00007fff8f220000 - 0x00007fff8f22b000 	C:\WINDOWS\SYSTEM32\VERSION.dll
0x00007fff99680000 - 0x00007fff99694000 	C:\WINDOWS\SYSTEM32\UMPDC.dll
0x00007fff98780000 - 0x00007fff9879b000 	C:\WINDOWS\SYSTEM32\kernel.appcore.dll
0x00007fff84510000 - 0x00007fff8451a000 	C:\Program Files\Eclipse Adoptium\jdk-21.0.10.7-hotspot\bin\jimage.dll
0x00007fff97370000 - 0x00007fff975b2000 	C:\WINDOWS\SYSTEM32\DBGHELP.DLL
0x00007fff89200000 - 0x00007fff8923b000 	C:\WINDOWS\SYSTEM32\dbgcore.DLL
0x00007fff99bf0000 - 0x00007fff99c98000 	C:\WINDOWS\System32\bcryptPrimitives.dll
0x00007fff84500000 - 0x00007fff8450f000 	C:\Program Files\Eclipse Adoptium\jdk-21.0.10.7-hotspot\bin\instrument.dll
0x00007fff81e00000 - 0x00007fff81e20000 	C:\Program Files\Eclipse Adoptium\jdk-21.0.10.7-hotspot\bin\java.dll
0x00007fff975f0000 - 0x00007fff97e70000 	C:\WINDOWS\SYSTEM32\windows.storage.dll
0x00007fff9b580000 - 0x00007fff9b676000 	C:\WINDOWS\System32\SHCORE.dll
0x00007fff9b270000 - 0x00007fff9b2d7000 	C:\WINDOWS\System32\shlwapi.dll
0x00007fff99910000 - 0x00007fff99939000 	C:\WINDOWS\SYSTEM32\profapi.dll
0x00007fff817b0000 - 0x00007fff81887000 	C:\Program Files\Eclipse Adoptium\jdk-21.0.10.7-hotspot\bin\jsvml.dll
0x00007fff81dc0000 - 0x00007fff81dd0000 	C:\Program Files\Eclipse Adoptium\jdk-21.0.10.7-hotspot\bin\net.dll
0x00007fff8e9b0000 - 0x00007fff8ead9000 	C:\WINDOWS\SYSTEM32\WINHTTP.dll
0x00007fff98cf0000 - 0x00007fff98d5c000 	C:\WINDOWS\system32\mswsock.dll
0x00007fff81da0000 - 0x00007fff81db6000 	C:\Program Files\Eclipse Adoptium\jdk-21.0.10.7-hotspot\bin\nio.dll
0x00007fff81d80000 - 0x00007fff81d98000 	C:\Program Files\Eclipse Adoptium\jdk-21.0.10.7-hotspot\bin\zip.dll
0x00007fff81cc0000 - 0x00007fff81cc9000 	C:\Program Files\Eclipse Adoptium\jdk-21.0.10.7-hotspot\bin\extnet.dll
0x00007fff81cb0000 - 0x00007fff81cc0000 	C:\Program Files\Eclipse Adoptium\jdk-21.0.10.7-hotspot\bin\verify.dll
0x00007fff81920000 - 0x00007fff8192a000 	C:\Program Files\Eclipse Adoptium\jdk-21.0.10.7-hotspot\bin\management.dll
0x00007fff81910000 - 0x00007fff8191c000 	C:\Program Files\Eclipse Adoptium\jdk-21.0.10.7-hotspot\bin\management_ext.dll
0x00007fff9ada0000 - 0x00007fff9ada8000 	C:\WINDOWS\System32\PSAPI.DLL
0x00007fff2fdb0000 - 0x00007fff2fdc8000 	C:\WINDOWS\system32\napinsp.dll
0x00007fff98270000 - 0x00007fff983ba000 	C:\WINDOWS\SYSTEM32\DNSAPI.dll
0x00007fff98af0000 - 0x00007fff98afd000 	C:\WINDOWS\SYSTEM32\DSPARSE.dll
0x00007fff98180000 - 0x00007fff981b3000 	C:\WINDOWS\SYSTEM32\IPHLPAPI.DLL
0x00007fff9c080000 - 0x00007fff9c08a000 	C:\WINDOWS\System32\NSI.dll
0x00007fff2fd90000 - 0x00007fff2fda3000 	C:\WINDOWS\System32\winrnr.dll
0x00007fff6f040000 - 0x00007fff6f062000 	C:\WINDOWS\system32\nlansp_c.dll
0x00007fff8f480000 - 0x00007fff8f496000 	C:\WINDOWS\system32\wshbth.dll
0x00007fff8c1c0000 - 0x00007fff8c1cb000 	C:\Windows\System32\rasadhlp.dll
0x00007fff8d980000 - 0x00007fff8da06000 	C:\WINDOWS\System32\fwpuclnt.dll
0x00007fff98fd0000 - 0x00007fff98feb000 	C:\WINDOWS\SYSTEM32\CRYPTSP.dll
0x00007fff986e0000 - 0x00007fff98719000 	C:\WINDOWS\system32\rsaenh.dll
0x00007fff98da0000 - 0x00007fff98dd3000 	C:\WINDOWS\SYSTEM32\USERENV.dll
0x00007fff998e0000 - 0x00007fff9990a000 	C:\WINDOWS\SYSTEM32\bcrypt.dll
0x00007fff99620000 - 0x00007fff9962c000 	C:\WINDOWS\SYSTEM32\CRYPTBASE.dll
0x00007fff818c0000 - 0x00007fff81905000 	C:\Users\Noah7\AppData\Roaming\ModrinthApp\meta\natives\1.21.1-21.1.233\jna8054081776043584259.dll
0x00007fff9adb0000 - 0x00007fff9ae5e000 	C:\WINDOWS\System32\clbcatq.dll
0x00007fff830d0000 - 0x00007fff830ed000 	C:\WINDOWS\SYSTEM32\amsi.dll
0x00007fff83020000 - 0x00007fff830c5000 	C:\ProgramData\Microsoft\Windows Defender\Platform\4.18.26050.15-0\MpOav.dll
0x00007fff8c1e0000 - 0x00007fff8c238000 	C:\WINDOWS\SYSTEM32\Pdh.dll
0x00007fff810f0000 - 0x00007fff81101000 	C:\WINDOWS\System32\perfos.dll
0x00007fff94610000 - 0x00007fff94622000 	C:\WINDOWS\SYSTEM32\pfclient.dll
0x00007fff80f10000 - 0x00007fff80f8b000 	C:\Users\Noah7\AppData\Roaming\ModrinthApp\meta\natives\1.21.1-21.1.233\lwjgl.dll
0x00007fff307b0000 - 0x00007fff30a20000 	C:\Users\Noah7\AppData\Roaming\ModrinthApp\meta\natives\1.21.1-21.1.233\jemalloc.dll
0x00007fff817a0000 - 0x00007fff817ae000 	C:\Program Files\Eclipse Adoptium\jdk-21.0.10.7-hotspot\bin\sunmscapi.dll
0x00007fff99ca0000 - 0x00007fff99e18000 	C:\WINDOWS\System32\CRYPT32.dll
0x00007fff991e0000 - 0x00007fff99210000 	C:\WINDOWS\SYSTEM32\ncrypt.dll
0x00007fff99190000 - 0x00007fff991cf000 	C:\WINDOWS\SYSTEM32\NTASN1.dll
0x00007fff80c70000 - 0x00007fff80cf2000 	C:\Users\Noah7\AppData\Roaming\ModrinthApp\meta\natives\1.21.1-21.1.233\glfw.dll
0x00007fff6d0a0000 - 0x00007fff6d0eb000 	C:\WINDOWS\SYSTEM32\dinput8.dll
0x00007fff5c1f0000 - 0x00007fff5c20c000 	C:\WINDOWS\SYSTEM32\xinput1_4.dll
0x00007fff995c0000 - 0x00007fff99611000 	C:\WINDOWS\SYSTEM32\cfgmgr32.dll
0x00007fff99590000 - 0x00007fff995bd000 	C:\WINDOWS\SYSTEM32\DEVOBJ.dll
0x00007fff80d00000 - 0x00007fff80ee5000 	C:\WINDOWS\SYSTEM32\inputhost.dll
0x00007fff96240000 - 0x00007fff96365000 	C:\WINDOWS\SYSTEM32\CoreMessaging.dll
0x00007fff96b80000 - 0x00007fff96baf000 	C:\WINDOWS\SYSTEM32\dwmapi.dll
0x00007fff96740000 - 0x00007fff967ea000 	C:\WINDOWS\system32\uxtheme.dll
0x00007fff9ae70000 - 0x00007fff9afcd000 	C:\WINDOWS\System32\MSCTF.dll
0x00007fff787d0000 - 0x00007fff788dc000 	C:\WINDOWS\SYSTEM32\opengl32.dll
0x00007fff7f6a0000 - 0x00007fff7f6cd000 	C:\WINDOWS\SYSTEM32\GLU32.dll
0x00007fff96820000 - 0x00007fff96864000 	C:\WINDOWS\SYSTEM32\dxcore.dll
0x00007fff830f0000 - 0x00007fff8310d000 	C:\WINDOWS\SYSTEM32\windows.staterepositorycore.dll
0x00007fff81770000 - 0x00007fff817a0000 	C:\WINDOWS\System32\DriverStore\FileRepository\u0200690.inf_amd64_68df361886f7d87c\B026020\atig6pxx.dll
0x00007ffef0e40000 - 0x00007ffef4c6f000 	C:\WINDOWS\System32\DriverStore\FileRepository\u0200690.inf_amd64_68df361886f7d87c\B026020\atio6axx.dll
0x00007fff9bbf0000 - 0x00007fff9c077000 	C:\WINDOWS\System32\SETUPAPI.dll
0x00007fff99aa0000 - 0x00007fff99b23000 	C:\WINDOWS\System32\WINTRUST.dll
0x00007fff99030000 - 0x00007fff99043000 	C:\WINDOWS\SYSTEM32\MSASN1.dll
0x00007fff8d920000 - 0x00007fff8d95c000 	C:\WINDOWS\System32\DriverStore\FileRepository\u0200690.inf_amd64_68df361886f7d87c\B026020\amdihk64.dll
0x00007fff815b0000 - 0x00007fff816f8000 	C:\WINDOWS\SYSTEM32\textinputframework.dll
0x00007fff66390000 - 0x00007fff66406000 	C:\WINDOWS\system32\Oleacc.dll
0x00007fff7f2d0000 - 0x00007fff7f32e000 	C:\Users\Noah7\AppData\Roaming\ModrinthApp\meta\natives\1.21.1-21.1.233\lwjgl_opengl.dll
0x00007fff30620000 - 0x00007fff307af000 	C:\Program Files\Eclipse Adoptium\jdk-21.0.10.7-hotspot\bin\awt.dll
0x00007fff96630000 - 0x00007fff966d0000 	C:\WINDOWS\SYSTEM32\apphelp.dll
0x00007fff7f240000 - 0x00007fff7f2c2000 	C:\Users\Noah7\AppData\Roaming\ModrinthApp\meta\natives\1.21.1-21.1.233\lwjgl_stb.dll
0x00007fff8aec0000 - 0x00007fff8af7f000 	C:\WINDOWS\SYSTEM32\mscms.dll
0x00007fff7f1f0000 - 0x00007fff7f239000 	C:\WINDOWS\SYSTEM32\icm32.dll
0x00007fff852c0000 - 0x00007fff852d2000 	C:\WINDOWS\system32\wbem\wbemprox.dll
0x00007fff87530000 - 0x00007fff875aa000 	C:\WINDOWS\SYSTEM32\wbemcomn.dll
0x00007fff83320000 - 0x00007fff83335000 	C:\WINDOWS\system32\wbem\wbemsvc.dll
0x00007fff83490000 - 0x00007fff83583000 	C:\WINDOWS\system32\wbem\fastprox.dll
0x00007fff80120000 - 0x00007fff80128000 	C:\WINDOWS\system32\wshunix.dll
0x00007fff08d40000 - 0x00007fff08f07000 	C:\Users\Noah7\AppData\Roaming\ModrinthApp\meta\natives\1.21.1-21.1.233\OpenAL.dll
0x00007fff8eea0000 - 0x00007fff8ef43000 	C:\WINDOWS\System32\MMDevApi.dll
0x00007fff5deb0000 - 0x00007fff5e023000 	C:\WINDOWS\System32\Speech\Common\sapi.dll
0x00007fff92b40000 - 0x00007fff92e24000 	C:\WINDOWS\SYSTEM32\CoreUIComponents.dll
0x00007fff933b0000 - 0x00007fff9351a000 	C:\WINDOWS\SYSTEM32\wintypes.dll
0x00007fff96870000 - 0x00007fff969aa000 	C:\WINDOWS\system32\dxgi.dll
0x00007fff6be20000 - 0x00007fff6be45000 	C:\WINDOWS\system32\d3d12.dll
0x00007ffeec050000 - 0x00007ffef0e36000 	C:\WINDOWS\System32\DriverStore\FileRepository\u0200690.inf_amd64_68df361886f7d87c\B026020\amdxc64.dll
0x00007fff93ce0000 - 0x00007fff93d3f000 	C:\WINDOWS\SYSTEM32\directxdatabasehelper.dll

JVMTI agents:
C:\Users\Noah7\AppData\Local\Temp\.tmpNz1zdG\theseus.jar path:C:\Program Files\Eclipse Adoptium\jdk-21.0.10.7-hotspot\bin\instrument.dll, loaded, initialized, instrumentlib options:none

dbghelp: loaded successfully - version: 4.0.5 - missing functions: none
symbol engine: initialized successfully - sym options: 0x614 - pdb path: .;C:\Program Files\Eclipse Adoptium\jdk-21.0.10.7-hotspot\bin;C:\WINDOWS\SYSTEM32;C:\WINDOWS\WinSxS\amd64_microsoft.windows.common-controls_6595b64144ccf1df_6.0.26100.8521_none_3e08b75ce33403b3;C:\Program Files\Windhawk\Engine\1.7.3_1\64;C:\ProgramData\Windhawk\Engine\Mods\64;C:\Program Files\Eclipse Adoptium\jdk-21.0.10.7-hotspot\bin\server;C:\Users\Noah7\AppData\Roaming\ModrinthApp\meta\natives\1.21.1-21.1.233;C:\ProgramData\Microsoft\Windows Defender\Platform\4.18.26050.15-0;C:\WINDOWS\System32\DriverStore\FileRepository\u0200690.inf_amd64_68df361886f7d87c\B026020;C:\WINDOWS\system32\wbem;C:\WINDOWS\System32\Speech\Common

VM Arguments:
jvm_args: -XX:HeapDumpPath=MojangTricksIntelDriversForPerformance_javaw.exe_minecraft.exe.heapdump -Djava.library.path=C:\Users\Noah7\AppData\Roaming\ModrinthApp\meta\natives\1.21.1-21.1.233 -Djna.tmpdir=C:\Users\Noah7\AppData\Roaming\ModrinthApp\meta\natives\1.21.1-21.1.233 -Dorg.lwjgl.system.SharedLibraryExtractPath=C:\Users\Noah7\AppData\Roaming\ModrinthApp\meta\natives\1.21.1-21.1.233 -Dio.netty.native.workdir=C:\Users\Noah7\AppData\Roaming\ModrinthApp\meta\natives\1.21.1-21.1.233 -Dminecraft.launcher.brand=theseus -Dminecraft.launcher.version=0.15.1 -Djava.net.preferIPv6Addresses=system -DignoreList=client-extra,1.21.1-21.1.233.jar -DlibraryDirectory=C:\Users\Noah7\AppData\Roaming\ModrinthApp\meta\libraries --module-path=C:\Users\Noah7\AppData\Roaming\ModrinthApp\meta\libraries/cpw/mods/bootstraplauncher/2.0.2/bootstraplauncher-2.0.2.jar;C:\Users\Noah7\AppData\Roaming\ModrinthApp\meta\libraries/cpw/mods/securejarhandler/3.0.8/securejarhandler-3.0.8.jar;C:\Users\Noah7\AppData\Roaming\ModrinthApp\meta\libraries/org/ow2/asm/asm-commons/9.8/asm-commons-9.8.jar;C:\Users\Noah7\AppData\Roaming\ModrinthApp\meta\libraries/org/ow2/asm/asm-util/9.8/asm-util-9.8.jar;C:\Users\Noah7\AppData\Roaming\ModrinthApp\meta\libraries/org/ow2/asm/asm-analysis/9.8/asm-analysis-9.8.jar;C:\Users\Noah7\AppData\Roaming\ModrinthApp\meta\libraries/org/ow2/asm/asm-tree/9.8/asm-tree-9.8.jar;C:\Users\Noah7\AppData\Roaming\ModrinthApp\meta\libraries/org/ow2/asm/asm/9.8/asm-9.8.jar;C:\Users\Noah7\AppData\Roaming\ModrinthApp\meta\libraries/net/neoforged/JarJarFileSystems/0.4.1/JarJarFileSystems-0.4.1.jar --add-modules=ALL-MODULE-PATH --add-opens=java.base/java.util.jar=cpw.mods.securejarhandler --add-opens=java.base/java.lang.invoke=cpw.mods.securejarhandler --add-exports=java.base/sun.security.util=cpw.mods.securejarhandler --add-exports=jdk.naming.dns/com.sun.jndi.dns=java.naming -Xmx32768M -Dlog4j.configurationFile=C:\Users\Noah7\AppData\Roaming\ModrinthApp\meta\log_configs\client-1.12.xml -javaagent:C:\Users\Noah7\AppData\Local\Temp\.tmpNz1zdG\theseus.jar -Dmodrinth.internal.ipc.host=127.0.0.1 -Dmodrinth.internal.ipc.port=50191 -Dmodrinth.internal.quickPlay.serverVersion=BUILTIN -XX:+UseZGC -XX:+ZGenerational --add-opens=java.base/java.lang.reflect=ALL-UNNAMED 
java_command: com.modrinth.theseus.MinecraftLaunch cpw.mods.bootstraplauncher.BootstrapLauncher --username IvqryDev --version 1.21.1 --gameDir C:\Users\Noah7\AppData\Roaming\ModrinthApp\profiles\Starfell - RoTVK --assetsDir C:\Users\Noah7\AppData\Roaming\ModrinthApp\meta\assets --assetIndex 17 --uuid 287f126b38ec4da68a032f4b238d2819 --accessToken eyJraWQiOiIwNDkxODEiLCJhbGciOiJSUzI1NiJ9.eyJ4dWlkIjoiMjUzNTQwODE0NzQ0Mzk0OSIsImFnZyI6IkFkdWx0Iiwic3ViIjoiNTZiYWYxY2ItYWE3MC00YWMwLWJhMDMtODMzNTNlNmFjYmE1IiwiYXV0aCI6IlhCT1giLCJwZmlkIjoiQjg0RUJCRkYwRDI1QkQwQSIsIm5zIjoiZGVmYXVsdCIsInJvbGVzIjpbXSwiaXNzIjoiYXV0aGVudGljYXRpb24iLCJmbGFncyI6WyJtdWx0aXBsYXllciJdLCJwcm9maWxlcyI6eyJtYyI6IjI4N2YxMjZiLTM4ZWMtNGRhNi04YTAzLTJmNGIyMzhkMjgxOSJ9LCJtaWQiOiJCODRFQkJGRjBEMjVCRDBBIiwicG1pZCI6IjA1MWUzODM1LWQ0YWItNTg4NS1hYzRlLWZhMTA4NzRkYzY0ZiIsInBsYXRmb3JtIjoiUENfTEFVTkNIRVIiLCJ0aWQiOiJFOTlCMCIsInBmZCI6W3sidHlwZSI6Im1jIiwiaWQiOiIyODdmMTI2Yi0zOGVjLTRkYTYtOGEwMy0yZjRiMjM4ZDI4MTkiLCJuYW1lIjoiSXZxcnlEZXYifV0sInhpZCI6IjI1MzU0MDgxNDc0NDM5NDkiLCJuYmYiOjE3ODI2ODA3NjUsImV4cCI6MTc4Mjc2NzE2NSwiaWF0IjoxNzgyNjgwNzY1LCJhaWQiOiIwMDAwMDAwMC0wMDAwLTAwMDAtMDAwMC0wMDAwNDAyYjUzMjgifQ.Kl-IOTqSgrCXYq7IjR7U4wEoceMC91IBL4QD4xhD1bfVQjSVC1scVA3_Rgp9IjtNY1cpJomxWHnLt5w6cebxnlWtmqJKSHuf2F2yqlCY6C3vUwlahoWI0D3aypNiZHory17HWRMqsExgz6VCugngI1pgZwyqvYrFSHVIiUuwB700FzUeSXoNms5peZgLowBUytICorxUVUq5vpVOy7YLFdNIqZZOiZ6eMkflXnygl09vRc_T1smLh3vUpz-ZIy5vT7OCAP1J4kLueDOMjc7zOTRYKp2zCRj3PTkdw4b_YM4D4nAOBL6q6MY6fO43PRI3pxu4rFmXLRzqm4W7-mwluQ --clientId c4502edb-87c6-40cb-b595-64a280cf8906 --xuid 0 --userType msa --versionType release --width 854 --height 480 --fml.neoForgeVersion 21.1.233 --fml.fmlVersion 4.0.42 --fml.mcVersion 1.21.1 --fml.neoFormVersion 20240808.144430 --launchTarget forgeclient
java_class_path (initial): C:\Users\Noah7\AppData\Local\Temp\.tmpNz1zdG\theseus.jar;C:\Users\Noah7\AppData\Roaming\ModrinthApp\meta\versions\1.21.1-21.1.233\1.21.1-21.1.233.jar;C:\Users\Noah7\AppData\Roaming\ModrinthApp\meta\libraries\com\github\oshi\oshi-core\6.4.10\oshi-core-6.4.10.jar;C:\Users\Noah7\AppData\Roaming\ModrinthApp\meta\libraries\com\ibm\icu\icu4j\73.2\icu4j-73.2.jar;C:\Users\Noah7\AppData\Roaming\ModrinthApp\meta\libraries\com\mojang\authlib\6.0.54\authlib-6.0.54.jar;C:\Users\Noah7\AppData\Roaming\ModrinthApp\meta\libraries\com\mojang\blocklist\1.0.10\blocklist-1.0.10.jar;C:\Users\Noah7\AppData\Roaming\ModrinthApp\meta\libraries\com\mojang\brigadier\1.3.10\brigadier-1.3.10.jar;C:\Users\Noah7\AppData\Roaming\ModrinthApp\meta\libraries\com\mojang\datafixerupper\8.0.16\datafixerupper-8.0.16.jar;C:\Users\Noah7\AppData\Roaming\ModrinthApp\meta\libraries\com\mojang\patchy\2.2.10\patchy-2.2.10.jar;C:\Users\Noah7\AppData\Roaming\ModrinthApp\meta\libraries\com\mojang\text2speech\1.17.9\text2speech-1.17.9.jar;C:\Users\Noah7\AppData\Roaming\ModrinthApp\meta\libraries\commons-codec\commons-codec\1.16.0\commons-codec-1.16.0.jar;C:\Users\Noah7\AppData\Roaming\ModrinthApp\meta\libraries\commons-logging\commons-logging\1.2\commons-logging-1.2.jar;C:\Users\Noah7\AppData\Roaming\ModrinthApp\meta\libraries\io\netty\netty-buffer\4.1.97.Final\netty-buffer-4.1.97.Final.jar;C:\Users\Noah7\AppData\Roaming\ModrinthApp\meta\libraries\io\netty\netty-codec\4.1.97.Final\netty-codec-4.1.97.Final.jar;C:\Users\Noah7\AppData\Roaming\ModrinthApp\meta\libraries\io\netty\netty-common\4.1.97.Final\netty-common-4.1.97.Final.jar;C:\Users\Noah7\AppData\Roaming\ModrinthApp\meta\libraries\io\netty\netty-handler\4.1.97.Final\netty-handler-4.1.97.Final.jar;C:\Users\Noah7\AppData\Roaming\ModrinthApp\meta\libraries\io\netty\netty-resolver\4.1.97.Final\netty-resolver-4.1.97.Final.jar;C:\Users\Noah7\AppData\Roaming\ModrinthApp\meta\libraries\io\netty\netty-transport-classes-epoll\4.1.97.Final\netty-transport-classes-epoll-4.1.97.Final.jar;C:\Users\Noah7\AppData\Roaming\ModrinthApp\meta\libraries\io\netty\netty-transport-native-unix-common\4.1.97.Final\netty-transport-native-unix-common-4.1.97.Final.jar;C:\Users\Noah7\AppData\Roaming\ModrinthApp\meta\libraries\io\netty\netty-transport\4.1.97.Final\netty-transport-4.1.97.Final.jar;C:\Users\Noah7\AppData\Roaming\ModrinthApp\meta\libraries\it\unimi\dsi\fastutil\8.5.12\fastutil-8.5.12.jar;C:\Users\Noah7\AppData\Roaming\ModrinthApp\meta\libraries\net\java\dev\jna\jna-platform\5.14.0\jna-platform-5.14.0.jar;C:\Users\Noah7\AppData\Roaming\ModrinthApp\meta\libraries\net\java\dev\jna\jna\5.14.0\jna-5.14.0.jar;C:\Users\Noah7\AppData\Roaming\ModrinthApp\meta\libraries\org\apache\commons\commons-compress\1.26.0\commons-compress-1.26.0.jar;C:\Users\Noah7\AppData\Roaming\ModrinthApp\meta\libraries\org\apache\httpcomponents\httpclient\4.5.13\httpclient-4.5.13.jar;C:\Users\Noah7\AppData\Roaming\ModrinthApp\meta\libraries\org\apache\httpcomponents\httpcore\4.4.16\httpcore-4.4.16.jar;C:\Users\Noah7\AppData\Roaming\ModrinthApp\meta\libraries\org\jcraft\jorbis\0.0.17\jorbis-0.0.17.jar;C:\Users\Noah7\AppData\Roaming\ModrinthApp\meta\libraries\org\joml\joml\1.10.5\joml-1.10.5.jar;C:\Users\Noah7\AppData\Roaming\ModrinthApp\meta\libraries\org\lwjgl\lwjgl-freetype\3.3.3\lwjgl-freetype-3.3.3.jar;C:\Users\Noah7\AppData\Roaming\ModrinthApp\meta\libraries\org\lwjgl\lwjgl-freetype\3.3.3\lwjgl-freetype-3.3.3-natives-windows.jar;C:\Users\Noah7\AppData\Roaming\ModrinthApp\meta\libraries\org\lwjgl\lwjgl-freetype\3.3.3\lwjgl-freetype-3.3.3-natives-windows-arm64.jar;C:\Users\Noah7\AppData\Roaming\ModrinthApp\meta\libraries\org\lwjgl\lwjgl-freetype\3.3.3\lwjgl-freetype-3.3.3-natives-windows-x86.jar;C:\Users\Noah7\AppData\Roaming\ModrinthApp\meta\libraries\org\lwjgl\lwjgl-glfw\3.3.3\lwjgl-glfw-3.3.3.jar;C:\Users\Noah7\AppData\Roaming\ModrinthApp\meta\libraries\org\lwjgl\lwjgl-glfw\3.3.3\lwjgl-glfw-3.3.3-natives-windows.jar;C:\Users\Noah7\AppData\Roaming\ModrinthApp\meta\libraries\org\lwjgl\lwjgl-glfw\3.3.3\lwjgl-glfw-3.3.3-natives-windows-arm64.jar;C:\Users\Noah7\AppData\Roaming\ModrinthApp\meta\libraries\org\lwjgl\lwjgl-glfw\3.3.3\lwjgl-glfw-3.3.3-natives-windows-x86.jar;C:\Users\Noah7\AppData\Roaming\ModrinthApp\meta\libraries\org\lwjgl\lwjgl-jemalloc\3.3.3\lwjgl-jemalloc-3.3.3.jar;C:\Users\Noah7\AppData\Roaming\ModrinthApp\meta\libraries\org\lwjgl\lwjgl-jemalloc\3.3.3\lwjgl-jemalloc-3.3.3-natives-windows.jar;C:\Users\Noah7\AppData\Roaming\ModrinthApp\meta\libraries\org\lwjgl\lwjgl-jemalloc\3.3.3\lwjgl-jemalloc-3.3.3-natives-windows-arm64.jar;C:\Users\Noah7\AppData\Roaming\ModrinthApp\meta\libraries\org\lwjgl\lwjgl-jemalloc\3.3.3\lwjgl-jemalloc-3.3.3-natives-windows-x86.jar;C:\Users\Noah7\AppData\Roaming\ModrinthApp\meta\libraries\org\lwjgl\lwjgl-openal\3.3.3\lwjgl-openal-3.3.3.jar;C:\Users\Noah7\AppData\Roaming\ModrinthApp\meta\libraries\org\lwjgl\lwjgl-openal\3.3.3\lwjgl-openal-3.3.3-natives-windows.jar;C:\Users\Noah7\AppData\Roaming\ModrinthApp\meta\libraries\org\lwjgl\lwjgl-openal\3.3.3\lwjgl-openal-3.3.3-natives-windows-arm64.jar;C:\Users\Noah7\AppData\Roaming\ModrinthApp\meta\libraries\org\lwjgl\lwjgl-openal\3.3.3\lwjgl-openal-3.3.3-natives-windows-x86.jar;C:\Users\Noah7\AppData\Roaming\ModrinthApp\meta\libraries\org\lwjgl\lwjgl-opengl\3.3.3\lwjgl-opengl-3.3.3.jar;C:\Users\Noah7\AppData\Roaming\ModrinthApp\meta\libraries\org\lwjgl\lwjgl-opengl\3.3.3\lwjgl-opengl-3.3.3-natives-windows.jar;C:\Users\Noah7\AppData\Roaming\ModrinthApp\meta\libraries\org\lwjgl\lwjgl-opengl\3.3.3\lwjgl-opengl-3.3.3-natives-windows-arm64.jar;C:\Users\Noah7\AppData\Roaming\ModrinthApp\meta\libraries\org\lwjgl\lwjgl-opengl\3.3.3\lwjgl-opengl-3.3.3-natives-windows-x86.jar;C:\Users\Noah7\AppData\Roaming\ModrinthApp\meta\libraries\org\lwjgl\lwjgl-stb\3.3.3\lwjgl-stb-3.3.3.jar;C:\Users\Noah7\AppData\Roaming\ModrinthApp\meta\libraries\org\lwjgl\lwjgl-stb\3.3.3\lwjgl-stb-3.3.3-natives-windows.jar;C:\Users\Noah7\AppData\Roaming\ModrinthApp\meta\libraries\org\lwjgl\lwjgl-stb\3.3.3\lwjgl-stb-3.3.3-natives-windows-arm64.jar;C:\Users\Noah7\AppData\Roaming\ModrinthApp\meta\libraries\org\lwjgl\lwjgl-stb\3.3.3\lwjgl-stb-3.3.3-natives-windows-x86.jar;C:\Users\Noah7\AppData\Roaming\ModrinthApp\meta\libraries\org\lwjgl\lwjgl-tinyfd\3.3.3\lwjgl-tinyfd-3.3.3.jar;C:\Users\Noah7\AppData\Roaming\ModrinthApp\meta\libraries\org\lwjgl\lwjgl-tinyfd\3.3.3\lwjgl-tinyfd-3.3.3-natives-windows.jar;C:\Users\Noah7\AppData\Roaming\ModrinthApp\meta\libraries\org\lwjgl\lwjgl-tinyfd\3.3.3\lwjgl-tinyfd-3.3.3-natives-windows-arm64.jar;C:\Users\Noah7\AppData\Roaming\ModrinthApp\meta\libraries\org\lwjgl\lwjgl-tinyfd\3.3.3\lwjgl-tinyfd-3.3.3-natives-windows-x86.jar;C:\Users\Noah7\AppData\Roaming\ModrinthApp\meta\libraries\org\lwjgl\lwjgl\3.3.3\lwjgl-3.3.3.jar;C:\Users\Noah7\AppData\Roaming\ModrinthApp\meta\libraries\org\lwjgl\lwjgl\3.3.3\lwjgl-3.3.3-natives-windows.jar;C:\Users\Noah7\AppData\Roaming\ModrinthApp\meta\libraries\org\lwjgl\lwjgl\3.3.3\lwjgl-3.3.3-natives-windows-arm64.jar;C:\Users\Noah7\AppData\Roaming\ModrinthApp\meta\libraries\org\lwjgl\lwjgl\3.3.3\lwjgl-3.3.3-natives-windows-x86.jar;C:\Users\Noah7\AppData\Roaming\ModrinthApp\meta\libraries\org\lz4\lz4-java\1.8.0\lz4-java-1.8.0.jar;C:\Users\Noah7\AppData\Roaming\ModrinthApp\meta\libraries\net\neoforged\fancymodloader\earlydisplay\4.0.42\earlydisplay-4.0.42.jar;C:\Users\Noah7\AppData\Roaming\ModrinthApp\meta\libraries\net\neoforged\fancymodloader\loader\4.0.42\loader-4.0.42.jar;C:\Users\Noah7\AppData\Roaming\ModrinthApp\meta\libraries\net\neoforged\accesstransformers\at-modlauncher\10.0.1\at-modlauncher-10.0.1.jar;C:\Users\Noah7\AppData\Roaming\ModrinthApp\meta\libraries\net\neoforged\accesstransformers\10.0.1\accesstransformers-10.0.1.jar;C:\Users\Noah7\AppData\Roaming\ModrinthApp\meta\libraries\net\neoforged\bus\8.0.5\bus-8.0.5.jar;C:\Users\Noah7\AppData\Roaming\ModrinthApp\meta\libraries\net\neoforged\coremods\7.0.3\coremods-7.0.3.jar;C:\Users\Noah7\AppData\Roaming\ModrinthApp\meta\libraries\cpw\mods\modlauncher\11.0.5\modlauncher-11.0.5.jar;C:\Users\Noah7\AppData\Roaming\ModrinthApp\meta\libraries\net\neoforged\mergetool\2.0.0\mergetool-2.0.0-api.jar;C:\Users\Noah7\AppData\Roaming\ModrinthApp\meta\libraries\com\electronwill\night-config\toml\3.8.3\toml-3.8.3.jar;C:\Users\Noah7\AppData\Roaming\ModrinthApp\meta\libraries\com\electronwill\night-config\core\3.8.3\core-3.8.3.jar;C:\Users\Noah7\AppData\Roaming\ModrinthApp\meta\libraries\net\neoforged\JarJarSelector\0.4.1\JarJarSelector-0.4.1.jar;C:\Users\Noah7\AppData\Roaming\ModrinthApp\meta\libraries\net\neoforged\JarJarMetadata\0.4.1\JarJarMetadata-0.4.1.jar;C:\Users\Noah7\AppData\Roaming\ModrinthApp\meta\libraries\org\apache\maven\maven-artifact\3.8.5\maven-artifact-3.8.5.jar;C:\Users\Noah7\AppData\Roaming\ModrinthApp\meta\libraries\net\jodah\typetools\0.6.3\typetools-0.6.3.jar;C:\Users\Noah7\AppData\Roaming\ModrinthApp\meta\libraries\net\minecrell\terminalconsoleappender\1.3.0\terminalconsoleappender-1.3.0.jar;C:\Users\Noah7\AppData\Roaming\ModrinthApp\meta\libraries\net\fabricmc\sponge-mixin\0.15.2+mixin.0.8.7\sponge-mixin-0.15.2+mixin.0.8.7.jar;C:\Users\Noah7\AppData\Roaming\ModrinthApp\meta\libraries\org\openjdk\nashorn\nashorn-core\15.4\nashorn-core-15.4.jar;C:\Users\Noah7\AppData\Roaming\ModrinthApp\meta\libraries\org\apache\commons\commons-lang3\3.14.0\commons-lang3-3.14.0.jar;C:\Users\Noah7\AppData\Roaming\ModrinthApp\meta\libraries\cpw\mods\bootstraplauncher\2.0.2\bootstraplauncher-2.0.2.jar;C:\Users\Noah7\AppData\Roaming\ModrinthApp\meta\libraries\cpw\mods\securejarhandler\3.0.8\securejarhandler-3.0.8.jar;C:\Users\Noah7\AppData\Roaming\ModrinthApp\meta\libraries\org\ow2\asm\asm-commons\9.8\asm-commons-9.8.jar;C:\Users\Noah7\AppData\Roaming\ModrinthApp\meta\libraries\org\ow2\asm\asm-util\9.8\asm-util-9.8.jar;C:\Users\Noah7\AppData\Roaming\ModrinthApp\meta\libraries\org\ow2\asm\asm-analysis\9.8\asm-analysis-9.8.jar;C:\Users\Noah7\AppData\Roaming\ModrinthApp\meta\libraries\org\ow2\asm\asm-tree\9.8\asm-tree-9.8.jar;C:\Users\Noah7\AppData\Roaming\ModrinthApp\meta\libraries\org\ow2\asm\asm\9.8\asm-9.8.jar;C:\Users\Noah7\AppData\Roaming\ModrinthApp\meta\libraries\net\neoforged\JarJarFileSystems\0.4.1\JarJarFileSystems-0.4.1.jar;C:\Users\Noah7\AppData\Roaming\ModrinthApp\meta\libraries\net\sf\jopt-simple\jopt-simple\5.0.4\jopt-simple-5.0.4.jar;C:\Users\Noah7\AppData\Roaming\ModrinthApp\meta\libraries\org\slf4j\slf4j-api\2.0.9\slf4j-api-2.0.9.jar;C:\Users\Noah7\AppData\Roaming\ModrinthApp\meta\libraries\org\antlr\antlr4-runtime\4.13.1\antlr4-runtime-4.13.1.jar;C:\Users\Noah7\AppData\Roaming\ModrinthApp\meta\libraries\com\mojang\logging\1.2.7\logging-1.2.7.jar;C:\Users\Noah7\AppData\Roaming\ModrinthApp\meta\libraries\org\apache\logging\log4j\log4j-slf4j2-impl\2.22.1\log4j-slf4j2-impl-2.22.1.jar;C:\Users\Noah7\AppData\Roaming\ModrinthApp\meta\libraries\org\apache\logging\log4j\log4j-core\2.22.1\log4j-core-2.22.1.jar;C:\Users\Noah7\AppData\Roaming\ModrinthApp\meta\libraries\org\apache\logging\log4j\log4j-api\2.22.1\log4j-api-2.22.1.jar;C:\Users\Noah7\AppData\Roaming\ModrinthApp\meta\libraries\org\jline\jline-reader\3.20.0\jline-reader-3.20.0.jar;C:\Users\Noah7\AppData\Roaming\ModrinthApp\meta\libraries\org\jline\jline-terminal\3.20.0\jline-terminal-3.20.0.jar;C:\Users\Noah7\AppData\Roaming\ModrinthApp\meta\libraries\commons-io\commons-io\2.15.1\commons-io-2.15.1.jar;C:\Users\Noah7\AppData\Roaming\ModrinthApp\meta\libraries\net\minecraftforge\srgutils\0.4.15\srgutils-0.4.15.jar;C:\Users\Noah7\AppData\Roaming\ModrinthApp\meta\libraries\com\google\guava\guava\32.1.2-jre\guava-32.1.2-jre.jar;C:\Users\Noah7\AppData\Roaming\ModrinthApp\meta\libraries\com\google\guava\failureaccess\1.0.1\failureaccess-1.0.1.jar;C:\Users\Noah7\AppData\Roaming\ModrinthApp\meta\libraries\com\google\guava\listenablefuture\9999.0-empty-to-avoid-conflict-with-guava\listenablefuture-9999.0-empty-to-avoid-conflict-with-guava.jar;C:\Users\Noah7\AppData\Roaming\ModrinthApp\meta\libraries\com\google\code\findbugs\jsr305\3.0.2\jsr305-3.0.2.jar;C:\Users\Noah7\AppData\Roaming\ModrinthApp\meta\libraries\org\checkerframework\checker-qual\3.33.0\checker-qual-3.33.0.jar;C:\Users\Noah7\AppData\Roaming\ModrinthApp\meta\libraries\com\google\errorprone\error_prone_annotations\2.18.0\error_prone_annotations-2.18.0.jar;C:\Users\Noah7\AppData\Roaming\ModrinthApp\meta\libraries\com\google\j2objc\j2objc-annotations\2.8\j2objc-annotations-2.8.jar;C:\Users\Noah7\AppData\Roaming\ModrinthApp\meta\libraries\com\google\code\gson\gson\2.10.1\gson-2.10.1.jar;C:\Users\Noah7\AppData\Roaming\ModrinthApp\meta\libraries\org\codehaus\plexus\plexus-utils\3.3.0\plexus-utils-3.3.0.jar;C:\Users\Noah7\AppData\Roaming\ModrinthApp\meta\libraries\com\machinezoo\noexception\noexception\1.7.1\noexception-1.7.1.jar
Launcher Type: SUN_STANDARD

[Global flags]
     intx CICompilerCount                          = 12                                        {product} {ergonomic}
    ccstr HeapDumpPath                             = MojangTricksIntelDriversForPerformance_javaw.exe_minecraft.exe.heapdump         {manageable} {command line}
   size_t InitialHeapSize                          = 805306368                                 {product} {ergonomic}
   size_t MaxHeapSize                              = 34359738368                               {product} {command line}
   size_t MinHeapDeltaBytes                        = 2097152                                   {product} {ergonomic}
   size_t MinHeapSize                              = 8388608                                   {product} {ergonomic}
    uintx NonNMethodCodeHeapSize                   = 7602480                                {pd product} {ergonomic}
    uintx NonProfiledCodeHeapSize                  = 122027880                              {pd product} {ergonomic}
    uintx ProfiledCodeHeapSize                     = 122027880                              {pd product} {ergonomic}
    uintx ReservedCodeCacheSize                    = 251658240                              {pd product} {ergonomic}
     bool SegmentedCodeCache                       = true                                      {product} {ergonomic}
   size_t SoftMaxHeapSize                          = 34359738368                            {manageable} {ergonomic}
     bool UseLargePagesIndividualAllocation        = false                                  {pd product} {ergonomic}
     bool UseZGC                                   = true                                      {product} {command line}
     bool ZGenerational                            = true                                      {product} {command line}

Logging:
Log output configuration:
 #0: stdout all=warning uptime,level,tags foldmultilines=false
 #1: stderr all=off uptime,level,tags foldmultilines=false

Release file:
IMPLEMENTOR="Eclipse Adoptium" 
IMPLEMENTOR_VERSION="Temurin-21.0.10+7" 
JAVA_RUNTIME_VERSION="21.0.10+7-LTS" 
JAVA_VERSION="21.0.10" 
JAVA_VERSION_DATE="2026-01-20" 
LIBC="default" 
MODULES="java.base java.compiler java.datatransfer java.xml java.prefs java.desktop java.instrument java.logging java.management java.security.sasl java.naming java.rmi java.management.rmi java.net.http java.scripting java.security.jgss java.transaction.xa java.sql java.sql.rowset java.xml.crypto java.se java.smartcardio jdk.accessibility jdk.internal.jvmstat jdk.attach jdk.charsets jdk.internal.opt jdk.zipfs jdk.compiler jdk.crypto.ec jdk.crypto.cryptoki jdk.crypto.mscapi jdk.dynalink jdk.internal.ed jdk.editpad jdk.hotspot.agent jdk.httpserver jdk.incubator.vector jdk.internal.le jdk.internal.vm.ci jdk.internal.vm.compiler jdk.internal.vm.compiler.management jdk.jartool jdk.javadoc jdk.jcmd jdk.management jdk.management.agent jdk.jconsole jdk.jdeps jdk.jdwp.agent jdk.jdi jdk.jfr jdk.jlink jdk.jpackage jdk.jshell jdk.jsobject jdk.jstatd jdk.localedata jdk.management.jfr jdk.naming.dns jdk.naming.rmi jdk.net jdk.nio.mapmode jdk.random jdk.sctp jdk.security.auth jdk.security.jgss jdk.unsupported jdk.unsupported.desktop jdk.xml.dom" 
OS_ARCH="x86_64" 
OS_NAME="Windows" 
SOURCE=".:git:a633eafe0fcc" 
BUILD_SOURCE="git:458965074606f027bd5afce2cfd5c1055dea0438"
BUILD_SOURCE_REPO="https://github.com/adoptium/temurin-build.git"
SOURCE_REPO="https://github.com/adoptium/jdk21u.git"
FULL_VERSION="21.0.10+7-LTS"
SEMANTIC_VERSION="21.0.10+7"
BUILD_INFO="OS: Windows Server 2022 Version: 10.0"
JVM_VARIANT="Hotspot"
JVM_VERSION="21.0.10+7-LTS"
IMAGE_TYPE="JDK"

Environment Variables:
PATH=C:\Program Files\Eclipse Adoptium\jdk-21.0.10.7-hotspot\bin;C:\Program Files\Eclipse Adoptium\jdk-25.0.2.10-hotspot\bin;C:\Windows\system32;C:\Windows;C:\Windows\System32\Wbem;C:\Windows\System32\WindowsPowerShell\v1.0\;C:\Windows\System32\OpenSSH\;C:\WINDOWS\system32;C:\WINDOWS;C:\WINDOWS\System32\Wbem;C:\WINDOWS\System32\WindowsPowerShell\v1.0\;C:\WINDOWS\System32\OpenSSH\;C:\WINDOWS\AtlasModules;C:\WINDOWS\AtlasModules\Tools;C:\WINDOWS\AtlasModules\Scripts;C:\Program Files\Git\cmd;C:\WINDOWS\system32;C:\WINDOWS;C:\WINDOWS\System32\Wbem;C:\WINDOWS\System32\WindowsPowerShell\v1.0\;C:\WINDOWS\System32\OpenSSH\;C:\Program Files\Git LFS;C:\Users\Noah7\AppData\Local\Microsoft\WindowsApps;
USERNAME=Noah7
OS=Windows_NT
PROCESSOR_IDENTIFIER=AMD64 Family 23 Model 113 Stepping 0, AuthenticAMD
TMP=C:\Users\Noah7\AppData\Local\Temp
TEMP=C:\Users\Noah7\AppData\Local\Temp




Periodic native trim disabled

---------------  S Y S T E M  ---------------

OS:
 Windows 11 , 64 bit Build 26100 (10.0.26100.8521)
OS uptime: 0 days 4:07 hours

CPU: total 16 (initial active 16) (16 cores per cpu, 2 threads per core) family 23 model 113 stepping 0 microcode 0x8701033, cx8, cmov, fxsr, ht, mmx, 3dnowpref, sse, sse2, sse3, ssse3, sse4a, sse4.1, sse4.2, popcnt, lzcnt, tsc, tscinvbit, avx, avx2, aes, clmul, bmi1, bmi2, adx, sha, fma, vzeroupper, clflush, clflushopt, rdtscp, rdpid, f16c
Processor Information for the first 16 processors :
  Max Mhz: 3600, Current Mhz: 3600, Mhz Limit: 3600

Memory: 4k page, system-wide physical 49041M (4385M free)
TotalPageFile size 56465M (AvailPageFile size 2917M)
current process WorkingSet (physical memory assigned to process): 33757M, peak: 35749M
current process commit charge ("private bytes"): 6274M, peak: 6467M

vm_info: OpenJDK 64-Bit Server VM (21.0.10+7-LTS) for windows-amd64 JRE (21.0.10+7-LTS), built on 2026-01-20T00:00:00Z by "admin" with MS VC++ 17.12 (VS2022)

END.
