#
# A fatal error has been detected by the Java Runtime Environment:
#
#  EXCEPTION_ACCESS_VIOLATION (0xc0000005) at pc=0x00007ffbafa00f57, pid=15028, tid=2436
#
# JRE version: OpenJDK Runtime Environment Temurin-25.0.2+10 (25.0.2+10) (build 25.0.2+10-LTS)
# Java VM: OpenJDK 64-Bit Server VM Temurin-25.0.2+10 (25.0.2+10-LTS, mixed mode, sharing, tiered, compressed class ptrs, g1 gc, windows-amd64)
# Problematic frame:
# C  [atio6axx.dll+0xa50f57]
#
# No core dump will be written. Minidumps are not enabled by default on client versions of Windows
#
# If you would like to submit a bug report, please visit:
#   https://github.com/adoptium/adoptium-support/issues
# The crash happened outside the Java Virtual Machine in native code.
# See problematic frame for where to report the bug.
#

---------------  S U M M A R Y ------------

Command Line: -XX:HeapDumpPath=MojangTricksIntelDriversForPerformance_javaw.exe_minecraft.exe.heapdump -Djava.library.path=C:\Users\Noah7\AppData\Roaming\ModrinthApp\meta\natives\1.21.1-21.1.233 -Djna.tmpdir=C:\Users\Noah7\AppData\Roaming\ModrinthApp\meta\natives\1.21.1-21.1.233 -Dorg.lwjgl.system.SharedLibraryExtractPath=C:\Users\Noah7\AppData\Roaming\ModrinthApp\meta\natives\1.21.1-21.1.233 -Dio.netty.native.workdir=C:\Users\Noah7\AppData\Roaming\ModrinthApp\meta\natives\1.21.1-21.1.233 -Dminecraft.launcher.brand=theseus -Dminecraft.launcher.version=0.14.8 -Djava.net.preferIPv6Addresses=system -DignoreList=client-extra,1.21.1-21.1.233.jar -DlibraryDirectory=C:\Users\Noah7\AppData\Roaming\ModrinthApp\meta\libraries --module-path=C:\Users\Noah7\AppData\Roaming\ModrinthApp\meta\libraries/cpw/mods/bootstraplauncher/2.0.2/bootstraplauncher-2.0.2.jar;C:\Users\Noah7\AppData\Roaming\ModrinthApp\meta\libraries/cpw/mods/securejarhandler/3.0.8/securejarhandler-3.0.8.jar;C:\Users\Noah7\AppData\Roaming\ModrinthApp\meta\libraries/org/ow2/asm/asm-commons/9.8/asm-commons-9.8.jar;C:\Users\Noah7\AppData\Roaming\ModrinthApp\meta\libraries/org/ow2/asm/asm-util/9.8/asm-util-9.8.jar;C:\Users\Noah7\AppData\Roaming\ModrinthApp\meta\libraries/org/ow2/asm/asm-analysis/9.8/asm-analysis-9.8.jar;C:\Users\Noah7\AppData\Roaming\ModrinthApp\meta\libraries/org/ow2/asm/asm-tree/9.8/asm-tree-9.8.jar;C:\Users\Noah7\AppData\Roaming\ModrinthApp\meta\libraries/org/ow2/asm/asm/9.8/asm-9.8.jar;C:\Users\Noah7\AppData\Roaming\ModrinthApp\meta\libraries/net/neoforged/JarJarFileSystems/0.4.1/JarJarFileSystems-0.4.1.jar --add-modules=ALL-MODULE-PATH --add-opens=java.base/java.util.jar=cpw.mods.securejarhandler --add-opens=java.base/java.lang.invoke=cpw.mods.securejarhandler --add-exports=java.base/sun.security.util=cpw.mods.securejarhandler --add-exports=jdk.naming.dns/com.sun.jndi.dns=java.naming -Xmx32768M -Dlog4j.configurationFile=C:\Users\Noah7\AppData\Roaming\ModrinthApp\meta\log_configs\client-1.12.xml -javaagent:C:\Users\Noah7\AppData\Local\Temp\.tmpYLIfRq\theseus.jar -Dmodrinth.internal.ipc.host=127.0.0.1 -Dmodrinth.internal.ipc.port=63417 -Dmodrinth.internal.quickPlay.serverVersion=BUILTIN --add-opens=java.base/java.lang.reflect=ALL-UNNAMED --add-opens=jdk.internal/jdk.internal.misc=ALL-UNNAMED com.modrinth.theseus.MinecraftLaunch cpw.mods.bootstraplauncher.BootstrapLauncher --username IvqryDev --version 1.21.1 --gameDir C:\Users\Noah7\AppData\Roaming\ModrinthApp\profiles\Starfell - RoTVK --assetsDir C:\Users\Noah7\AppData\Roaming\ModrinthApp\meta\assets --assetIndex 17 --uuid 287f126b38ec4da68a032f4b238d2819 --accessToken eyJraWQiOiIwNDkxODEiLCJhbGciOiJSUzI1NiJ9.eyJ4dWlkIjoiMjUzNTQwODE0NzQ0Mzk0OSIsImFnZyI6IkFkdWx0Iiwic3ViIjoiNTZiYWYxY2ItYWE3MC00YWMwLWJhMDMtODMzNTNlNmFjYmE1IiwiYXV0aCI6IlhCT1giLCJwZmlkIjoiQjg0RUJCRkYwRDI1QkQwQSIsIm5zIjoiZGVmYXVsdCIsInJvbGVzIjpbXSwiaXNzIjoiYXV0aGVudGljYXRpb24iLCJmbGFncyI6WyJtdWx0aXBsYXllciJdLCJwcm9maWxlcyI6eyJtYyI6IjI4N2YxMjZiLTM4ZWMtNGRhNi04YTAzLTJmNGIyMzhkMjgxOSJ9LCJtaWQiOiJCODRFQkJGRjBEMjVCRDBBIiwicG1pZCI6IjJiMGZiMzUxLTFmMDctNTA0MS1iMzViLWVjNTFiNDE1NmMyZSIsInBsYXRmb3JtIjoiUENfTEFVTkNIRVIiLCJ0aWQiOiJFOTlCMCIsInBmZCI6W3sidHlwZSI6Im1jIiwiaWQiOiIyODdmMTI2Yi0zOGVjLTRkYTYtOGEwMy0yZjRiMjM4ZDI4MTkiLCJuYW1lIjoiSXZxcnlEZXYifV0sInhpZCI6IjI1MzU0MDgxNDc0NDM5NDkiLCJuYmYiOjE3ODIwMzIyMzcsImV4cCI6MTc4MjExODYzNywiaWF0IjoxNzgyMDMyMjM3LCJhaWQiOiIwMDAwMDAwMC0wMDAwLTAwMDAtMDAwMC0wMDAwNDAyYjUzMjgifQ.eSE2dtiDkCBCGWw6EQTb3LVf-xvdPjkv5BFwEaTG-PAgQ60xlNrxB3pZl9g8dqTOtEAyqICkgLdofnWdfqRkzuJQzZmByZXa3wdxBUt8g2MNrBE4p4KteH3U4OorPib5n-LIjbIOijvSW9DWtoM2nv-V3f4gbIc64n-TLt3Im6in_dAMafsX4TPg5-LPyuf9zgJneXbBa-fUnfWImQGNU61kkRyVPyx_ro9cuvM7XAxDwiRWooLT2Gu7B7i9MRYp24ksFwXLarF7Av8Y27Sqo-dSbEBTXN-y5c-s3tk9V2QSF_IR9nwDpy7Y38Jq14Aid1NDo882B41aqs-sz5H2pg --clientId c4502edb-87c6-40cb-b595-64a280cf8906 --xuid 0 --userType msa --versionType release --width 854 --height 480 --fml.neoForgeVersion 21.1.233 --fml.fmlVersion 4.0.42 --fml.mcVersion 1.21.1 --fml.neoFormVersion 20240808.144430 --launchTarget forgeclient

Host: AMD Ryzen 7 3700X 8-Core Processor             , 16 cores, 47G,  Windows 11 , 64 bit Build 26100 (10.0.26100.8521)
Time: Sun Jun 21 07:53:16 2026 Central Daylight Time elapsed time: 935.565409 seconds (0d 0h 15m 35s)

---------------  T H R E A D  ---------------

Current thread (0x00000287c00c9af0):  JavaThread "Render thread"        [_thread_in_native, id=2436, stack(0x000000eef7a00000,0x000000eef7b00000) (1024K)]

Stack: [0x000000eef7a00000,0x000000eef7b00000],  sp=0x000000eef7afd090,  free space=1012k
Native frames: (J=compiled Java code, j=interpreted, Vv=VM code, C=native code)
C  [atio6axx.dll+0xa50f57]  (no source info available)
C  [atio6axx.dll+0xa539a0]  (no source info available)
C  [atio6axx.dll+0x94b8ba]  (no source info available)
C  [atio6axx.dll+0xa3dec2]  (no source info available)
C  [atio6axx.dll+0x7edb8b]  (no source info available)
C  [atio6axx.dll+0x7ed404]  (no source info available)
C  [lwjgl_opengl.dll+0xcae9]  (no source info available)
C  0x00000287cf696026  (no source info available)

The last pc belongs to native nmethod (printed below).
Java frames: (J=compiled Java code, j=interpreted, Vv=VM code)
J 71827  org.lwjgl.opengl.GL11C.nglReadPixels(IIIIIIJ)V org.lwjgl.opengl@3.3.3+5 (0 bytes) @ 0x00000287cf695fed [0x00000287cf695f80+0x000000000000006d]
J 80364 c1 org.lwjgl.opengl.GL11C.glReadPixels(IIIIIILjava/nio/ByteBuffer;)V org.lwjgl.opengl@3.3.3+5 (17 bytes) @ 0x00000287c7c5fb54 [0x00000287c7c5f780+0x00000000000003d4]
J 65653 c2 net.minecraft.client.renderer.entity.ItemRenderer.shadowdrop$isInSlot(III)Z minecraft@1.21.1 (366 bytes) @ 0x00000287ce5bc5e0 [0x00000287ce5bc080+0x0000000000000560]
J 86280 c2 net.minecraft.client.renderer.entity.ItemRenderer.handler$fll000$shadowdrop$renderShadow(Lnet/minecraft/world/item/ItemStack;Lnet/minecraft/world/item/ItemDisplayContext;ZLcom/mojang/blaze3d/vertex/PoseStack;Lnet/minecraft/client/renderer/MultiBufferSource;IILnet/minecraft/client/resources/model/BakedModel;Lorg/spongepowered/asm/mixin/injection/callback/CallbackInfo;)V minecraft@1.21.1 (780 bytes) @ 0x00000287ce711000 [0x00000287ce710d20+0x00000000000002e0]
J 85877 c2 net.minecraft.client.renderer.entity.ItemRenderer.render(Lnet/minecraft/world/item/ItemStack;Lnet/minecraft/world/item/ItemDisplayContext;ZLcom/mojang/blaze3d/vertex/PoseStack;Lnet/minecraft/client/renderer/MultiBufferSource;IILnet/minecraft/client/resources/model/BakedModel;)V minecraft@1.21.1 (718 bytes) @ 0x00000287ced37284 [0x00000287ced371a0+0x00000000000000e4]
J 87900 c2 net.minecraft.client.gui.Gui.renderSlot(Lnet/minecraft/client/gui/GuiGraphics;IILnet/minecraft/client/DeltaTracker;Lnet/minecraft/world/entity/player/Player;Lnet/minecraft/world/item/ItemStack;I)V minecraft@1.21.1 (146 bytes) @ 0x00000287cfcb51e0 [0x00000287cfcb43c0+0x0000000000000e20]
J 69199 c2 net.minecraft.client.gui.Gui.renderItemHotbar(Lnet/minecraft/client/gui/GuiGraphics;Lnet/minecraft/client/DeltaTracker;)V minecraft@1.21.1 (593 bytes) @ 0x00000287cddcecd4 [0x00000287cddcde20+0x0000000000000eb4]
J 71730 c2 net.minecraft.client.gui.Gui$$Lambda+0x000000009a0e8690.render(Lnet/minecraft/client/gui/GuiGraphics;Lnet/minecraft/client/DeltaTracker;)V minecraft@1.21.1 (10 bytes) @ 0x00000287cfc97970 [0x00000287cfc97900+0x0000000000000070]
J 65784 c2 net.neoforged.neoforge.client.gui.GuiLayerManager$$Lambda+0x000000009a0e8f50.render(Lnet/minecraft/client/gui/GuiGraphics;Lnet/minecraft/client/DeltaTracker;)V neoforge@21.1.233 (14 bytes) @ 0x00000287ce8ef274 [0x00000287ce8ef200+0x0000000000000074]
J 67868 c2 net.neoforged.neoforge.client.gui.GuiLayerManager.renderInner(Lnet/minecraft/client/gui/GuiGraphics;Lnet/minecraft/client/DeltaTracker;)V neoforge@21.1.233 (135 bytes) @ 0x00000287ce96ba58 [0x00000287ce96b720+0x0000000000000338]
J 83376 c2 net.minecraft.client.gui.Gui$$Lambda+0x000000009b4286d0.call([Ljava/lang/Object;)Ljava/lang/Object; minecraft@1.21.1 (9 bytes) @ 0x00000287ce10d544 [0x00000287ce10d000+0x0000000000000544]
J 83436 c2 net.minecraft.client.gui.Gui.wrapMethod$kag000$melancholic_hunger$replaceDrawContext(Lnet/minecraft/client/gui/GuiGraphics;Lnet/minecraft/client/DeltaTracker;Lcom/llamalad7/mixinextras/injector/wrapoperation/Operation;)V minecraft@1.21.1 (141 bytes) @ 0x00000287cf6cbc3c [0x00000287cf6cb6a0+0x000000000000059c]
J 72114 c2 net.minecraft.client.gui.Gui.render(Lnet/minecraft/client/gui/GuiGraphics;Lnet/minecraft/client/DeltaTracker;)V minecraft@1.21.1 (13 bytes) @ 0x00000287cda8c39c [0x00000287cda8c300+0x000000000000009c]
J 73882 c2 net.minecraft.client.renderer.GameRenderer.render(Lnet/minecraft/client/DeltaTracker;Z)V minecraft@1.21.1 (1138 bytes) @ 0x00000287cfc4ad84 [0x00000287cfc48ce0+0x00000000000020a4]
J 70079 c2 net.minecraft.client.Minecraft.runTick(Z)V minecraft@1.21.1 (1180 bytes) @ 0x00000287cf1dffec [0x00000287cf1debc0+0x000000000000142c]
J 75715% c1 net.minecraft.client.Minecraft.run()V minecraft@1.21.1 (259 bytes) @ 0x00000287c5f7075c [0x00000287c5f6e500+0x000000000000225c]
j  net.minecraft.client.main.Main.main([Ljava/lang/String;)V+1612 minecraft@1.21.1
j  java.lang.invoke.LambdaForm$DMH+0x0000000097045800.invokeStatic(Ljava/lang/Object;Ljava/lang/Object;)V+10 java.base@25.0.2
j  java.lang.invoke.LambdaForm$MH+0x0000000097060c00.invoke(Ljava/lang/Object;Ljava/lang/Object;Ljava/lang/Object;)Ljava/lang/Object;+33 java.base@25.0.2
j  java.lang.invoke.Invokers$Holder.invokeExact_MT(Ljava/lang/Object;Ljava/lang/Object;Ljava/lang/Object;Ljava/lang/Object;)Ljava/lang/Object;+20 java.base@25.0.2
j  jdk.internal.reflect.DirectMethodHandleAccessor.invokeImpl(Ljava/lang/Object;[Ljava/lang/Object;)Ljava/lang/Object;+55 java.base@25.0.2
j  jdk.internal.reflect.DirectMethodHandleAccessor.invoke(Ljava/lang/Object;[Ljava/lang/Object;)Ljava/lang/Object;+23 java.base@25.0.2
j  java.lang.reflect.Method.invoke(Ljava/lang/Object;[Ljava/lang/Object;)Ljava/lang/Object;+102 java.base@25.0.2
j  net.neoforged.fml.loading.targets.CommonLaunchHandler.runTarget(Ljava/lang/String;[Ljava/lang/String;Ljava/lang/ModuleLayer;)V+42 fml_loader@4.0.42
j  net.neoforged.fml.loading.targets.CommonLaunchHandler.clientService([Ljava/lang/String;Ljava/lang/ModuleLayer;)V+6 fml_loader@4.0.42
j  net.neoforged.fml.loading.targets.CommonClientLaunchHandler.runService([Ljava/lang/String;Ljava/lang/ModuleLayer;)V+3 fml_loader@4.0.42
j  net.neoforged.fml.loading.targets.CommonLaunchHandler.lambda$launchService$4([Ljava/lang/String;Ljava/lang/ModuleLayer;)V+3 fml_loader@4.0.42
j  net.neoforged.fml.loading.targets.CommonLaunchHandler$$Lambda+0x0000000097499010.run()V+12 fml_loader@4.0.42
j  cpw.mods.modlauncher.LaunchServiceHandlerDecorator.launch([Ljava/lang/String;Ljava/lang/ModuleLayer;)V+11 cpw.mods.modlauncher@11.0.5
j  cpw.mods.modlauncher.LaunchServiceHandler.launch(Ljava/lang/String;[Ljava/lang/String;Ljava/lang/ModuleLayer;Lcpw/mods/modlauncher/TransformingClassLoader;Lcpw/mods/modlauncher/LaunchPluginHandler;)V+58 cpw.mods.modlauncher@11.0.5
j  cpw.mods.modlauncher.LaunchServiceHandler.launch(Lcpw/mods/modlauncher/ArgumentHandler;Ljava/lang/ModuleLayer;Lcpw/mods/modlauncher/TransformingClassLoader;Lcpw/mods/modlauncher/LaunchPluginHandler;)V+21 cpw.mods.modlauncher@11.0.5
j  cpw.mods.modlauncher.Launcher.run([Ljava/lang/String;)V+288 cpw.mods.modlauncher@11.0.5
j  cpw.mods.modlauncher.Launcher.main([Ljava/lang/String;)V+123 cpw.mods.modlauncher@11.0.5
j  cpw.mods.modlauncher.BootstrapLaunchConsumer.accept([Ljava/lang/String;)V+1 cpw.mods.modlauncher@11.0.5
j  cpw.mods.modlauncher.BootstrapLaunchConsumer.accept(Ljava/lang/Object;)V+5 cpw.mods.modlauncher@11.0.5
j  cpw.mods.bootstraplauncher.BootstrapLauncher.run(Z[Ljava/lang/String;)V+703 cpw.mods.bootstraplauncher@2.0.2
j  cpw.mods.bootstraplauncher.BootstrapLauncher.main([Ljava/lang/String;)V+2 cpw.mods.bootstraplauncher@2.0.2
j  java.lang.invoke.LambdaForm$DMH+0x0000000097045800.invokeStatic(Ljava/lang/Object;Ljava/lang/Object;)V+10 java.base@25.0.2
j  java.lang.invoke.LambdaForm$MH+0x0000000097060c00.invoke(Ljava/lang/Object;Ljava/lang/Object;Ljava/lang/Object;)Ljava/lang/Object;+33 java.base@25.0.2
j  java.lang.invoke.Invokers$Holder.invokeExact_MT(Ljava/lang/Object;Ljava/lang/Object;Ljava/lang/Object;Ljava/lang/Object;)Ljava/lang/Object;+20 java.base@25.0.2
j  jdk.internal.reflect.DirectMethodHandleAccessor.invokeImpl(Ljava/lang/Object;[Ljava/lang/Object;)Ljava/lang/Object;+55 java.base@25.0.2
j  jdk.internal.reflect.DirectMethodHandleAccessor.invoke(Ljava/lang/Object;[Ljava/lang/Object;)Ljava/lang/Object;+23 java.base@25.0.2
j  java.lang.reflect.Method.invoke(Ljava/lang/Object;[Ljava/lang/Object;)Ljava/lang/Object;+102 java.base@25.0.2
j  com.modrinth.theseus.MinecraftLaunch.relaunch(Ljava/lang/String;[Ljava/lang/String;)V+138
j  com.modrinth.theseus.MinecraftLaunch.main([Ljava/lang/String;)V+90
v  ~StubRoutines::call_stub 0x00000287cd3412df

siginfo: EXCEPTION_ACCESS_VIOLATION (0xc0000005), reading address 0x0000000000000050


Registers:
RAX=0x0000000000000000, RBX=0x0000000000000001, RCX=0x652cb2bae70e0000, RDX=0x0000000000000000
RSP=0x000000eef7afd090, RBP=0x000000eef7afd190, RSI=0x000000eef7afd310, RDI=0x0000000000000000
R8 =0x00000287bd8f9880, R9 =0x00007ffbaf1d5140, R10=0x00000287bd8d0000, R11=0x0000000000000000
R12=0x000000eef7afd2e8, R13=0x000000eef7afd2d0, R14=0x000000eef7afd2d8, R15=0x00000287bcc32080
RIP=0x00007ffbafa00f57, EFLAGS=0x0000000000010246

XMM[0]=0x0000000000000000 0x0000000000000000
XMM[1]=0x0000000000000000 0x0000000000000000
XMM[2]=0x0000000000000000 0x0000000000000000
XMM[3]=0x0000000000000000 0x0000000000000000
XMM[4]=0x0000000000000000 0x0000000000000000
XMM[5]=0x0000000000000000 0x0000000000000000
XMM[6]=0x0000000000000000 0x0000000080000000
XMM[7]=0x0000000000000000 0x0000000080000000
XMM[8]=0x0000000000000000 0x0000000080000000
XMM[9]=0x0000000000000000 0x0000000000000000
XMM[10]=0x0000000000000000 0x0000000000000000
XMM[11]=0x0000000000000000 0x0000000000000000
XMM[12]=0x0000000000000000 0x0000000041800000
XMM[13]=0x0000000000000000 0x0000000044010000
XMM[14]=0x0000000000000000 0x0000000043c80000
XMM[15]=0x0000000000000000 0x0000000044a8c000
  MXCSR=0x00001fbf


Register to memory mapping:

RAX=0x0 is null
RBX=0x0000000000000001 is an unknown value
RCX=0x652cb2bae70e0000 is an unknown value
RDX=0x0 is null
RSP=0x000000eef7afd090 is pointing into the stack for thread: 0x00000287c00c9af0
RBP=0x000000eef7afd190 is pointing into the stack for thread: 0x00000287c00c9af0
RSI=0x000000eef7afd310 is pointing into the stack for thread: 0x00000287c00c9af0
RDI=0x0 is null
R8 =0x00000287bd8f9880 points into unknown readable memory: 0x00000287bd8d0d20 | 20 0d 8d bd 87 02 00 00
R9 =0x00007ffbaf1d5140 atio6axx.dll
R10=0x00000287bd8d0000 points into unknown readable memory: 0x0000000000000000 | 00 00 00 00 00 00 00 00
R11=0x0 is null
R12=0x000000eef7afd2e8 is pointing into the stack for thread: 0x00000287c00c9af0
R13=0x000000eef7afd2d0 is pointing into the stack for thread: 0x00000287c00c9af0
R14=0x000000eef7afd2d8 is pointing into the stack for thread: 0x00000287c00c9af0
R15=0x00000287bcc32080 points into unknown readable memory: 0x00007ffbb201c230 | 30 c2 01 b2 fb 7f 00 00

Top of Stack: (sp=0x000000eef7afd090)
0x000000eef7afd090:   000000eef7afd2d0 00007ffbafa826c3   .........&......
0x000000eef7afd0a0:   0000028fda136d70 0000028fda136d70   pm......pm......
0x000000eef7afd0b0:   0000028fda136d70 0000000000000000   pm..............
0x000000eef7afd0c0:   91f5d45746c9a0f1 0000000000000000   ...FW...........
0x000000eef7afd0d0:   91f5d45746c9a0f1 b4f4720cca6a05d6   ...FW.....j..r..
0x000000eef7afd0e0:   3a536dc77db20938 52bc33fedbe4cbb5   8..}.mS:.....3.R
0x000000eef7afd0f0:   00000287b5189d38 00007ffbafa84340   8.......@C......
0x000000eef7afd100:   0040000000000002 0000000000400000   ......@...@.....
0x000000eef7afd110:   0000000000000000 52bc33fedbe4cbb5   .............3.R
0x000000eef7afd120:   0000028fda138e60 0000028fda13b330   `.......0.......
0x000000eef7afd130:   0000000000000000 00007ffbafa82c84   .........,......
0x000000eef7afd140:   000065c24515370e 00007ffbafa03180   .7.E.e...1......
0x000000eef7afd150:   0000000000000000 0000000000000000   ................
0x000000eef7afd160:   00000000fffffffb 0000028fda13b330   ........0.......
0x000000eef7afd170:   000000eef7afd2d0 0000028fda136d70   ........pm......
0x000000eef7afd180:   000000eef7afd210 00007ffbafa82eea   ................
0x000000eef7afd190:   0000000000000000 0000028fda136d01   .........m......
0x000000eef7afd1a0:   0000000000000000 00000287baf999d0   ................
0x000000eef7afd1b0:   0000000000000880 00000287bcc32080   ......... ......
0x000000eef7afd1c0:   0000000000000000 0000000000000004   ................
0x000000eef7afd1d0:   00000287bcd79f18 0000000000000000   ................
0x000000eef7afd1e0:   00000287bc2ab0b8 00007ffbafa00bcb   ..*.............
0x000000eef7afd1f0:   00000287bcd79248 0000000000000090   H...............
0x000000eef7afd200:   0000000000000000 0000028fda13b330   ........0.......
0x000000eef7afd210:   0000000000000004 00007ffbafbef4ed   ................
0x000000eef7afd220:   000000ee00000880 00007ffbafbef39d   ................
0x000000eef7afd230:   000065c24515379e 00007ffbafbef5c5   .7.E.e..........
0x000000eef7afd240:   000000eef7afd580 00000000ffffffff   ................
0x000000eef7afd250:   00000287bcc32080 00000287aab1fcb0   . ..............
0x000000eef7afd260:   0000000000000000 0000000000000000   ................
0x000000eef7afd270:   000000eef7afd380 00007ffbafa039a0   .........9......
0x000000eef7afd280:   0000000000000000 000000eef7afd380   ................

Instructions: (pc=0x00007ffbafa00f57)
  0x00007ffbafa00e57:   5b 5d c3 cc cc cc cc cc cc 48 89 5c 24 20 55 56
  0x00007ffbafa00e67:   57 41 54 41 55 41 56 41 57 48 8d ac 24 50 ff ff
  0x00007ffbafa00e77:   ff 48 81 ec b0 01 00 00 48 8b 05 ba 31 f4 02 48
  0x00007ffbafa00e87:   33 c4 48 89 85 a0 00 00 00 4d 8b e9 4c 8b fa 48
  0x00007ffbafa00e97:   8b 95 18 01 00 00 48 8b b5 20 01 00 00 4c 8b a5
  0x00007ffbafa00ea7:   28 01 00 00 4c 8b b5 30 01 00 00 bb 01 00 00 00
  0x00007ffbafa00eb7:   83 3e 00 0f 85 83 00 00 00 0f 57 c0 0f 11 45 c0
  0x00007ffbafa00ec7:   0f 11 45 d0 0f 11 45 e0 0f 11 45 f0 0f 11 45 00
  0x00007ffbafa00ed7:   0f 11 45 10 0f 11 45 20 0f 11 45 30 49 8b 08 48
  0x00007ffbafa00ee7:   81 c1 50 01 00 00 48 8b 01 4c 8d 45 c0 8b 52 04
  0x00007ffbafa00ef7:   ff 50 30 48 8b 55 34 48 8d 4c 24 60 e8 28 ab ed
  0x00007ffbafa00f07:   ff 0f 10 10 0f 29 55 40 0f 10 40 10 0f 29 45 50
  0x00007ffbafa00f17:   0f 10 48 20 0f 29 4d 60 0f 10 50 30 0f 10 40 40
  0x00007ffbafa00f27:   f2 0f 10 48 50 8b 40 58 66 0f 73 da 04 66 0f 7e
  0x00007ffbafa00f37:   d3 c1 eb 03 45 33 db e9 80 00 00 00 4c 8b ce 4c
  0x00007ffbafa00f47:   8b c2 49 8b d7 e8 ff 38 00 00 45 33 db 41 8b d3
=>0x00007ffbafa00f57:   44 8b 40 50 45 85 c0 74 78 8b 48 54 83 e9 09 3b
  0x00007ffbafa00f67:   cb 76 0d ff c2 48 83 c0 10 41 3b d0 72 eb eb 61
  0x00007ffbafa00f77:   8b 40 5c 48 6b c8 5c 48 8d 05 db 2a 15 03 0f 10
  0x00007ffbafa00f87:   04 01 0f 29 45 40 0f 10 4c 01 10 0f 29 4d 50 0f
  0x00007ffbafa00f97:   10 44 01 20 0f 29 45 60 0f 10 54 01 30 0f 29 55
  0x00007ffbafa00fa7:   70 0f 10 44 01 40 f2 0f 10 4c 01 50 8b 44 01 58
  0x00007ffbafa00fb7:   66 0f 73 da 04 66 0f 7e d3 c1 eb 03 89 85 98 00
  0x00007ffbafa00fc7:   00 00 f2 0f 11 8d 90 00 00 00 0f 29 85 80 00 00
  0x00007ffbafa00fd7:   00 41 b8 04 00 00 00 41 3b d8 44 0f 42 c3 49 8b
  0x00007ffbafa00fe7:   fb 49 8b cb 48 89 4c 24 20 4d 8b 4d 00 49 8b 81
  0x00007ffbafa00ff7:   c8 00 00 00 48 8b 90 b8 00 00 00 48 8b 42 10 49
  0x00007ffbafa01007:   03 81 d0 00 00 00 4c 8b 95 10 01 00 00 49 03 c2
  0x00007ffbafa01017:   33 d2 49 f7 f0 bb ff ff ff ff 48 85 d2 0f 84 9d
  0x00007ffbafa01027:   00 00 00 49 8b b9 d8 00 00 00 49 2b fa 48 39 7e
  0x00007ffbafa01037:   48 48 0f 42 7e 48 41 8b 87 8c a5 00 00 48 89 7c
  0x00007ffbafa01047:   24 28 48 89 44 24 30 c7 44 24 38 10 08 00 00 4c


Stack slot to memory mapping:

stack at sp + 0 slots: 0x000000eef7afd2d0 is pointing into the stack for thread: 0x00000287c00c9af0
stack at sp + 1 slots: 0x00007ffbafa826c3 atio6axx.dll
stack at sp + 2 slots: 0x0000028fda136d70 points into unknown readable memory: 0x00000287b5189d38 | 38 9d 18 b5 87 02 00 00
stack at sp + 3 slots: 0x0000028fda136d70 points into unknown readable memory: 0x00000287b5189d38 | 38 9d 18 b5 87 02 00 00
stack at sp + 4 slots: 0x0000028fda136d70 points into unknown readable memory: 0x00000287b5189d38 | 38 9d 18 b5 87 02 00 00
stack at sp + 5 slots: 0x0 is null
stack at sp + 6 slots: 0x91f5d45746c9a0f1 is an unknown value
stack at sp + 7 slots: 0x0 is null

Lock stack of current Java thread (top to bottom):


Compiled method (n/a) 935820 71827     n 0       org.lwjgl.opengl.GL11C::nglReadPixels (native)
 total in heap  [0x00000287cf695e88,0x00000287cf696110] = 648
 main code      [0x00000287cf695f80,0x00000287cf696103] = 387
 stub code      [0x00000287cf696103,0x00000287cf696108] = 5
 oops           [0x00000287cf696108,0x00000287cf696110] = 8
 mutable data [0x00000290badd1560,0x00000290badd1580] = 32
 relocation     [0x00000290badd1560,0x00000290badd1580] = 32

[Constant Pool (empty)]

[MachCode]
[Entry Point]
  # {method} {0x0000028fd7ee36b8} 'nglReadPixels' '(IIIIIIJ)V' in 'org/lwjgl/opengl/GL11C'
  # parm0:    rdx       = int
  # parm1:    r8        = int
  # parm2:    r9        = int
  # parm3:    rdi       = int
  # parm4:    rsi       = int
  # parm5:    rcx       = int
  # parm6:    [sp+0xa0]   = long  (sp of caller)
  0x00000287cf695f80: 6690 448b | 5208 443b 

  0x00000287cf695f88: ;   {runtime_call Shared Runtime ic_miss_blob}
  0x00000287cf695f88: 5008 0f85 | 508b cffd 
[Verified Entry Point]
  0x00000287cf695f90: 8984 2400 | 80ff ff55 | 488b ec48 | 81ec 9000 | 0000 6690 | 4181 7f20 | 7e00 0000 

  0x00000287cf695fac: ;   {runtime_call Stub::method_entry_barrier}
  0x00000287cf695fac: 7405 e80d | e1cd fd48 | 8b45 1048 | 8944 2440 | 4889 4c24 | 3848 8974 | 2430 4889 | 7c24 284c 
  0x00000287cf695fcc: 894c 2420 | 4d8b c84c 

  0x00000287cf695fd4: ;   {oop(a 'java/lang/Class'{0x00000288062d5d28} = 'org/lwjgl/opengl/GL11C')}
  0x00000287cf695fd4: 8bc2 49be | 285d 2d06 | 8802 0000 | 4c89 7424 | 784c 8d74 | 2478 498b | d6c5 f877 

  0x00000287cf695ff0: ;   {internal_word}
  0x00000287cf695ff0: 49ba ed5f | 69cf 8702 | 0000 4d89 | 9730 0400 | 0049 89a7 | 2804 0000 | 498d 8f48 | 0400 0041 
  0x00000287cf696010: c787 d404 | 0000 0400 

  0x00000287cf696018: ;   {runtime_call}
  0x00000287cf696018: 0000 48b8 | a0ca d533 | fc7f 0000 | ffd0 c5f8 | 7741 c787 | d404 0000 | 0500 0000 | f083 4424 
  0x00000287cf696038: c000 493b | 6f28 0f87 | 0e00 0000 | 4183 bfd0 | 0400 0000 | 0f84 2000 | 0000 c5f8 | 7749 8bcf 
  0x00000287cf696058: 4c8b e448 | 83ec 2048 

  0x00000287cf696060: ;   {runtime_call}
  0x00000287cf696060: 83e4 f048 | b8b0 c10f | bafb 7f00 | 00ff d049 | 8be4 41c7 | 87d4 0400 | 0008 0000 | 0041 83bf 
  0x00000287cf696080: 5005 0000 | 020f 8459 | 0000 0049 | c787 2804 | 0000 0000 | 0000 49c7 | 8730 0400 | 0000 0000 
  0x00000287cf6960a0: 00c5 f877 | 498b 8fb8 | 0400 00c7 | 8100 0100 | 0000 0000 

  0x00000287cf6960b4: ;   {poll_return}
  0x00000287cf6960b4: 00c9 41f6 | 4728 0174 

  0x00000287cf6960bc: ;   {internal_word}
  0x00000287cf6960bc: 1649 bab6 | 6069 cf87 | 0200 004d | 8997 e004 

  0x00000287cf6960cc: ;   {runtime_call SafepointBlob}
  0x00000287cf6960cc: 0000 e98d | aecf fd49 | 837f 0800 | 0f85 0100 

  0x00000287cf6960dc: ;   {runtime_call Stub::forward_exception}
  0x00000287cf6960dc: 0000 c3e9 | fcb0 cafd | c5f8 774c | 8be4 4883 | ec20 4883 

  0x00000287cf6960f0: ;   {runtime_call}
  0x00000287cf6960f0: e4f0 48b8 | a016 49ba | fb7f 0000 | ffd0 498b | e4eb 88f4 | f4f4 f4f4 
[/MachCode]


Compiled method (c1) 935824 80364       3       org.lwjgl.opengl.GL11C::glReadPixels (17 bytes)
 total in heap  [0x00000287c7c5f688,0x00000287c7c5fcd8] = 1616
 main code      [0x00000287c7c5f780,0x00000287c7c5fc80] = 1280
 stub code      [0x00000287c7c5fc80,0x00000287c7c5fcd0] = 80
 oops           [0x00000287c7c5fcd0,0x00000287c7c5fcd8] = 8
 mutable data [0x000002901d68f8e0,0x000002901d68f9a8] = 200
 relocation     [0x000002901d68f8e0,0x000002901d68f960] = 128
 metadata       [0x000002901d68f960,0x000002901d68f9a8] = 72
 immutable data [0x00000290bcbf61a0,0x00000290bcbf6358] = 440
 dependencies   [0x00000290bcbf61a0,0x00000290bcbf61b8] = 24
 nul chk table  [0x00000290bcbf61b8,0x00000290bcbf61c8] = 16
 scopes pcs     [0x00000290bcbf61c8,0x00000290bcbf6278] = 176
 scopes data    [0x00000290bcbf6278,0x00000290bcbf6358] = 224

[Constant Pool (empty)]

[MachCode]
[Verified Entry Point]
  # {method} {0x0000028fd7ee37d0} 'glReadPixels' '(IIIIIILjava/nio/ByteBuffer;)V' in 'org/lwjgl/opengl/GL11C'
  # parm0:    rdx       = int
  # parm1:    r8        = int
  # parm2:    r9        = int
  # parm3:    rdi       = int
  # parm4:    rsi       = int
  # parm5:    rcx       = int
  # parm6:    [sp+0x140]   = 'java/nio/ByteBuffer'  (sp of caller)
  0x00000287c7c5f780: 8984 2400 | 80ff ff55 | 4881 ec30 | 0100 0090 | 4181 7f20 | 7e00 0000 

  0x00000287c7c5f798: ;   {runtime_call Stub::method_entry_barrier}
  0x00000287c7c5f798: 7405 e821 

  0x00000287c7c5f79c: ;   {metadata(method data for {method} {0x0000028fd7ee37d0} 'glReadPixels' '(IIIIIILjava/nio/ByteBuffer;)V' in 'org/lwjgl/opengl/GL11C')}
  0x00000287c7c5f79c: 4971 0548 | bb70 7b65 | d790 0200 | 008b 8390 | 0000 0083 | c002 8983 | 9000 0000 | 25fe 0700 
  0x00000287c7c5f7bc: 0085 c00f | 84aa 0300 | 0048 8b9c | 2440 0100 

  0x00000287c7c5f7cc: ;   {metadata(method data for {method} {0x0000028fd7ee37d0} 'glReadPixels' '(IIIIIILjava/nio/ByteBuffer;)V' in 'org/lwjgl/opengl/GL11C')}
  0x00000287c7c5f7cc: 0048 b870 | 7b65 d790 | 0200 0048 | 8380 d800 

  0x00000287c7c5f7dc: ;   {metadata(method data for {method} {0x0000028fd6b58f48} 'memAddress' '(Ljava/nio/ByteBuffer;)J' in 'org/lwjgl/system/MemoryUtil')}
  0x00000287c7c5f7dc: 0000 0148 | b808 74ec | d78f 0200 | 0044 8b98 | 9000 0000 | 4183 c302 | 4489 9890 | 0000 0041 
  0x00000287c7c5f7fc: 81e3 feff | 1f00 4585 | db0f 8485 | 0300 0048 | 3b03 488b 

  0x00000287c7c5f810: ;   {metadata(method data for {method} {0x0000028fd6b58f48} 'memAddress' '(Ljava/nio/ByteBuffer;)J' in 'org/lwjgl/system/MemoryUtil')}
  0x00000287c7c5f810: c349 bb08 | 74ec d78f | 0200 008b | 4008 41ba | 0000 0096 | 4903 c249 | 3b83 e000 | 0000 750d 
  0x00000287c7c5f830: 4983 83e8 | 0000 0001 | e960 0000 | 0049 3b83 | f000 0000 | 750d 4983 | 83f8 0000 | 0001 e94a 
  0x00000287c7c5f850: 0000 0049 | 83bb e000 | 0000 0075 | 1749 8983 | e000 0000 | 49c7 83e8 | 0000 0001 | 0000 00e9 
  0x00000287c7c5f870: 2900 0000 | 4983 bbf0 | 0000 0000 | 7517 4989 | 83f0 0000 | 0049 c783 | f800 0000 | 0100 0000 
  0x00000287c7c5f890: e908 0000 | 0049 8383 | d800 0000 | 018b 4318 

  0x00000287c7c5f8a0: ;   {metadata(method data for {method} {0x0000028fd6b58f48} 'memAddress' '(Ljava/nio/ByteBuffer;)J' in 'org/lwjgl/system/MemoryUtil')}
  0x00000287c7c5f8a0: 4863 c049 | bb08 74ec | d78f 0200 | 0049 8383 | 0801 0000 

  0x00000287c7c5f8b4: ;   {metadata(method data for {method} {0x0000028fd6b58e98} 'memAddress0' '(Ljava/nio/Buffer;)J' in 'org/lwjgl/system/MemoryUtil')}
  0x00000287c7c5f8b4: 0149 bba0 | bbe9 d78f | 0200 0045 | 8bab 9000 | 0000 4183 | c502 4589 | ab90 0000 | 0041 81e5 
  0x00000287c7c5f8d4: feff 1f00 | 4585 ed0f | 84d5 0200 

  0x00000287c7c5f8e0: ;   {oop(a 'sun/misc/Unsafe'{0x00000287d6329b30})}
  0x00000287c7c5f8e0: 0049 bb30 | 9b32 d687 

  0x00000287c7c5f8e8: ;   {metadata(method data for {method} {0x0000028fd6b58e98} 'memAddress0' '(Ljava/nio/Buffer;)J' in 'org/lwjgl/system/MemoryUtil')}
  0x00000287c7c5f8e8: 0200 0049 | bda0 bbe9 | d78f 0200 | 0045 8b5b | 0841 ba00 | 0000 964d | 03da 4d3b | 9de0 0000 
  0x00000287c7c5f908: 0075 0d49 | 8385 e800 | 0000 01e9 | 6000 0000 | 4d3b 9df0 | 0000 0075 | 0d49 8385 | f800 0000 
  0x00000287c7c5f928: 01e9 4a00 | 0000 4983 | bde0 0000 | 0000 7517 | 4d89 9de0 | 0000 0049 | c785 e800 | 0000 0100 
  0x00000287c7c5f948: 0000 e929 | 0000 0049 | 83bd f000 | 0000 0075 | 174d 899d | f000 0000 | 49c7 85f8 | 0000 0001 
  0x00000287c7c5f968: 0000 00e9 | 0800 0000 | 4983 85d8 | 0000 0001 

  0x00000287c7c5f978: ;   {metadata(method data for {method} {0x00000287ab1663c0} 'getLong' '(Ljava/lang/Object;J)J' in 'sun/misc/Unsafe')}
  0x00000287c7c5f978: 49bb 884b | b1ac 8702 | 0000 458b | ab90 0000 | 0041 83c5 | 0245 89ab | 9000 0000 | 4181 e5fe 
  0x00000287c7c5f998: ff1f 0045 | 85ed 0f84 | 3302 0000 

  0x00000287c7c5f9a4: ;   {metadata(method data for {method} {0x00000287ab1663c0} 'getLong' '(Ljava/lang/Object;J)J' in 'sun/misc/Unsafe')}
  0x00000287c7c5f9a4: 49bb 884b | b1ac 8702 | 0000 4983 | 83d8 0000 

  0x00000287c7c5f9b4: ;   {metadata(method data for {method} {0x00000287ab169fa0} 'beforeMemoryAccess' '()V' in 'sun/misc/Unsafe')}
  0x00000287c7c5f9b4: 0001 49bb | c071 2bab | 8702 0000 | 458b ab90 | 0000 0041 | 83c5 0245 | 89ab 9000 | 0000 4181 
  0x00000287c7c5f9d4: e5fe ff1f | 0045 85ed | 0f84 1602 

  0x00000287c7c5f9e0: ;   {metadata(method data for {method} {0x00000287ab169fa0} 'beforeMemoryAccess' '()V' in 'sun/misc/Unsafe')}
  0x00000287c7c5f9e0: 0000 49bb | c071 2bab | 8702 0000 | 41ff 83d8 

  0x00000287c7c5f9f0: ;   {metadata(method data for {method} {0x00000287ab169fa0} 'beforeMemoryAccess' '()V' in 'sun/misc/Unsafe')}
  0x00000287c7c5f9f0: 0000 0049 | bbc0 712b | ab87 0200 | 0041 ff83 | 0801 0000 

  0x00000287c7c5fa04: ;   {metadata(method data for {method} {0x00000287ab169fa0} 'beforeMemoryAccess' '()V' in 'sun/misc/Unsafe')}
  0x00000287c7c5fa04: 49bb c071 | 2bab 8702 | 0000 4983 | 8318 0100 

  0x00000287c7c5fa14: ;   {metadata(method data for {method} {0x00000287ab169e48} 'isMemoryAccessWarned' '()Z' in 'sun/misc/Unsafe')}
  0x00000287c7c5fa14: 0001 49bb | 5073 2bab | 8702 0000 | 458b ab90 | 0000 0041 | 83c5 0245 | 89ab 9000 | 0000 4181 
  0x00000287c7c5fa34: e5fe ff1f | 0045 85ed | 0f84 d701 | 0000 41bb | 3801 0000 

  0x00000287c7c5fa48: ;   {oop(a 'java/lang/Class'{0x00000287d63299d0} = 'sun/misc/Unsafe')}
  0x00000287c7c5fa48: 49bd d099 | 32d6 8702 | 0000 470f | be5c 1d00 | 4585 db0f | 8406 0000 | 0041 bb01 | 0000 0041 
  0x00000287c7c5fa68: 83e3 0145 

  0x00000287c7c5fa6c: ;   {metadata(method data for {method} {0x00000287ab169fa0} 'beforeMemoryAccess' '()V' in 'sun/misc/Unsafe')}
  0x00000287c7c5fa6c: 85db 49bb | c071 2bab | 8702 0000 | 41bd 3801 | 0000 7506 | 41bd 2801 | 0000 4f8b | 342b 4d8d 
  0x00000287c7c5fa8c: 7601 4f89 | 342b 4889 | 8424 0001 | 0000 898c | 241c 0100 | 0089 b424 | 1801 0000 | 89bc 2414 
  0x00000287c7c5faac: 0100 0044 | 898c 2410 | 0100 0044 | 8984 240c | 0100 0089 | 9424 0801 | 0000 0f85 | 2800 0000 
  0x00000287c7c5facc: ;   {metadata(method data for {method} {0x00000287ab169fa0} 'beforeMemoryAccess' '()V' in 'sun/misc/Unsafe')}
  0x00000287c7c5facc: 49bb c071 | 2bab 8702 | 0000 4983 | 8348 0100 

  0x00000287c7c5fadc: ;   {static_call}
  0x00000287c7c5fadc: 0001 90e8 

  0x00000287c7c5fae0: ; ImmutableOopMap {[320]=Oop }
                      ;*invokestatic beforeMemoryAccessSlow {reexecute=0 rethrow=0 return_oop=0}
                      ; - sun.misc.Unsafe::beforeMemoryAccess@26
                      ; - sun.misc.Unsafe::getLong@0
                      ; - org.lwjgl.system.MemoryUtil::memAddress0@7 (line 730)
                      ; - org.lwjgl.system.MemoryUtil::memAddress@6 (line 742)
                      ; - org.lwjgl.opengl.GL11C::glReadPixels@10 (line 1408)
  0x00000287c7c5fae0: fcf8 7205 

  0x00000287c7c5fae4: ;   {post_call_nop}
  0x00000287c7c5fae4: 0f1f 8400 | 5c04 0000 | 488b 9c24 | 4001 0000 | ba10 0000 | 004c 8b04 | 1348 8b84 | 2400 0100 
  0x00000287c7c5fb04: 0049 8bd8 | 4803 d88b | 8c24 1c01 | 0000 8bb4 | 2418 0100 | 008b bc24 | 1401 0000 | 448b 8c24 
  0x00000287c7c5fb24: 1001 0000 | 448b 8424 | 0c01 0000 | 8b94 2408 

  0x00000287c7c5fb34: ;   {metadata(method data for {method} {0x0000028fd7ee37d0} 'glReadPixels' '(IIIIIILjava/nio/ByteBuffer;)V' in 'org/lwjgl/opengl/GL11C')}
  0x00000287c7c5fb34: 0100 0048 | b870 7b65 | d790 0200 | 0048 8380 | e800 0000 | 0148 891c 

  0x00000287c7c5fb4c: ;   {static_call}
  0x00000287c7c5fb4c: 2466 90e8 

  0x00000287c7c5fb50: ; ImmutableOopMap {}
                      ;*invokestatic nglReadPixels {reexecute=0 rethrow=0 return_oop=0}
                      ; - org.lwjgl.opengl.GL11C::glReadPixels@13 (line 1408)
  0x00000287c7c5fb50: 3c64 a307 

  0x00000287c7c5fb54: ;   {post_call_nop}
  0x00000287c7c5fb54: 0f1f 8400 | cc04 0001 | 4881 c430 | 0100 005d 

  0x00000287c7c5fb64: ;   {poll_return}
  0x00000287c7c5fb64: 493b 6728 | 0f87 cc00 

  0x00000287c7c5fb6c: ;   {metadata({method} {0x0000028fd7ee37d0} 'glReadPixels' '(IIIIIILjava/nio/ByteBuffer;)V' in 'org/lwjgl/opengl/GL11C')}
  0x00000287c7c5fb6c: 0000 c349 | bac8 37ee | d78f 0200 | 004c 8954 | 2408 48c7 | 0424 ffff 

  0x00000287c7c5fb84: ;   {runtime_call C1 Runtime counter_overflow_blob}
  0x00000287c7c5fb84: ffff e855 

  0x00000287c7c5fb88: ; ImmutableOopMap {[320]=Oop }
                      ;*synchronization entry
                      ; - org.lwjgl.opengl.GL11C::glReadPixels@-1 (line 1408)
  0x00000287c7c5fb88: e77f 05e9 | 35fc ffff 

  0x00000287c7c5fb90: ;   {metadata({method} {0x0000028fd6b58f48} 'memAddress' '(Ljava/nio/ByteBuffer;)J' in 'org/lwjgl/system/MemoryUtil')}
  0x00000287c7c5fb90: 49ba 408f | b5d6 8f02 | 0000 4c89 | 5424 0848 | c704 24ff 

  0x00000287c7c5fba4: ;   {runtime_call C1 Runtime counter_overflow_blob}
  0x00000287c7c5fba4: ffff ffe8 

  0x00000287c7c5fba8: ; ImmutableOopMap {rbx=Oop [320]=Oop }
                      ;*synchronization entry
                      ; - org.lwjgl.system.MemoryUtil::memAddress@-1 (line 742)
                      ; - org.lwjgl.opengl.GL11C::glReadPixels@10 (line 1408)
  0x00000287c7c5fba8: 34e7 7f05 | e95a fcff 

  0x00000287c7c5fbb0: ;   {runtime_call C1 Runtime throw_null_pointer_exception_blob}
  0x00000287c7c5fbb0: ffe8 aa8b 

  0x00000287c7c5fbb4: ; ImmutableOopMap {rbx=Oop [320]=Oop }
                      ;*invokevirtual position {reexecute=0 rethrow=0 return_oop=0}
                      ; - org.lwjgl.system.MemoryUtil::memAddress@1 (line 742)
                      ; - org.lwjgl.opengl.GL11C::glReadPixels@10 (line 1408)
                      ;   {metadata({method} {0x0000028fd6b58e98} 'memAddress0' '(Ljava/nio/Buffer;)J' in 'org/lwjgl/system/MemoryUtil')}
  0x00000287c7c5fbb4: 7f05 49ba | 908e b5d6 | 8f02 0000 | 4c89 5424 | 0848 c704 | 24ff ffff 

  0x00000287c7c5fbcc: ;   {runtime_call C1 Runtime counter_overflow_blob}
  0x00000287c7c5fbcc: ffe8 0ee7 

  0x00000287c7c5fbd0: ; ImmutableOopMap {rbx=Oop [320]=Oop }
                      ;*synchronization entry
                      ; - org.lwjgl.system.MemoryUtil::memAddress0@-1 (line 730)
                      ; - org.lwjgl.system.MemoryUtil::memAddress@6 (line 742)
                      ; - org.lwjgl.opengl.GL11C::glReadPixels@10 (line 1408)
  0x00000287c7c5fbd0: 7f05 e90a 

  0x00000287c7c5fbd4: ;   {metadata({method} {0x00000287ab1663c0} 'getLong' '(Ljava/lang/Object;J)J' in 'sun/misc/Unsafe')}
  0x00000287c7c5fbd4: fdff ff49 | bab8 6316 | ab87 0200 | 004c 8954 | 2408 48c7 | 0424 ffff 

  0x00000287c7c5fbec: ;   {runtime_call C1 Runtime counter_overflow_blob}
  0x00000287c7c5fbec: ffff e8ed 

  0x00000287c7c5fbf0: ; ImmutableOopMap {rbx=Oop [320]=Oop }
                      ;*synchronization entry
                      ; - sun.misc.Unsafe::getLong@-1
                      ; - org.lwjgl.system.MemoryUtil::memAddress0@7 (line 730)
                      ; - org.lwjgl.system.MemoryUtil::memAddress@6 (line 742)
                      ; - org.lwjgl.opengl.GL11C::glReadPixels@10 (line 1408)
  0x00000287c7c5fbf0: e67f 05e9 | acfd ffff 

  0x00000287c7c5fbf8: ;   {metadata({method} {0x00000287ab169fa0} 'beforeMemoryAccess' '()V' in 'sun/misc/Unsafe')}
  0x00000287c7c5fbf8: 49ba 989f | 16ab 8702 | 0000 4c89 | 5424 0848 | c704 24ff 

  0x00000287c7c5fc0c: ;   {runtime_call C1 Runtime counter_overflow_blob}
  0x00000287c7c5fc0c: ffff ffe8 

  0x00000287c7c5fc10: ; ImmutableOopMap {rbx=Oop [320]=Oop }
                      ;*synchronization entry
                      ; - sun.misc.Unsafe::beforeMemoryAccess@-1
                      ; - sun.misc.Unsafe::getLong@0
                      ; - org.lwjgl.system.MemoryUtil::memAddress0@7 (line 730)
                      ; - org.lwjgl.system.MemoryUtil::memAddress@6 (line 742)
                      ; - org.lwjgl.opengl.GL11C::glReadPixels@10 (line 1408)
  0x00000287c7c5fc10: cce6 7f05 | e9c9 fdff 

  0x00000287c7c5fc18: ;   {metadata({method} {0x00000287ab169e48} 'isMemoryAccessWarned' '()Z' in 'sun/misc/Unsafe')}
  0x00000287c7c5fc18: ff49 ba40 | 9e16 ab87 | 0200 004c | 8954 2408 | 48c7 0424 | ffff ffff 

  0x00000287c7c5fc30: ;   {runtime_call C1 Runtime counter_overflow_blob}
  0x00000287c7c5fc30: e8ab e67f 

  0x00000287c7c5fc34: ; ImmutableOopMap {rbx=Oop [320]=Oop }
                      ;*synchronization entry
                      ; - sun.misc.Unsafe::isMemoryAccessWarned@-1
                      ; - sun.misc.Unsafe::beforeMemoryAccess@19
                      ; - sun.misc.Unsafe::getLong@0
                      ; - org.lwjgl.system.MemoryUtil::memAddress0@7 (line 730)
                      ; - org.lwjgl.system.MemoryUtil::memAddress@6 (line 742)
                      ; - org.lwjgl.opengl.GL11C::glReadPixels@10 (line 1408)
  0x00000287c7c5fc34: 05e9 08fe 

  0x00000287c7c5fc38: ;   {internal_word}
  0x00000287c7c5fc38: ffff 49ba | 64fb c5c7 | 8702 0000 | 4d89 97e0 

  0x00000287c7c5fc48: ;   {runtime_call SafepointBlob}
  0x00000287c7c5fc48: 0400 00e9 | 1013 7305 | 498b 8788 | 0500 0049 | c787 8805 | 0000 0000 | 0000 49c7 | 8790 0500 
  0x00000287c7c5fc68: 0000 0000 | 0048 81c4 | 3001 0000 

  0x00000287c7c5fc74: ;   {runtime_call C1 Runtime unwind_exception_blob}
  0x00000287c7c5fc74: 5de9 6677 | 7f05 f4f4 | f4f4 f4f4 
[Stub Code]
  0x00000287c7c5fc80: ;   {static_stub}
  0x00000287c7c5fc80: 48bb 0000 | 0000 0000 

  0x00000287c7c5fc88: ;   {runtime_call nmethod}
  0x00000287c7c5fc88: 0000 e9fb 

  0x00000287c7c5fc8c: ;   {static_stub}
  0x00000287c7c5fc8c: ffff ff48 | bb00 0000 | 0000 0000 

  0x00000287c7c5fc98: ;   {runtime_call nmethod}
  0x00000287c7c5fc98: 00e9 fbff 

  0x00000287c7c5fc9c: ;   {runtime_call C1 Runtime handle_exception_from_callee_blob}
  0x00000287c7c5fc9c: ffff e8bd 

  0x00000287c7c5fca0: ;   {external_word}
  0x00000287c7c5fca0: ac7f 0548 | b970 007b | bafb 7f00 | 0048 83e4 

  0x00000287c7c5fcb0: ;   {runtime_call}
  0x00000287c7c5fcb0: f048 b870 | 9035 bafb | 7f00 00ff 

  0x00000287c7c5fcbc: ;   {section_word}
  0x00000287c7c5fcbc: d0f4 49ba | befc c5c7 | 8702 0000 

  0x00000287c7c5fcc8: ;   {runtime_call DeoptimizationBlob}
  0x00000287c7c5fcc8: 4152 e991 | 1573 05f4 
[/MachCode]


Compiled method (c2) 935835 65653       4       net.minecraft.client.renderer.entity.ItemRenderer::shadowdrop$isInSlot (366 bytes)
 total in heap  [0x00000287ce5bbf88,0x00000287ce5bce08] = 3712
 main code      [0x00000287ce5bc080,0x00000287ce5bcd58] = 3288
 stub code      [0x00000287ce5bcd58,0x00000287ce5bcdc8] = 112
 oops           [0x00000287ce5bcdc8,0x00000287ce5bce08] = 64
 mutable data [0x00000287b621b450,0x00000287b621b700] = 688
 relocation     [0x00000287b621b450,0x00000287b621b578] = 296
 metadata       [0x00000287b621b578,0x00000287b621b700] = 392
 immutable data [0x00000290a37b7740,0x00000290a37b8370] = 3120
 dependencies   [0x00000290a37b7740,0x00000290a37b77b0] = 112
 nul chk table  [0x00000290a37b77b0,0x00000290a37b7818] = 104
 handler table  [0x00000290a37b7818,0x00000290a37b78f0] = 216
 scopes pcs     [0x00000290a37b78f0,0x00000290a37b7b80] = 656
 scopes data    [0x00000290a37b7b80,0x00000290a37b8370] = 2032

[Constant Pool (empty)]

[MachCode]
[Instructions begin]
  0x00000287ce5bc080: 6690 448b | 5208 443b 

  0x00000287ce5bc088: ;   {runtime_call Shared Runtime ic_miss_blob}
  0x00000287ce5bc088: 5008 0f85 | 502a ddfe 
[Verified Entry Point]
  0x00000287ce5bc090: 8984 2400 | 80ff ff55 | 4883 ec60 | 4181 7f20 | 7e00 0000 | 0f85 a00c | 0000 897c | 2434 4489 
  0x00000287ce5bc0b0: 4c24 3044 | 8944 2408 | 4889 5424 

  0x00000287ce5bc0bc: ;   {oop(a 'net/terrunic/shadowdrop/ShadowDropConfig$Client'{0x000002881cda24b8})}
  0x00000287ce5bc0bc: 2849 bab8 | 24da 1c88 | 0200 0049 | 8b6a 704c | 8b65 284d | 85e4 0f84 | 2703 0000 | 458b 5c24 
  0x00000287ce5bc0dc: ;   {metadata('java/util/ArrayList')}
  0x00000287ce5bc0dc: 0841 81fb | 18d3 2100 | 0f85 020a | 0000 4d8b | cc4d 8b41 | 1841 8b48 | 0c45 8b59 | 0c45 8b61 
  0x00000287ce5bc0fc: 1044 3be1 | 0f8f c207 | 0000 4585 | e47f 1341 | ba01 0000 | 0045 33c0 | 4489 4424 | 0ce9 a500 
  0x00000287ce5bc11c: 0000 85c9 | 0f86 5807 | 0000 4863 | c94d 63d4 | 49ff ca4c | 3bd1 0f83 | 4607 0000 | bd1f 0000 
  0x00000287ce5bc13c: 0033 db33 | c989 4c24 | 0ceb 1266 | 0f1f 8400 | 0000 0000 | 418b eac1 | e505 412b | ea49 8b54 
  0x00000287ce5bc15c: d810 448b | 5208 b900 | 0000 9649 | 03ca 4c8b | 91f0 0100 

  0x00000287ce5bc170: ;   {metadata({method} {0x00000000961830c8} 'hashCode' '()I' in 'java/lang/Object')}
  0x00000287ce5bc170: 0048 b9c0 | 3018 9600 | 0000 004c | 3bd1 0f85 | f802 0000 | 4c8b 1249 | 8bca 4883 | e103 4883 
  0x00000287ce5bc190: f902 0f84 | e402 0000 | 49c1 ea0b | 458b d241 | 81e2 ffff | ff7f 0f84 | d002 0000 | 4403 d5ff 
  0x00000287ce5bc1b0: c341 3bdc | 7c9a 418b | 690c 413b | eb0f 8599 

  0x00000287ce5bc1c0: ;   {oop(a 'java/lang/Class'{0x00000288121ad7a0} = 'net/minecraft/client/renderer/entity/ItemRenderer')}
  0x00000287ce5bc1c0: 0700 0049 | bba0 d71a | 1288 0200 | 0041 8bab | 3001 0000 | 413b ea0f | 852b 0700 | 004c 8b54 
  0x00000287ce5bc1e0: 2428 4d8b | 5210 4d8b | 92b8 0000 | 00c4 c17b | 1042 1845 | 8b52 4844 | 8b44 2408 | 4183 c010 
  0x00000287ce5bc200: 448b 4c24 | 3041 83c1 | 10c5 7b2c | e041 81fc | 0000 0080 | 0f84 1b0b | 0000 450f | afcc 450f 
  0x00000287ce5bc220: afc4 4489 | 4424 2045 | 2bd1 41ff | ca44 8954 

  0x00000287ce5bc230: ;   {oop(a 'java/util/ArrayList'{0x00000288121ad930})}
  0x00000287ce5bc230: 2424 49ba | 30d9 1a12 | 8802 0000 | 418b 4210 | 85c0 0f84 | 0003 0000 | 418b 5a0c | 498b 4a18 
  0x00000287ce5bc250: 4533 c085 | c041 0f95 | c08b 690c | 85ed 0f86 | cd05 0000 | 4c63 e548 | 63f8 4c8d | 57ff 4d3b 
  0x00000287ce5bc270: d40f 83ba | 0500 0085 | c00f 8ed1 | 0500 0085 | ed0f 86a9 | 0600 004c | 8b51 1045 

  0x00000287ce5bc28c: ;   {metadata('net/terrunic/shadowdrop/CachedPixel')}
  0x00000287ce5bc28c: 8b42 0841 | 81f8 78e2 | 4305 0f85 | 7108 0000 | 458b 5a0c | 448b 4424 | 0845 3bc3 | 0f84 0801 
  0x00000287ce5bc2ac: 0000 4c3b | e749 0f4c | fc48 ffcf | 49c7 c200 | 0000 8048 | 81ff 0000 | 0080 490f | 4cfa 8bff 
  0x00000287ce5bc2cc: 83ff 010f | 8e9b 0500 | 00be d007 | 0000 41bb | 0100 0000 | 8bd7 412b | d341 3bfb | 0f4c 5424 
  0x00000287ce5bc2ec: 0c81 fad0 | 0700 000f | 47d6 4103 | d3eb 3545 | 8b42 1044 | 8b4c 2430 | 453b c875 | 4b45 8b4a 
  0x00000287ce5bc30c: 1444 8b64 | 2434 453b | e175 3de9 | 8500 0000 | 0f1f 4000 | 458d 6302 | 443b e20f | 8daf 0000 
  0x00000287ce5bc32c: 0045 8bdc | 4e8b 54d9 | 1045 8b42 

  0x00000287ce5bc338: ;   {metadata('net/terrunic/shadowdrop/CachedPixel')}
  0x00000287ce5bc338: 0841 81f8 | 78e2 4305 | 0f85 ca07 | 0000 458b | 420c 448b | 6424 0845 | 3be0 74a7 | 4e8b 54d9 
  0x00000287ce5bc358: 184d 85d2 | 0f84 6e04 | 0000 458b 

  0x00000287ce5bc364: ;   {metadata('net/terrunic/shadowdrop/CachedPixel')}
  0x00000287ce5bc364: 4208 4181 | f878 e243 | 050f 8595 | 0700 0045 | 8b42 0c44 | 8b4c 2408 | 453b c875 | 9f45 8b4a 
  0x00000287ce5bc384: 1044 8b64 | 2430 453b | e175 9145 | 8b42 1444 | 8b4c 2434 | 453b c80f | 857f ffff | ff41 0fb6 
  0x00000287ce5bc3a4: 4218 4883 

  0x00000287ce5bc3a8: ;   {poll_return}
  0x00000287ce5bc3a8: c460 5d49 | 3b67 280f | 876a 0900 | 00c3 458b | 5a10 448b | 4c24 3045 | 3bcb 0f85 | e6fe ffff 
  0x00000287ce5bc3c8: 458b 4214 | 448b 5c24 | 3445 3bd8 | 0f85 d4fe | ffff ebc5 | 418b d344 | 8d72 0183 | c202 4d8b 
  0x00000287ce5bc3e8: ; ImmutableOopMap {rcx=Oop }
                      ;*goto {reexecute=1 rethrow=0 return_oop=0}
                      ; - (reexecute) net.minecraft.client.renderer.entity.ItemRenderer::shadowdrop$isInSlot@209 (line 3668)
                      ;   {poll}
  0x00000287ce5bc3e8: 6f30 4185 | 4500 443b | e70f 8dfb | 0000 0045 | 8bdc e9e1 | feff ff48 

  0x00000287ce5bc400: ;   {optimized virtual_call}
  0x00000287ce5bc400: 8bd5 90e8 

  0x00000287ce5bc404: ; ImmutableOopMap {rbp=Oop [40]=Oop }
                      ;*invokevirtual getRaw {reexecute=0 rethrow=0 return_oop=1}
                      ; - net.neoforged.neoforge.common.ModConfigSpec$ConfigValue::get@9 (line 1222)
                      ; - net.minecraft.client.renderer.entity.ItemRenderer::shadowdrop$isInSlot@6 (line 3647)
  0x00000287ce5bc404: d829 ddfe 

  0x00000287ce5bc408: ;   {post_call_nop}
  0x00000287ce5bc408: 0f1f 8400 | 8004 0001 | 4c8b e04c | 8d45 2841 | 807f 4800 | 0f85 3808 | 0000 4989 | 004d 8bc8 
  0x00000287ce5bc428: 4c33 c849 | c1e9 180f | 8428 0000 | 0048 83f8 | 000f 841e | 0000 004d | 8bc8 49c1 | e909 49bb 
  0x00000287ce5bc448: 0000 1540 | 8602 0000 | 4d03 cb41 | 8039 020f | 8561 0800 | 0048 85c0 | 0f85 72fc | ffff baf4 
  0x00000287ce5bc468: ffff ff8b 

  0x00000287ce5bc46c: ;   {runtime_call UncommonTrapBlob}
  0x00000287ce5bc46c: 6c24 08e8 

  0x00000287ce5bc470: ; ImmutableOopMap {[40]=Oop }
                      ;*checkcast {reexecute=0 rethrow=0 return_oop=0}
                      ; - net.minecraft.client.renderer.entity.ItemRenderer::shadowdrop$isInSlot@9 (line 3647)
  0x00000287ce5bc470: 6c33 eafe 

  0x00000287ce5bc474: ;   {post_call_nop}
  0x00000287ce5bc474: 0f1f 8400 | ec04 0002 | 895c 2438 | 4889 4424 | f88b 4424 | 0c89 4424 | 2448 8b44 | 24f8 4489 
  0x00000287ce5bc494: 6424 2044 | 895c 240c | 4c89 4424 | 184c 894c | 2410 6666 | 9048 b8f0 | 539e ec8f 

  0x00000287ce5bc4b0: ;   {virtual_call}
  0x00000287ce5bc4b0: 0200 00e8 

  0x00000287ce5bc4b4: ; ImmutableOopMap {[16]=Oop [24]=Oop [40]=Oop }
                      ;*invokevirtual hashCode {reexecute=0 rethrow=0 return_oop=0}
                      ; - java.util.ArrayList::hashCodeRange@53
                      ; - java.util.ArrayList::hashCode@11
                      ; - net.minecraft.client.renderer.entity.ItemRenderer::shadowdrop$isInSlot@16 (line 3648)
  0x00000287ce5bc4b4: 4ab9 62ff 

  0x00000287ce5bc4b8: ;   {post_call_nop}
  0x00000287ce5bc4b8: 0f1f 8400 | 3005 0003 | 4c8b 4c24 | 104c 8b44 | 2418 448b | 5c24 0c44 | 8b64 2420 | 4889 4424 
  0x00000287ce5bc4d8: f88b 4424 | 2489 4424 | 0c48 8b44 | 24f8 8b5c | 2438 448b | d0e9 bafc | ffff 41ff | c344 3be0 
  0x00000287ce5bc4f8: 7d4e 6690 | 443b e00f | 8db7 0500 | 0044 3be5 | 0f8d 2b04 | 0000 4e8b | 54e1 1045 

  0x00000287ce5bc514: ;   {metadata('net/terrunic/shadowdrop/CachedPixel')}
  0x00000287ce5bc514: 8b42 0841 | 81f8 78e2 | 4305 0f85 | ef05 0000 | 458b 420c | 448b 4c24 | 0845 3bc8 | 0f84 d202 
  0x00000287ce5bc534: 0000 458d | 5424 0144 | 3bd0 7d08 | 458b dc45 | 8be2 ebb4 | ba03 0000 

  0x00000287ce5bc54c: ;   {static_call}
  0x00000287ce5bc54c: 0066 90e8 

  0x00000287ce5bc550: ; ImmutableOopMap {}
                      ;*invokestatic allocateDirect {reexecute=0 rethrow=0 return_oop=1}
                      ; - org.lwjgl.BufferUtils::createByteBuffer@1 (line 75)
                      ; - net.minecraft.client.renderer.entity.ItemRenderer::shadowdrop$isInSlot@213 (line 3671)
  0x00000287ce5bc550: acdb f7ff 

  0x00000287ce5bc554: ;   {post_call_nop}
  0x00000287ce5bc554: 0f1f 8400 | cc05 0004 | 4885 c00f | 8477 0400 

  0x00000287ce5bc564: ;   {oop(a 'java/nio/ByteOrder'{0x00000287d632ad80})}
  0x00000287ce5bc564: 0049 b880 | ad32 d687 | 0200 0048 

  0x00000287ce5bc570: ;   {optimized virtual_call}
  0x00000287ce5bc570: 8bd0 90e8 

  0x00000287ce5bc574: ; ImmutableOopMap {}
                      ;*invokevirtual order {reexecute=0 rethrow=0 return_oop=1}
                      ; - org.lwjgl.BufferUtils::createByteBuffer@7 (line 75)
                      ; - net.minecraft.client.renderer.entity.ItemRenderer::shadowdrop$isInSlot@213 (line 3671)
  0x00000287ce5bc574: 988a ddff 

  0x00000287ce5bc578: ;   {post_call_nop}
  0x00000287ce5bc578: 0f1f 8400 | f005 0005 | 4889 4424 | f88b 4424 | 0c89 4424 | 1448 8b44 | 24f8 4889 | 4424 f88b 
  0x00000287ce5bc598: 4424 3489 | 4424 1048 | 8b44 24f8 | 4889 4424 | f88b 4424 | 3089 4424 | 0c48 8b44 | 24f8 488b 
  0x00000287ce5bc5b8: e8be 0819 | 0000 b901 | 1400 008b | 5424 2044 | 8b44 2424 | 41b9 0100 | 0000 bf01 | 0000 0048 
  0x00000287ce5bc5d8: ;   {static_call}
  0x00000287ce5bc5d8: 8904 24e8 

  0x00000287ce5bc5dc: ; ImmutableOopMap {rbp=Oop }
                      ;*invokestatic glReadPixels {reexecute=0 rethrow=0 return_oop=0}
                      ; - org.lwjgl.opengl.GL11::glReadPixels@10 (line 5600)
                      ; - net.minecraft.client.renderer.entity.ItemRenderer::shadowdrop$isInSlot@232 (line 3672)
  0x00000287ce5bc5dc: a031 6af9 

  0x00000287ce5bc5e0: ;   {post_call_nop}
  0x00000287ce5bc5e0: 0f1f 8400 | 5806 0006 | 4c8b d545 

  0x00000287ce5bc5ec: ;   {metadata('java/nio/DirectByteBuffer')}
  0x00000287ce5bc5ec: 8b5a 0841 | 81fb a89a | 2e00 0f85 | 1c04 0000 | 4d8b ca49 | 8b69 2848 | 85ed 0f85 | 9404 0000 
  0x00000287ce5bc60c: 458b 591c | 4585 db0f | 8c1b 0400 | 0045 85db | 0f84 ce03 | 0000 4d8b | 5110 450f | b622 4183 
  0x00000287ce5bc62c: fb02 0f86 | 2804 0000 | 498b 87c8 | 0100 0045 | 0fb6 4201 | 4c8b d849 | 83c3 2041 | 0fb6 6a02 
  0x00000287ce5bc64c: 4d3b 9fd8 | 0100 000f | 832f 0300 | 004d 899f | c801 0000 | 410f 1883 | 0001 0000 | 48c7 0001 
  0x00000287ce5bc66c: ;   {metadata('java/util/ArrayList$Itr')}
  0x00000287ce5bc66c: 0000 00c7 | 4008 4835 | 2b00 c740 | 0c00 0000 | 00c7 4010 | ffff ffff 

  0x00000287ce5bc684: ;   {oop(a 'java/util/ArrayList'{0x00000288121ad910})}
  0x00000287ce5bc684: 49bb 10d9 | 1a12 8802 | 0000 458b | 4b0c 4489 | 4814 4c89 | 5818 4c8b | c845 8b53 | 1045 85d2 
  0x00000287ce5bc6a4: 747e 4c89 | 4c24 2044 | 8944 241c | 4489 6424 | 1849 8bd1 

  0x00000287ce5bc6b8: ;   {optimized virtual_call}
  0x00000287ce5bc6b8: 6666 90e8 

  0x00000287ce5bc6bc: ; ImmutableOopMap {[32]=Oop }
                      ;*invokeinterface next {reexecute=0 rethrow=0 return_oop=1}
                      ; - net.minecraft.client.renderer.entity.ItemRenderer::shadowdrop$isInSlot@296 (line 3679)
  0x00000287ce5bc6bc: d023 57ff 

  0x00000287ce5bc6c0: ;   {post_call_nop}
  0x00000287ce5bc6c0: 0f1f 8400 | 3807 0007 | 4c8b d044 

  0x00000287ce5bc6cc: ;   {metadata({type array int})}
  0x00000287ce5bc6cc: 8b58 0841 | 81fb 2046 | 1800 0f85 | 5c04 0000 | 458b 5a0c | 4183 fb02 | 0f86 9e03 | 0000 458b 
  0x00000287ce5bc6ec: 5a10 448b | 6424 1845 | 3be3 0f84 | ab00 0000 | 448b 4424 | 1c4d 8b5f 

  0x00000287ce5bc704: ; ImmutableOopMap {[32]=Oop }
                      ;*goto {reexecute=1 rethrow=0 return_oop=0}
                      ; - (reexecute) net.minecraft.client.renderer.entity.ItemRenderer::shadowdrop$isInSlot@339 (line 3686)
                      ;   {poll}
  0x00000287ce5bc704: 3041 8503 | 4c8b 4c24 | 204d 8b51 | 1845 8b5a | 1045 8b51 | 0c45 3bd3 | 7588 8b6c | 2414 eb04 
  0x00000287ce5bc724: 8b6c 2414 | 4d8b 87c8 | 0100 004d | 8bd0 4983 | c220 4d3b | 97d8 0100 | 000f 8378 | 0200 004d 
  0x00000287ce5bc744: 8997 c801 | 0000 410f | 1882 0001 | 0000 49c7 | 0001 0000 

  0x00000287ce5bc758: ;   {metadata('net/terrunic/shadowdrop/CachedPixel')}
  0x00000287ce5bc758: 0041 c740 | 0878 e243 | 0549 c740 | 1800 0000 | 0044 8b54 | 2408 4589 | 500c 448b | 5c24 0c45 
  0x00000287ce5bc778: 8958 1044 | 8b54 2410 | 4589 5014 | 4188 6818 

  0x00000287ce5bc788: ;   {oop(a 'java/util/ArrayList'{0x00000288121ad930})}
  0x00000287ce5bc788: 48ba 30d9 | 1a12 8802 

  0x00000287ce5bc790: ;   {optimized virtual_call}
  0x00000287ce5bc790: 0000 90e8 

  0x00000287ce5bc794: ; ImmutableOopMap {}
                      ;*invokeinterface add {reexecute=0 rethrow=0 return_oop=0}
                      ; - net.minecraft.client.renderer.entity.ItemRenderer::shadowdrop$isInSlot@357 (line 3687)
  0x00000287ce5bc794: f8cb 60ff 

  0x00000287ce5bc798: ;   {post_call_nop}
  0x00000287ce5bc798: 0f1f 8400 | 1008 0009 | 8bc5 e9ff | fbff ff45 | 8b5a 1444 | 8b44 241c | 453b c30f | 8548 ffff 
  0x00000287ce5bc7b8: ff45 8b52 | 1841 3bea | 0f85 3bff | ffff bd01 | 0000 00e9 | 58ff ffff | 41ff c345 | 8be3 418b 
  0x00000287ce5bc7d8: ecff c5ba | f4ff ffff | 4489 6424 | 0c48 8944 | 24f8 8b44 | 2420 8944 | 2418 488b | 4424 f889 
  0x00000287ce5bc7f8: ;   {runtime_call UncommonTrapBlob}
  0x00000287ce5bc7f8: 5c24 20e8 

  0x00000287ce5bc7fc: ; ImmutableOopMap {}
                      ;*checkcast {reexecute=0 rethrow=0 return_oop=0}
                      ; - net.minecraft.client.renderer.entity.ItemRenderer::shadowdrop$isInSlot@171 (line 3665)
  0x00000287ce5bc7fc: e02f eafe 

  0x00000287ce5bc800: ;   {post_call_nop}
  0x00000287ce5bc800: 0f1f 8400 | 7808 000a | 458b 4210 | 448b 5c24 | 3045 3bd8 | 0f85 1cfd | ffff 458b | 4214 448b 
  0x00000287ce5bc820: 4c24 3445 | 3bc8 0f85 | 0afd ffff | e970 fbff | ffba 6eff | ffff 8b6c | 2408 4489 | 4424 1889 
  0x00000287ce5bc840: ;   {runtime_call UncommonTrapBlob}
  0x00000287ce5bc840: 5c24 1ce8 

  0x00000287ce5bc844: ; ImmutableOopMap {}
                      ;*ifeq {reexecute=1 rethrow=0 return_oop=0}
                      ; - (reexecute) net.minecraft.client.renderer.entity.ItemRenderer::shadowdrop$isInSlot@161 (line 3665)
  0x00000287ce5bc844: 982f eafe 

  0x00000287ce5bc848: ;   {post_call_nop}
  0x00000287ce5bc848: 0f1f 8400 | c008 000b | ba66 ffff | ff8b 6c24 | 0844 8944 | 2418 895c 

  0x00000287ce5bc860: ;   {runtime_call UncommonTrapBlob}
  0x00000287ce5bc860: 241c 90e8 

  0x00000287ce5bc864: ; ImmutableOopMap {}
                      ;*ifeq {reexecute=1 rethrow=0 return_oop=0}
                      ; - (reexecute) net.minecraft.client.renderer.entity.ItemRenderer::shadowdrop$isInSlot@161 (line 3665)
  0x00000287ce5bc864: 782f eafe 

  0x00000287ce5bc868: ;   {post_call_nop}
  0x00000287ce5bc868: 0f1f 8400 | e008 000c | 41bc 0100 | 0000 4533 | dbe9 77fc | ffff ba6e | ffff ff8b | 6c24 084c 
  0x00000287ce5bc888: 8944 2408 | 4c8b 5424 | 284c 8954 | 2410 448b | 5424 3044 | 8954 2418 | 448b 4424 | 3444 8944 
  0x00000287ce5bc8a8: 241c 4c89 | 4c24 2844 | 895c 2430 | 4489 6424 

  0x00000287ce5bc8b8: ;   {runtime_call UncommonTrapBlob}
  0x00000287ce5bc8b8: 3866 90e8 

  0x00000287ce5bc8bc: ; ImmutableOopMap {[8]=Oop [16]=Oop [40]=Oop }
                      ;*if_icmpge {reexecute=1 rethrow=0 return_oop=0}
                      ; - (reexecute) java.util.ArrayList::hashCodeRange@28
                      ; - java.util.ArrayList::hashCode@11
                      ; - net.minecraft.client.renderer.entity.ItemRenderer::shadowdrop$isInSlot@16 (line 3648)
  0x00000287ce5bc8bc: 202f eafe 

  0x00000287ce5bc8c0: ;   {post_call_nop}
  0x00000287ce5bc8c0: 0f1f 8400 | 3809 000d | ba45 ffff | ff8b 6c24 | 084c 8b54 | 2428 4c89 | 5424 0844 | 8b44 2430 
  0x00000287ce5bc8e0: 4489 4424 | 104c 894c | 2420 4489 | 5c24 2844 | 8964 242c | 894c 2430 

  0x00000287ce5bc8f8: ;   {runtime_call UncommonTrapBlob}
  0x00000287ce5bc8f8: 6666 90e8 

  0x00000287ce5bc8fc: ; ImmutableOopMap {[8]=Oop [32]=Oop }
                      ;*if_icmple {reexecute=1 rethrow=0 return_oop=0}
                      ; - (reexecute) java.util.ArrayList::hashCodeRange@8
                      ; - java.util.ArrayList::hashCode@11
                      ; - net.minecraft.client.renderer.entity.ItemRenderer::shadowdrop$isInSlot@16 (line 3648)
  0x00000287ce5bc8fc: e02e eafe 

  0x00000287ce5bc900: ;   {post_call_nop}
  0x00000287ce5bc900: 0f1f 8400 | 7809 000e | ba45 ffff | ff4c 8b5c | 2428 4c89 | 5c24 104c | 894c 2420 | 4489 5424 
  0x00000287ce5bc920: ;   {runtime_call UncommonTrapBlob}
  0x00000287ce5bc920: 2866 90e8 

  0x00000287ce5bc924: ; ImmutableOopMap {[16]=Oop [32]=Oop }
                      ;*if_icmpeq {reexecute=1 rethrow=0 return_oop=0}
                      ; - (reexecute) net.minecraft.client.renderer.entity.ItemRenderer::shadowdrop$isInSlot@28 (line 3650)
  0x00000287ce5bc924: b82e eafe 

  0x00000287ce5bc928: ;   {post_call_nop}
  0x00000287ce5bc928: 0f1f 8400 | a009 000f | 41bb ffff | ffff 4533 | e4ba 45ff | ffff 4489 | 6424 1044 | 895c 2414 
  0x00000287ce5bc948: 895c 2428 

  0x00000287ce5bc94c: ;   {runtime_call UncommonTrapBlob}
  0x00000287ce5bc94c: 6666 90e8 

  0x00000287ce5bc950: ; ImmutableOopMap {}
                      ;*if_icmplt {reexecute=1 rethrow=0 return_oop=0}
                      ; - (reexecute) java.util.ArrayList$Itr::next@39
                      ; - net.minecraft.client.renderer.entity.ItemRenderer::shadowdrop$isInSlot@166 (line 3665)
  0x00000287ce5bc950: 8c2e eafe 

  0x00000287ce5bc954: ;   {post_call_nop}
  0x00000287ce5bc954: 0f1f 8400 | cc09 0010 | ba45 ffff | ff4c 8b44 | 2428 4c89 | 4424 104c | 894c 2420 | 4489 5424 
  0x00000287ce5bc974: 1c44 895c 

  0x00000287ce5bc978: ;   {runtime_call UncommonTrapBlob}
  0x00000287ce5bc978: 2428 90e8 

  0x00000287ce5bc97c: ; ImmutableOopMap {[16]=Oop [32]=Oop }
                      ;*if_icmpeq {reexecute=1 rethrow=0 return_oop=0}
                      ; - (reexecute) java.util.ArrayList::checkForComodification@5
                      ; - java.util.ArrayList::hashCode@17
                      ; - net.minecraft.client.renderer.entity.ItemRenderer::shadowdrop$isInSlot@16 (line 3648)
  0x00000287ce5bc97c: 602e eafe 

  0x00000287ce5bc980: ;   {post_call_nop}
  0x00000287ce5bc980: 0f1f 8400 | f809 0011 | 4489 4424 | 1c44 8964 

  0x00000287ce5bc990: ;   {metadata('java/util/ArrayList$Itr')}
  0x00000287ce5bc990: 2418 48ba | 4835 2b96 | 0000 0000 

  0x00000287ce5bc99c: ;   {runtime_call C2 Runtime new_instance}
  0x00000287ce5bc99c: 6666 90e8 

  0x00000287ce5bc9a0: ; ImmutableOopMap {}
                      ;*new {reexecute=0 rethrow=0 return_oop=1}
                      ; - java.util.ArrayList::iterator@0
                      ; - net.minecraft.client.renderer.entity.ItemRenderer::shadowdrop$isInSlot@277 (line 3679)
  0x00000287ce5bc9a0: 3c53 f3fe 

  0x00000287ce5bc9a4: ;   {post_call_nop}
  0x00000287ce5bc9a4: 0f1f 8400 | 1c0a 0012 | 448b 6424 | 1844 8b44 | 241c e9c2 

  0x00000287ce5bc9b8: ;   {metadata('net/terrunic/shadowdrop/CachedPixel')}
  0x00000287ce5bc9b8: fcff ff48 | ba78 e243 | 9b00 0000 

  0x00000287ce5bc9c4: ;   {runtime_call C2 Runtime new_instance}
  0x00000287ce5bc9c4: 0066 90e8 

  0x00000287ce5bc9c8: ; ImmutableOopMap {}
                      ;*new {reexecute=0 rethrow=0 return_oop=1}
                      ; - net.minecraft.client.renderer.entity.ItemRenderer::shadowdrop$isInSlot@345 (line 3687)
  0x00000287ce5bc9c8: 1453 f3fe 

  0x00000287ce5bc9cc: ;   {post_call_nop}
  0x00000287ce5bc9cc: 0f1f 8400 | 440a 0013 | 4c8b c0e9 | 8dfd ffff | baf6 ffff 

  0x00000287ce5bc9e0: ;   {runtime_call UncommonTrapBlob}
  0x00000287ce5bc9e0: ff66 90e8 

  0x00000287ce5bc9e4: ; ImmutableOopMap {}
                      ;*invokevirtual order {reexecute=0 rethrow=0 return_oop=0}
                      ; - org.lwjgl.BufferUtils::createByteBuffer@7 (line 75)
                      ; - net.minecraft.client.renderer.entity.ItemRenderer::shadowdrop$isInSlot@213 (line 3671)
  0x00000287ce5bc9e4: f82d eafe 

  0x00000287ce5bc9e8: ;   {post_call_nop}
  0x00000287ce5bc9e8: 0f1f 8400 | 600a 0014 | bae4 ffff | ff8b 6c24 | 084c 894c | 2418 4c89 | 4c24 2044 | 895c 2428 
  0x00000287ce5bca08: ;   {runtime_call UncommonTrapBlob}
  0x00000287ce5bca08: 6666 90e8 

  0x00000287ce5bca0c: ; ImmutableOopMap {[24]=Oop [32]=Oop }
                      ;*invokestatic checkIndex {reexecute=0 rethrow=0 return_oop=0}
                      ; - java.nio.Buffer::checkIndex@8
                      ; - java.nio.DirectByteBuffer::get@11
                      ; - net.minecraft.client.renderer.entity.ItemRenderer::shadowdrop$isInSlot@238 (line 3673)
  0x00000287ce5bca0c: d02d eafe 

  0x00000287ce5bca10: ;   {post_call_nop}
  0x00000287ce5bca10: 0f1f 8400 | 880a 0015 | bade ffff | ff8b 6c24 | 084c 8954 

  0x00000287ce5bca24: ;   {runtime_call UncommonTrapBlob}
  0x00000287ce5bca24: 2418 90e8 

  0x00000287ce5bca28: ; ImmutableOopMap {[24]=Oop }
                      ;*invokevirtual get {reexecute=0 rethrow=0 return_oop=0}
                      ; - net.minecraft.client.renderer.entity.ItemRenderer::shadowdrop$isInSlot@238 (line 3673)
  0x00000287ce5bca28: b42d eafe 

  0x00000287ce5bca2c: ;   {post_call_nop}
  0x00000287ce5bca2c: 0f1f 8400 | a40a 0016 | bacc ffff | ff8b 6c24 | 084c 894c | 2418 4c89 | 4c24 2044 | 895c 2428 
  0x00000287ce5bca4c: ;   {runtime_call UncommonTrapBlob}
  0x00000287ce5bca4c: 6666 90e8 

  0x00000287ce5bca50: ; ImmutableOopMap {[24]=Oop [32]=Oop }
                      ;*invokestatic checkIndex {reexecute=0 rethrow=0 return_oop=0}
                      ; - java.nio.Buffer::checkIndex@8
                      ; - java.nio.DirectByteBuffer::get@11
                      ; - net.minecraft.client.renderer.entity.ItemRenderer::shadowdrop$isInSlot@238 (line 3673)
  0x00000287ce5bca50: 8c2d eafe 

  0x00000287ce5bca54: ;   {post_call_nop}
  0x00000287ce5bca54: 0f1f 8400 | cc0a 0017 | bae4 ffff | ff8b 6c24 | 0844 8964 | 2418 4c89 | 4c24 204c | 894c 2428 
  0x00000287ce5bca74: 4489 5c24 

  0x00000287ce5bca78: ;   {runtime_call UncommonTrapBlob}
  0x00000287ce5bca78: 1c66 90e8 

  0x00000287ce5bca7c: ; ImmutableOopMap {[32]=Oop [40]=Oop }
                      ;*invokestatic checkIndex {reexecute=0 rethrow=0 return_oop=0}
                      ; - java.nio.Buffer::checkIndex@8
                      ; - java.nio.DirectByteBuffer::get@11
                      ; - net.minecraft.client.renderer.entity.ItemRenderer::shadowdrop$isInSlot@250 (line 3674)
  0x00000287ce5bca7c: 602d eafe 

  0x00000287ce5bca80: ;   {post_call_nop}
  0x00000287ce5bca80: 0f1f 8400 | f80a 0018 | bae4 ffff | ff4c 8954 

  0x00000287ce5bca90: ;   {runtime_call UncommonTrapBlob}
  0x00000287ce5bca90: 2430 90e8 

  0x00000287ce5bca94: ; ImmutableOopMap {[32]=Oop [48]=Oop }
                      ;*iaload {reexecute=0 rethrow=0 return_oop=0}
                      ; - net.minecraft.client.renderer.entity.ItemRenderer::shadowdrop$isInSlot@311 (line 3681)
  0x00000287ce5bca94: 482d eafe 

  0x00000287ce5bca98: ;   {post_call_nop}
  0x00000287ce5bca98: 0f1f 8400 | 100b 0019 | ba45 ffff | ff4c 894c | 2420 4c89 

  0x00000287ce5bcaac: ;   {runtime_call UncommonTrapBlob}
  0x00000287ce5bcaac: 4c24 28e8 

  0x00000287ce5bcab0: ; ImmutableOopMap {rbp=Oop [32]=Oop [40]=Oop }
                      ;*ifnull {reexecute=1 rethrow=0 return_oop=0}
                      ; - (reexecute) java.nio.Buffer::session@4
                      ; - java.nio.DirectByteBuffer::get@4
                      ; - net.minecraft.client.renderer.entity.ItemRenderer::shadowdrop$isInSlot@238 (line 3673)
  0x00000287ce5bcab0: 2c2d eafe 

  0x00000287ce5bcab4: ;   {post_call_nop}
  0x00000287ce5bcab4: 0f1f 8400 | 2c0b 001a | ba45 ffff | ff8b 6c24 | 0844 8964 | 240c 4489 | 6424 1044 | 895c 2414 
  0x00000287ce5bcad4: 8944 2428 | 895c 242c 

  0x00000287ce5bcadc: ;   {runtime_call UncommonTrapBlob}
  0x00000287ce5bcadc: 6666 90e8 

  0x00000287ce5bcae0: ; ImmutableOopMap {}
                      ;*if_icmplt {reexecute=1 rethrow=0 return_oop=0}
                      ; - (reexecute) java.util.ArrayList$Itr::next@17
                      ; - net.minecraft.client.renderer.entity.ItemRenderer::shadowdrop$isInSlot@166 (line 3665)
  0x00000287ce5bcae0: fc2c eafe 

  0x00000287ce5bcae4: ;   {post_call_nop}
  0x00000287ce5bcae4: 0f1f 8400 | 5c0b 001b | bade ffff | ff8b 6c24 | 084c 8964 

  0x00000287ce5bcaf8: ;   {runtime_call UncommonTrapBlob}
  0x00000287ce5bcaf8: 2418 90e8 

  0x00000287ce5bcafc: ; ImmutableOopMap {[24]=Oop [40]=Oop }
                      ;*checkcast {reexecute=0 rethrow=0 return_oop=0}
                      ; - net.minecraft.client.renderer.entity.ItemRenderer::shadowdrop$isInSlot@9 (line 3647)
  0x00000287ce5bcafc: e02c eafe 

  0x00000287ce5bcb00: ;   {post_call_nop}
  0x00000287ce5bcb00: 0f1f 8400 | 780b 001c | 41ff c3eb | 0345 33db | 458b e341 | 8bec ffc5 | bade ffff | ff4c 8954 
  0x00000287ce5bcb20: 2410 4489 | 6424 0c89 

  0x00000287ce5bcb28: ;   {runtime_call UncommonTrapBlob}
  0x00000287ce5bcb28: 5c24 28e8 

  0x00000287ce5bcb2c: ; ImmutableOopMap {[16]=Oop }
                      ;*checkcast {reexecute=0 rethrow=0 return_oop=0}
                      ; - net.minecraft.client.renderer.entity.ItemRenderer::shadowdrop$isInSlot@171 (line 3665)
  0x00000287ce5bcb2c: b02c eafe 

  0x00000287ce5bcb30: ;   {post_call_nop}
  0x00000287ce5bcb30: 0f1f 8400 | a80b 001d | bade ffff | ff44 8b44 | 2418 4489 | 4424 1448 | 8944 2428 

  0x00000287ce5bcb4c: ;   {runtime_call UncommonTrapBlob}
  0x00000287ce5bcb4c: 6666 90e8 

  0x00000287ce5bcb50: ; ImmutableOopMap {[32]=Oop [40]=Oop }
                      ;*checkcast {reexecute=0 rethrow=0 return_oop=0}
                      ; - net.minecraft.client.renderer.entity.ItemRenderer::shadowdrop$isInSlot@301 (line 3679)
  0x00000287ce5bcb50: 8c2c eafe 

  0x00000287ce5bcb54: ;   {post_call_nop}
  0x00000287ce5bcb54: 0f1f 8400 | cc0b 001e | baf6 ffff 

  0x00000287ce5bcb60: ;   {runtime_call UncommonTrapBlob}
  0x00000287ce5bcb60: ff66 90e8 

  0x00000287ce5bcb64: ; ImmutableOopMap {}
                      ;*invokevirtual get {reexecute=0 rethrow=0 return_oop=0}
                      ; - net.minecraft.client.renderer.entity.ItemRenderer::shadowdrop$isInSlot@6 (line 3647)
  0x00000287ce5bcb64: 782c eafe 

  0x00000287ce5bcb68: ;   {post_call_nop}
  0x00000287ce5bcb68: 0f1f 8400 | e00b 001f | baf6 ffff 

  0x00000287ce5bcb74: ;   {runtime_call UncommonTrapBlob}
  0x00000287ce5bcb74: ff66 90e8 

  0x00000287ce5bcb78: ; ImmutableOopMap {}
                      ;*arraylength {reexecute=0 rethrow=0 return_oop=0}
                      ; - java.util.ArrayList::hashCodeRange@7
                      ; - java.util.ArrayList::hashCode@11
                      ; - net.minecraft.client.renderer.entity.ItemRenderer::shadowdrop$isInSlot@16 (line 3648)
  0x00000287ce5bcb78: 642c eafe 

  0x00000287ce5bcb7c: ;   {post_call_nop}
  0x00000287ce5bcb7c: 0f1f 8400 | f40b 0020 | baf6 ffff 

  0x00000287ce5bcb88: ;   {runtime_call UncommonTrapBlob}
  0x00000287ce5bcb88: ff66 90e8 

  0x00000287ce5bcb8c: ; ImmutableOopMap {}
                      ;*invokevirtual getWindow {reexecute=0 rethrow=0 return_oop=0}
                      ; - net.minecraft.client.renderer.entity.ItemRenderer::shadowdrop$isInSlot@105 (line 3659)
  0x00000287ce5bcb8c: 502c eafe 

  0x00000287ce5bcb90: ;   {post_call_nop}
  0x00000287ce5bcb90: 0f1f 8400 | 080c 0021 | baf6 ffff 

  0x00000287ce5bcb9c: ;   {runtime_call UncommonTrapBlob}
  0x00000287ce5bcb9c: ff66 90e8 

  0x00000287ce5bcba0: ; ImmutableOopMap {}
                      ;*invokevirtual getGuiScale {reexecute=0 rethrow=0 return_oop=0}
                      ; - net.minecraft.client.renderer.entity.ItemRenderer::shadowdrop$isInSlot@112 (line 3660)
  0x00000287ce5bcba0: 3c2c eafe 

  0x00000287ce5bcba4: ;   {post_call_nop}
  0x00000287ce5bcba4: 0f1f 8400 | 1c0c 0022 | 4c89 4424 | 1089 5c24 | 0c48 8954 | 2420 4c89 | 4c24 4044 | 895c 2448 
  0x00000287ce5bcbc4: 4489 6424 | 4cba 45ff 

  0x00000287ce5bcbcc: ;   {runtime_call UncommonTrapBlob}
  0x00000287ce5bcbcc: ffff 90e8 

  0x00000287ce5bcbd0: ; ImmutableOopMap {[16]=Oop [32]=Oop [40]=Oop [64]=Oop }
                      ;*ifnonnull {reexecute=1 rethrow=0 return_oop=0}
                      ; - (reexecute) java.util.ArrayList::hashCodeRange@44
                      ; - java.util.ArrayList::hashCode@11
                      ; - net.minecraft.client.renderer.entity.ItemRenderer::shadowdrop$isInSlot@16 (line 3648)
  0x00000287ce5bcbd0: 0c2c eafe 

  0x00000287ce5bcbd4: ;   {post_call_nop}
  0x00000287ce5bcbd4: 0f1f 8400 | 4c0c 0023 | 4533 dbe9 | effb ffff | baf6 ffff 

  0x00000287ce5bcbe8: ;   {runtime_call UncommonTrapBlob}
  0x00000287ce5bcbe8: ff66 90e8 

  0x00000287ce5bcbec: ; ImmutableOopMap {}
                      ;*invokevirtual get {reexecute=0 rethrow=0 return_oop=0}
                      ; - net.minecraft.client.renderer.entity.ItemRenderer::shadowdrop$isInSlot@238 (line 3673)
  0x00000287ce5bcbec: f02b eafe 

  0x00000287ce5bcbf0: ;   {post_call_nop}
  0x00000287ce5bcbf0: 0f1f 8400 | 680c 0024 | baf4 ffff | ff44 8b54 | 2418 4489 

  0x00000287ce5bcc04: ;   {runtime_call UncommonTrapBlob}
  0x00000287ce5bcc04: 5424 14e8 

  0x00000287ce5bcc08: ; ImmutableOopMap {[32]=Oop }
                      ;*checkcast {reexecute=0 rethrow=0 return_oop=0}
                      ; - net.minecraft.client.renderer.entity.ItemRenderer::shadowdrop$isInSlot@301 (line 3679)
  0x00000287ce5bcc08: d42b eafe 

  0x00000287ce5bcc0c: ;   {post_call_nop}
  0x00000287ce5bcc0c: 0f1f 8400 | 840c 0025 | baf6 ffff 

  0x00000287ce5bcc18: ;   {runtime_call UncommonTrapBlob}
  0x00000287ce5bcc18: ff66 90e8 

  0x00000287ce5bcc1c: ; ImmutableOopMap {}
                      ;*getfield size {reexecute=1 rethrow=0 return_oop=0}
                      ; - (reexecute) java.util.ArrayList$Itr::hasNext@8
                      ; - net.minecraft.client.renderer.entity.ItemRenderer::shadowdrop$isInSlot@286 (line 3679)
  0x00000287ce5bcc1c: c02b eafe 

  0x00000287ce5bcc20: ;   {post_call_nop}
  0x00000287ce5bcc20: 0f1f 8400 | 980c 0026 | 488b d0eb | 2348 8bd0 | eb1e 488b | d0eb 1948 | 8bd0 eb14 | 488b d0eb 
  0x00000287ce5bcc40: 0feb 0048 | 8bd0 eb08 | 488b d0eb | 0348 8bd0 | 4883 c460 

  0x00000287ce5bcc54: ;   {runtime_call C2 Runtime rethrow}
  0x00000287ce5bcc54: 5de9 06af | f3fe 4d8b | 1849 83fb | 000f 84bb | f7ff ff4d | 8b4f 384d | 85c9 0f84 | 1400 0000 
  0x00000287ce5bcc74: 4983 e908 | 4d89 4f38 | 4d03 4f40 | 4d89 19e9 | 9af7 ffff | 4883 ec30 | 4c89 4424 | 2848 8944 
  0x00000287ce5bcc94: 2420 498b | cb49 8bd7 

  0x00000287ce5bcc9c: ;   {runtime_call}
  0x00000287ce5bcc9c: 48b8 d081 | 02ba fb7f | 0000 ffd0 | 488b 4424 | 204c 8b44 | 2428 c5f8 | 7748 83c4 | 30e9 64f7 
  0x00000287ce5bccbc: ffff f083 | 4424 c000 | 4180 3900 | 0f84 8ff7 | ffff 41c6 | 0100 4d8b | 5f50 4d85 | db0f 8414 
  0x00000287ce5bccdc: 0000 0049 | 83eb 084d | 895f 504d | 035f 584d | 890b e96a | f7ff ff48 | 83ec 3048 | 8944 2428 
  0x00000287ce5bccfc: 498b c949 

  0x00000287ce5bcd00: ;   {runtime_call}
  0x00000287ce5bcd00: 8bd7 48b8 | b081 02ba | fb7f 0000 | ffd0 488b | 4424 28c5 | f877 4883 | c430 e93e 

  0x00000287ce5bcd1c: ;   {internal_word}
  0x00000287ce5bcd1c: f7ff ff49 | baab c35b | ce87 0200 | 004d 8997 | e004 0000 

  0x00000287ce5bcd30: ;   {runtime_call SafepointBlob}
  0x00000287ce5bcd30: e92b 42dd | fe48 83ec | 08c5 fb11 

  0x00000287ce5bcd3c: ;   {runtime_call Stub::d2i_fixup}
  0x00000287ce5bcd3c: 0424 e826 | 47d8 fe41 | 5ce9 d0f4 

  0x00000287ce5bcd48: ;   {runtime_call Stub::method_entry_barrier}
  0x00000287ce5bcd48: ffff e871 | 73db fee9 | 56f3 ffff | f4f4 f4f4 
[Stub Code]
  0x00000287ce5bcd58: ;   {static_stub}
  0x00000287ce5bcd58: 48bb 0000 | 0000 0000 

  0x00000287ce5bcd60: ;   {runtime_call nmethod}
  0x00000287ce5bcd60: 0000 e9fb 

  0x00000287ce5bcd64: ;   {static_stub}
  0x00000287ce5bcd64: ffff ff48 | bb00 0000 | 0000 0000 

  0x00000287ce5bcd70: ;   {runtime_call nmethod}
  0x00000287ce5bcd70: 00e9 fbff 

  0x00000287ce5bcd74: ;   {static_stub}
  0x00000287ce5bcd74: ffff 48bb | 0000 0000 | 0000 0000 

  0x00000287ce5bcd80: ;   {runtime_call nmethod}
  0x00000287ce5bcd80: e9fb ffff 

  0x00000287ce5bcd84: ;   {static_stub}
  0x00000287ce5bcd84: ff48 bbc8 | 37ee d78f 

  0x00000287ce5bcd8c: ;   {runtime_call I2C/C2I adapters}
  0x00000287ce5bcd8c: 0200 00e9 | 3b79 0eff 

  0x00000287ce5bcd94: ;   {static_stub}
  0x00000287ce5bcd94: 48bb 5077 | 2296 0000 

  0x00000287ce5bcd9c: ;   {runtime_call I2C/C2I adapters}
  0x00000287ce5bcd9c: 0000 e98e 

  0x00000287ce5bcda0: ;   {static_stub}
  0x00000287ce5bcda0: 32dd fe48 | bb00 0000 | 0000 0000 

  0x00000287ce5bcdac: ;   {runtime_call nmethod}
  0x00000287ce5bcdac: 00e9 fbff 

  0x00000287ce5bcdb0: ;   {runtime_call ExceptionBlob}
  0x00000287ce5bcdb0: ffff e929 | 2dea fee8 | 0000 0000 | 4883 2c24 

  0x00000287ce5bcdc0: ;   {runtime_call DeoptimizationBlob}
  0x00000287ce5bcdc0: 05e9 9a44 | ddfe f4f4 
[/MachCode]


---------------  P R O C E S S  ---------------

Threads class SMR info:
_java_thread_list=0x00000287b0d6b120, length=157, elements={
0x00000287c00c9af0, 0x00000287d5c3d540, 0x00000287d5c3dd00, 0x00000287d5c45cb0,
0x00000287d5c4a160, 0x00000287d5c53750, 0x00000287d5c559b0, 0x00000287d5c5d950,
0x00000287d5c5e370, 0x00000287aacb07b0, 0x00000287af57e390, 0x00000287af71e320,
0x00000287d5c51d20, 0x00000287afdcc070, 0x00000287afdcfef0, 0x00000287afdcc840,
0x00000287afdd35a0, 0x00000287afdd1e30, 0x00000287afdd2600, 0x00000287b0e5fd60,
0x00000287b2cc6480, 0x00000287b2cc83c0, 0x00000287b2cc6c50, 0x00000287b2cc9360,
0x00000287b2ccca10, 0x00000287b2cc9b30, 0x00000287b2ccb2a0, 0x00000287b2ccc240,
0x00000287b0e5c6b0, 0x00000287b0e5ce80, 0x00000287b0e614d0, 0x00000287afdcd7e0,
0x00000287af1edac0, 0x00000287aff13b40, 0x00000287aff152b0, 0x00000287aff12ba0,
0x00000287aff16a20, 0x00000287aff179c0, 0x00000287b0ece370, 0x00000287b0ecdba0,
0x00000287b04e6b60, 0x00000287b04eb980, 0x00000287b04ee860, 0x00000287bc0e6400,
0x00000287bc0e5460, 0x00000287bc0e7b70, 0x00000287bc0e44c0, 0x00000287bc0e0e10,
0x0000028fda2e4930, 0x0000028fda2e7fe0, 0x0000028fda2ef510, 0x0000028fda2e6870,
0x0000028fda2edda0, 0x0000028fda2f1450, 0x0000028fda2f23f0, 0x0000028fdaf4a690,
0x0000028fdaf48f20, 0x0000028fdaf4cda0, 0x0000028fed888fb0, 0x0000028fed889f50,
0x0000028fed887070, 0x0000028fed8887e0, 0x0000028fed88c660, 0x0000028feeb65090,
0x0000028feeb62980, 0x0000028feeb6ae50, 0x0000028feeb6e500, 0x0000028feeb6b620,
0x0000028feeb70440, 0x0000028feeb72b50, 0x0000028feeb71bb0, 0x0000028feeb73af0,
0x0000028fed884960, 0x0000028fed89d000, 0x0000028fdaf496f0, 0x0000028fed89a8f0,
0x00000287b0ecb490, 0x0000029018e2b530, 0x0000029018e2ebe0, 0x0000029018e2a590,
0x0000029018e2bd00, 0x0000029018e2ad60, 0x0000029018e32a60, 0x0000029018e30350,
0x0000029018e32290, 0x0000029018e36110, 0x0000029018e368e0, 0x0000029018e46ab0,
0x0000028fdaf4f4b0, 0x00000287b0ec7610, 0x0000028fed89b0c0, 0x0000028fdaf51bc0,
0x00000287bc0e8b10, 0x00000287b0e5d650, 0x00000290a4ee5cf0, 0x00000290a4ec9fa0,
0x00000290a4ec70c0, 0x00000290a4ec97d0, 0x00000290a4ecaf40, 0x00000290a4ecbee0,
0x00000290a4ecc6b0, 0x00000290a4ecce80, 0x00000290a4ed2470, 0x00000290a4edd820,
0x00000290a4eddff0, 0x00000290a4ee16a0, 0x00000290a4ee2e10, 0x00000290a4ecd650,
0x00000290a4ecb710, 0x00000290a4ecf590, 0x00000290a4ee4d50, 0x00000290bd02b830,
0x00000290bd0298f0, 0x00000290bd02c000, 0x00000290bd02fe80, 0x00000290bd02d770,
0x00000290bd02e710, 0x00000290bd02f6b0, 0x00000290bd032590, 0x00000290bd02eee0,
0x00000290bd033d00, 0x00000290bd032d60, 0x00000290bd036410, 0x00000290bd036be0,
0x00000290bd034ca0, 0x00000290bd037b80, 0x00000290bd038350, 0x00000290bd023b30,
0x00000290bd0279b0, 0x00000290bd03b230, 0x00000290bd009d20, 0x00000290bd01ed10,
0x00000290bd01e540, 0x00000290bd01f4e0, 0x00000290bd01be30, 0x00000290bd01d5a0,
0x00000290bd020c50, 0x00000290bd01dd70, 0x00000290bd024ad0, 0x00000290bd025a70,
0x00000290bd023360, 0x00000290bd0392f0, 0x0000028feeb5ac80, 0x0000028feeb5cbc0,
0x0000028feeb619e0, 0x0000028feeb5f2d0, 0x00000290bd876a50, 0x00000290bd874200,
0x00000290bd878280, 0x00000290ba5f7160, 0x00000287b92e59b0, 0x00000287b92e2140,
0x00000287b7d6c320, 0x00000287b6a51fb0, 0x00000290bd876240, 0x0000028feeb640f0,
0x0000028feeb61210
}

Java Threads: ( => current thread )
=>0x00000287c00c9af0 JavaThread "Render thread"                     [_thread_in_native, id=2436, stack(0x000000eef7a00000,0x000000eef7b00000) (1024K)]
  0x00000287d5c3d540 JavaThread "Reference Handler"          daemon [_thread_blocked, id=12148, stack(0x000000eef8200000,0x000000eef8300000) (1024K)]
  0x00000287d5c3dd00 JavaThread "Finalizer"                  daemon [_thread_blocked, id=20320, stack(0x000000eef8300000,0x000000eef8400000) (1024K)]
  0x00000287d5c45cb0 JavaThread "Signal Dispatcher"          daemon [_thread_blocked, id=20156, stack(0x000000eef8400000,0x000000eef8500000) (1024K)]
  0x00000287d5c4a160 JavaThread "Attach Listener"            daemon [_thread_blocked, id=19956, stack(0x000000eef8500000,0x000000eef8600000) (1024K)]
  0x00000287d5c53750 JavaThread "Service Thread"             daemon [_thread_blocked, id=1388, stack(0x000000eef8600000,0x000000eef8700000) (1024K)]
  0x00000287d5c559b0 JavaThread "Monitor Deflation Thread"   daemon [_thread_blocked, id=18888, stack(0x000000eef8700000,0x000000eef8800000) (1024K)]
  0x00000287d5c5d950 JavaThread "C2 CompilerThread0"         daemon [_thread_blocked, id=18712, stack(0x000000eef8800000,0x000000eef8900000) (1024K)]
  0x00000287d5c5e370 JavaThread "C1 CompilerThread0"         daemon [_thread_blocked, id=19756, stack(0x000000eef8900000,0x000000eef8a00000) (1024K)]
  0x00000287aacb07b0 JavaThread "Common-Cleaner"             daemon [_thread_blocked, id=19572, stack(0x000000eef8b00000,0x000000eef8c00000) (1024K)]
  0x00000287af57e390 JavaThread "Notification Thread"        daemon [_thread_blocked, id=17360, stack(0x000000eef8f00000,0x000000eef9000000) (1024K)]
  0x00000287af71e320 JavaThread "Theseus RPC Main"           daemon [_thread_blocked, id=2676, stack(0x000000eef9000000,0x000000eef9100000) (1024K)]
  0x00000287d5c51d20 JavaThread "Theseus RPC Read"           daemon [_thread_in_native, id=12240, stack(0x000000eef9100000,0x000000eef9200000) (1024K)]
  0x00000287afdcc070 JavaThread "ForkJoinPool.commonPool-worker-1" daemon [_thread_blocked, id=2416, stack(0x000000eefa400000,0x000000eefa500000) (1024K)]
  0x00000287afdcfef0 JavaThread "ForkJoinPool.commonPool-worker-2" daemon [_thread_blocked, id=2788, stack(0x000000eefa500000,0x000000eefa600000) (1024K)]
  0x00000287afdcc840 JavaThread "ForkJoinPool.commonPool-worker-3" daemon [_thread_blocked, id=1756, stack(0x000000eefa600000,0x000000eefa700000) (1024K)]
  0x00000287afdd35a0 JavaThread "ForkJoinPool.commonPool-worker-4" daemon [_thread_blocked, id=3636, stack(0x000000eefa700000,0x000000eefa800000) (1024K)]
  0x00000287afdd1e30 JavaThread "ForkJoinPool.commonPool-worker-5" daemon [_thread_blocked, id=19860, stack(0x000000eefa800000,0x000000eefa900000) (1024K)]
  0x00000287afdd2600 JavaThread "ForkJoinPool.commonPool-worker-6" daemon [_thread_blocked, id=19160, stack(0x000000eefa900000,0x000000eefaa00000) (1024K)]
  0x00000287b0e5fd60 JavaThread "ForkJoinPool.commonPool-worker-7" daemon [_thread_blocked, id=18716, stack(0x000000eefaa00000,0x000000eefab00000) (1024K)]
  0x00000287b2cc6480 JavaThread "ForkJoinPool.commonPool-worker-8" daemon [_thread_blocked, id=7748, stack(0x000000eefab00000,0x000000eefac00000) (1024K)]
  0x00000287b2cc83c0 JavaThread "ForkJoinPool.commonPool-worker-11" daemon [_thread_blocked, id=20360, stack(0x000000eefac00000,0x000000eefad00000) (1024K)]
  0x00000287b2cc6c50 JavaThread "ForkJoinPool.commonPool-worker-10" daemon [_thread_blocked, id=13644, stack(0x000000eefad00000,0x000000eefae00000) (1024K)]
  0x00000287b2cc9360 JavaThread "ForkJoinPool.commonPool-worker-9" daemon [_thread_blocked, id=17784, stack(0x000000eefae00000,0x000000eefaf00000) (1024K)]
  0x00000287b2ccca10 JavaThread "ForkJoinPool.commonPool-worker-12" daemon [_thread_blocked, id=17688, stack(0x000000eefaf00000,0x000000eefb000000) (1024K)]
  0x00000287b2cc9b30 JavaThread "ForkJoinPool.commonPool-worker-13" daemon [_thread_blocked, id=18804, stack(0x000000eefb000000,0x000000eefb100000) (1024K)]
  0x00000287b2ccb2a0 JavaThread "ForkJoinPool.commonPool-worker-14" daemon [_thread_blocked, id=13976, stack(0x000000eefb100000,0x000000eefb200000) (1024K)]
  0x00000287b2ccc240 JavaThread "ForkJoinPool.commonPool-worker-15" daemon [_thread_blocked, id=11864, stack(0x000000eefb200000,0x000000eefb300000) (1024K)]
  0x00000287b0e5c6b0 JavaThread "c2me-worker-0"              daemon [_thread_blocked, id=20388, stack(0x000000eefa300000,0x000000eefa400000) (1024K)]
  0x00000287b0e5ce80 JavaThread "c2me-worker-1"              daemon [_thread_blocked, id=19612, stack(0x000000eefb300000,0x000000eefb400000) (1024K)]
  0x00000287b0e614d0 JavaThread "c2me-worker-2"              daemon [_thread_blocked, id=17240, stack(0x000000eefc300000,0x000000eefc400000) (1024K)]
  0x00000287afdcd7e0 JavaThread "c2me-worker-3"              daemon [_thread_blocked, id=14976, stack(0x000000eefc400000,0x000000eefc500000) (1024K)]
  0x00000287af1edac0 JavaThread "c2me-worker-4"              daemon [_thread_blocked, id=15264, stack(0x000000eefc500000,0x000000eefc600000) (1024K)]
  0x00000287aff13b40 JavaThread "c2me-worker-5"              daemon [_thread_blocked, id=6192, stack(0x000000eefc600000,0x000000eefc700000) (1024K)]
  0x00000287aff152b0 JavaThread "c2me-worker-6"              daemon [_thread_blocked, id=15340, stack(0x000000eefc700000,0x000000eefc800000) (1024K)]
  0x00000287aff12ba0 JavaThread "c2me-worker-7"              daemon [_thread_blocked, id=15516, stack(0x000000eefc800000,0x000000eefc900000) (1024K)]
  0x00000287aff16a20 JavaThread "c2me-worker-8"              daemon [_thread_blocked, id=12800, stack(0x000000eefc900000,0x000000eefca00000) (1024K)]
  0x00000287aff179c0 JavaThread "c2me-sched"                 daemon [_thread_blocked, id=3624, stack(0x000000eefca00000,0x000000eefcb00000) (1024K)]
  0x00000287b0ece370 JavaThread "DFU cleaning thread"        daemon [_thread_blocked, id=9716, stack(0x000000eefcc00000,0x000000eefcd00000) (1024K)]
  0x00000287b0ecdba0 JavaThread "JNA Cleaner"                daemon [_thread_blocked, id=3700, stack(0x000000eefce00000,0x000000eefcf00000) (1024K)]
  0x00000287b04e6b60 JavaThread "Timer hack thread"          daemon [_thread_blocked, id=6500, stack(0x000000eefa200000,0x000000eefa300000) (1024K)]
  0x00000287b04eb980 JavaThread "Yggdrasil Key Fetcher"      daemon [_thread_blocked, id=18472, stack(0x000000eefcd00000,0x000000eefce00000) (1024K)]
  0x00000287b04ee860 JavaThread "Java2D Disposer"            daemon [_thread_blocked, id=10000, stack(0x000000eefd700000,0x000000eefd800000) (1024K)]
  0x00000287bc0e6400 JavaThread "FileSystemWatchService"     daemon [_thread_in_native, id=11256, stack(0x000000eefde00000,0x000000eefdf00000) (1024K)]
  0x00000287bc0e5460 JavaThread "Config Lib config file watcher" daemon [_thread_blocked, id=16488, stack(0x000000eefdf00000,0x000000eefe000000) (1024K)]
  0x00000287bc0e7b70 JavaThread "FileSystemWatchService"     daemon [_thread_in_native, id=4988, stack(0x000000eefe000000,0x000000eefe100000) (1024K)]
  0x00000287bc0e44c0 JavaThread "config-file-watcher-0-0"    daemon [_thread_blocked, id=7508, stack(0x000000eefe100000,0x000000eefe200000) (1024K)]
  0x00000287bc0e0e10 JavaThread "HttpClient-1-SelectorManager" daemon [_thread_in_native, id=13324, stack(0x000000eefdd00000,0x000000eefde00000) (1024K)]
  0x0000028fda2e4930 JavaThread "AWT-Windows"                daemon [_thread_in_native, id=6632, stack(0x000000eefe600000,0x000000eefe700000) (1024K)]
  0x0000028fda2e7fe0 JavaThread "FileWatcher-1-thread-1"     daemon [_thread_blocked, id=19772, stack(0x000000eefe900000,0x000000eefea00000) (1024K)]
  0x0000028fda2ef510 JavaThread "kubejs-background-thread"   daemon [_thread_blocked, id=2380, stack(0x000000eefee00000,0x000000eefef00000) (1024K)]
  0x0000028fda2e6870 JavaThread "VirtualThread-unblocker"    daemon [_thread_blocked, id=14608, stack(0x000000eefe500000,0x000000eefe600000) (1024K)]
  0x0000028fda2edda0 JavaThread "ForkJoinPool-4-worker-1"    daemon [_thread_blocked, id=10780, stack(0x000000eefef00000,0x000000eeff000000) (1024K)]
  0x0000028fda2f1450 JavaThread "FileSystemWatchService"     daemon [_thread_in_native, id=17252, stack(0x000000eeff000000,0x000000eeff100000) (1024K)]
  0x0000028fda2f23f0 JavaThread "FileSystemWatchService"     daemon [_thread_in_native, id=4412, stack(0x000000eeff100000,0x000000eeff200000) (1024K)]
  0x0000028fdaf4a690 JavaThread "modloading-sync-worker"     daemon [_thread_blocked, id=16416, stack(0x000000eeff300000,0x000000eeff400000) (1024K)]
  0x0000028fdaf48f20 JavaThread "ForkJoinPool-4-worker-2"    daemon [_thread_blocked, id=19240, stack(0x000000eefd900000,0x000000eefda00000) (1024K)]
  0x0000028fdaf4cda0 JavaThread "ForkJoinPool-4-worker-3"    daemon [_thread_blocked, id=9748, stack(0x000000eefdb00000,0x000000eefdc00000) (1024K)]
  0x0000028fed888fb0 JavaThread "FancyMenu-JsonPlaceholder-Cleanup" daemon [_thread_blocked, id=16336, stack(0x000000ee80a00000,0x000000ee80b00000) (1024K)]
  0x0000028fed889f50 JavaThread "pool-23-thread-1"                  [_thread_blocked, id=20324, stack(0x000000ee80b00000,0x000000ee80c00000) (1024K)]
  0x0000028fed887070 JavaThread "pool-24-thread-1"                  [_thread_blocked, id=14588, stack(0x000000ee80c00000,0x000000ee80d00000) (1024K)]
  0x0000028fed8887e0 JavaThread "Thread-22"                         [_thread_blocked, id=4084, stack(0x000000ee80800000,0x000000ee80900000) (1024K)]
  0x0000028fed88c660 JavaThread "Thread-23"                         [_thread_blocked, id=11504, stack(0x000000ee80900000,0x000000ee80a00000) (1024K)]
  0x0000028feeb65090 JavaThread "Auto-Sync thread"           daemon [_thread_blocked, id=19344, stack(0x000000ee82d00000,0x000000ee82e00000) (1024K)]
  0x0000028feeb62980 JavaThread "pool-25-thread-1"                  [_thread_blocked, id=12636, stack(0x000000ee80000000,0x000000ee80100000) (1024K)]
  0x0000028feeb6ae50 JavaThread "HttpClient-3-SelectorManager" daemon [_thread_in_native, id=7772, stack(0x000000ee82f00000,0x000000ee83000000) (1024K)]
  0x0000028feeb6e500 JavaThread "FileSystemWatchService"     daemon [_thread_in_native, id=14864, stack(0x000000ee83300000,0x000000ee83400000) (1024K)]
  0x0000028feeb6b620 JavaThread "Config-Watcher"             daemon [_thread_blocked, id=15080, stack(0x000000ee83400000,0x000000ee83500000) (1024K)]
  0x0000028feeb70440 JavaThread "Thread-32"                  daemon [_thread_blocked, id=11480, stack(0x000000ee83500000,0x000000ee83600000) (1024K)]
  0x0000028feeb72b50 JavaThread "pool-26-thread-1"                  [_thread_blocked, id=300, stack(0x000000ee83600000,0x000000ee83700000) (1024K)]
  0x0000028feeb71bb0 JavaThread "pool-26-thread-2"                  [_thread_blocked, id=11912, stack(0x000000ee83700000,0x000000ee83800000) (1024K)]
  0x0000028feeb73af0 JavaThread "pool-26-thread-3"                  [_thread_blocked, id=19112, stack(0x000000ee83800000,0x000000ee83900000) (1024K)]
  0x0000028fed884960 JavaThread "KubeJS 2101.7.2-build.368"  daemon [_thread_in_native, id=2920, stack(0x000000ee83a00000,0x000000ee83b00000) (1024K)]
  0x0000028fed89d000 JavaThread "WSKeepAliveThread-/api/updates" daemon [_thread_blocked, id=19840, stack(0x000000ee83b00000,0x000000ee83c00000) (1024K)]
  0x0000028fdaf496f0 JavaThread "pool-26-thread-4"                  [_thread_blocked, id=17772, stack(0x000000ee83c00000,0x000000ee83d00000) (1024K)]
  0x0000028fed89a8f0 JavaThread "pool-26-thread-5"                  [_thread_blocked, id=16864, stack(0x000000ee81900000,0x000000ee81a00000) (1024K)]
  0x00000287b0ecb490 JavaThread "pool-26-thread-6"                  [_thread_blocked, id=1356, stack(0x000000ee83d00000,0x000000ee83e00000) (1024K)]
  0x0000029018e2b530 JavaThread "pool-26-thread-7"                  [_thread_blocked, id=16632, stack(0x000000ee80600000,0x000000ee80700000) (1024K)]
  0x0000029018e2ebe0 JavaThread "pool-26-thread-8"                  [_thread_blocked, id=6636, stack(0x000000ee84000000,0x000000ee84100000) (1024K)]
  0x0000029018e2a590 JavaThread "pool-26-thread-9"                  [_thread_blocked, id=11216, stack(0x000000ee82e00000,0x000000ee82f00000) (1024K)]
  0x0000029018e2bd00 JavaThread "pool-26-thread-10"                 [_thread_blocked, id=6708, stack(0x000000ee83100000,0x000000ee83200000) (1024K)]
  0x0000029018e2ad60 JavaThread "pool-26-thread-11"                 [_thread_blocked, id=9880, stack(0x000000ee83200000,0x000000ee83300000) (1024K)]
  0x0000029018e32a60 JavaThread "pool-26-thread-12"                 [_thread_blocked, id=13316, stack(0x000000ee81d00000,0x000000ee81e00000) (1024K)]
  0x0000029018e30350 JavaThread "pool-26-thread-13"                 [_thread_blocked, id=18552, stack(0x000000ee81e00000,0x000000ee81f00000) (1024K)]
  0x0000029018e32290 JavaThread "pool-26-thread-14"                 [_thread_blocked, id=19648, stack(0x000000ee83e00000,0x000000ee83f00000) (1024K)]
  0x0000029018e36110 JavaThread "pool-26-thread-15"                 [_thread_blocked, id=14448, stack(0x000000ee84200000,0x000000ee84300000) (1024K)]
  0x0000029018e368e0 JavaThread "pool-26-thread-16"                 [_thread_blocked, id=9244, stack(0x000000ee84300000,0x000000ee84400000) (1024K)]
  0x0000029018e46ab0 JavaThread "ForkJoinPool-4-delayScheduler" daemon [_thread_blocked, id=8892, stack(0x000000ee85300000,0x000000ee85400000) (1024K)]
  0x0000028fdaf4f4b0 JavaThread "CullThread"                 daemon [_thread_blocked, id=19808, stack(0x000000ee85800000,0x000000ee85900000) (1024K)]
  0x00000287b0ec7610 JavaThread "Server thread"                     [_thread_blocked, id=17208, stack(0x000000ee85e00000,0x000000ee85f00000) (1024K)]
  0x0000028fed89b0c0 JavaThread "HttpClient-5-SelectorManager" daemon [_thread_in_native, id=14476, stack(0x000000ee85f00000,0x000000ee86000000) (1024K)]
  0x0000028fdaf51bc0 JavaThread "C2ME Storage #1"            daemon [_thread_blocked, id=15988, stack(0x000000ee86000000,0x000000ee86100000) (1024K)]
  0x00000287bc0e8b10 JavaThread "C2ME Storage #2"            daemon [_thread_blocked, id=9852, stack(0x000000ee86100000,0x000000ee86200000) (1024K)]
  0x00000287b0e5d650 JavaThread "C2ME Storage #3"            daemon [_thread_blocked, id=7460, stack(0x000000ee86200000,0x000000ee86300000) (1024K)]
  0x00000290a4ee5cf0 JavaThread "C2ME Storage #4"            daemon [_thread_blocked, id=2624, stack(0x000000ee86300000,0x000000ee86400000) (1024K)]
  0x00000290a4ec9fa0 JavaThread "C2ME Storage #5"            daemon [_thread_blocked, id=19080, stack(0x000000ee86400000,0x000000ee86500000) (1024K)]
  0x00000290a4ec70c0 JavaThread "C2ME Storage #6"            daemon [_thread_blocked, id=18996, stack(0x000000ee85a00000,0x000000ee85b00000) (1024K)]
  0x00000290a4ec97d0 JavaThread "C2ME Storage #7"            daemon [_thread_blocked, id=13064, stack(0x000000ee86500000,0x000000ee86600000) (1024K)]
  0x00000290a4ecaf40 JavaThread "C2ME Storage #8"            daemon [_thread_blocked, id=19196, stack(0x000000ee86600000,0x000000ee86700000) (1024K)]
  0x00000290a4ecbee0 JavaThread "C2ME Storage #9"            daemon [_thread_blocked, id=9420, stack(0x000000ee85600000,0x000000ee85700000) (1024K)]
  0x00000290a4ecc6b0 JavaThread "RxCachedWorkerPoolEvictor-1" daemon [_thread_blocked, id=3972, stack(0x000000ee86b00000,0x000000ee86c00000) (1024K)]
  0x00000290a4ecce80 JavaThread "ThreadStateHolderCleaner"   daemon [_thread_blocked, id=2444, stack(0x000000ee86c00000,0x000000ee86d00000) (1024K)]
  0x00000290a4ed2470 JavaThread "minecraft_overworld - Light" daemon [_thread_blocked, id=9660, stack(0x000000ee86d00000,0x000000ee86e00000) (1024K)]
  0x00000290a4edd820 JavaThread "ModernFix integrated server watchdog" daemon [_thread_blocked, id=10956, stack(0x000000ee86f00000,0x000000ee87000000) (1024K)]
  0x00000290a4eddff0 JavaThread "C2ME Storage #13"           daemon [_thread_blocked, id=5332, stack(0x000000ee87000000,0x000000ee87100000) (1024K)]
  0x00000290a4ee16a0 JavaThread "C2ME Storage #14"           daemon [_thread_blocked, id=18208, stack(0x000000ee87100000,0x000000ee87200000) (1024K)]
  0x00000290a4ee2e10 JavaThread "C2ME Storage #15"           daemon [_thread_blocked, id=17604, stack(0x000000ee87200000,0x000000ee87300000) (1024K)]
  0x00000290a4ecd650 JavaThread "Netty Server IO #0"         daemon [_thread_in_native, id=15972, stack(0x000000ee85400000,0x000000ee85500000) (1024K)]
  0x00000290a4ecb710 JavaThread "Netty Local Client IO #0"   daemon [_thread_blocked, id=4844, stack(0x000000ee85900000,0x000000ee85a00000) (1024K)]
  0x00000290a4ecf590 JavaThread "Netty Server IO #1"         daemon [_thread_in_native, id=19548, stack(0x000000ee86700000,0x000000ee86800000) (1024K)]
  0x00000290a4ee4d50 JavaThread "Sound engine"               daemon [_thread_blocked, id=4124, stack(0x000000ee81a00000,0x000000ee81b00000) (1024K)]
  0x00000290bd02b830 JavaThread "Chunk Render Task Executor #0"        [_thread_blocked, id=5020, stack(0x000000ee84800000,0x000000ee84900000) (1024K)]
  0x00000290bd0298f0 JavaThread "Chunk Render Task Executor #1"        [_thread_blocked, id=20332, stack(0x000000ee84900000,0x000000ee84a00000) (1024K)]
  0x00000290bd02c000 JavaThread "Chunk Render Task Executor #2"        [_thread_blocked, id=1476, stack(0x000000ee84a00000,0x000000ee84b00000) (1024K)]
  0x00000290bd02fe80 JavaThread "Chunk Render Task Executor #3"        [_thread_blocked, id=17412, stack(0x000000ee84e00000,0x000000ee84f00000) (1024K)]
  0x00000290bd02d770 JavaThread "Chunk Render Task Executor #4"        [_thread_blocked, id=10916, stack(0x000000ee84f00000,0x000000ee85000000) (1024K)]
  0x00000290bd02e710 JavaThread "Chunk Render Task Executor #5"        [_thread_blocked, id=13184, stack(0x000000ee85000000,0x000000ee85100000) (1024K)]
  0x00000290bd02f6b0 JavaThread "Chunk Render Task Executor #6"        [_thread_blocked, id=3028, stack(0x000000ee85100000,0x000000ee85200000) (1024K)]
  0x00000290bd032590 JavaThread "Chunk Render Task Executor #7"        [_thread_blocked, id=15636, stack(0x000000ee85200000,0x000000ee85300000) (1024K)]
  0x00000290bd02eee0 JavaThread "Chunk Render Task Executor #8"        [_thread_blocked, id=11000, stack(0x000000ee85d00000,0x000000ee85e00000) (1024K)]
  0x00000290bd033d00 JavaThread "Chunk Render Task Executor #9"        [_thread_blocked, id=20024, stack(0x000000ee86e00000,0x000000ee86f00000) (1024K)]
  0x00000290bd032d60 JavaThread "Chunk Render Task Executor #10"        [_thread_blocked, id=16152, stack(0x000000ee87300000,0x000000ee87400000) (1024K)]
  0x00000290bd036410 JavaThread "Chunk Render Task Executor #11"        [_thread_blocked, id=14116, stack(0x000000ee87400000,0x000000ee87500000) (1024K)]
  0x00000290bd036be0 JavaThread "Chunk Render Task Executor #12"        [_thread_blocked, id=13788, stack(0x000000ee87500000,0x000000ee87600000) (1024K)]
  0x00000290bd034ca0 JavaThread "Chunk Render Task Executor #13"        [_thread_blocked, id=2740, stack(0x000000ee87600000,0x000000ee87700000) (1024K)]
  0x00000290bd037b80 JavaThread "Chunk Render Task Executor #14"        [_thread_blocked, id=20220, stack(0x000000ee87700000,0x000000ee87800000) (1024K)]
  0x00000290bd038350 JavaThread "Chunk Render Task Executor #15"        [_thread_blocked, id=5596, stack(0x000000ee87800000,0x000000ee87900000) (1024K)]
  0x00000290bd023b30 JavaThread "IO-Worker-6"                       [_thread_blocked, id=20168, stack(0x000000ee82400000,0x000000ee82500000) (1024K)]
  0x00000290bd0279b0 JavaThread "Worker-Main-22"             daemon [_thread_blocked, id=18832, stack(0x000000ee80100000,0x000000ee80200000) (1024K)]
  0x00000290bd03b230 JavaThread "Worker-Main-23"             daemon [_thread_blocked, id=10208, stack(0x000000ee80200000,0x000000ee80300000) (1024K)]
  0x00000290bd009d20 JavaThread "Download-5"                 daemon [_thread_blocked, id=17548, stack(0x000000ee80e00000,0x000000ee80f00000) (1024K)]
  0x00000290bd01ed10 JavaThread "Worker-Main-24"             daemon [_thread_blocked, id=18016, stack(0x000000ee81700000,0x000000ee81800000) (1024K)]
  0x00000290bd01e540 JavaThread "Worker-Main-26"             daemon [_thread_blocked, id=12756, stack(0x000000ee81800000,0x000000ee81900000) (1024K)]
  0x00000290bd01f4e0 JavaThread "Worker-Main-25"             daemon [_thread_blocked, id=12484, stack(0x000000ee81b00000,0x000000ee81c00000) (1024K)]
  0x00000290bd01be30 JavaThread "Worker-Main-27"             daemon [_thread_blocked, id=9268, stack(0x000000ee82100000,0x000000ee82200000) (1024K)]
  0x00000290bd01d5a0 JavaThread "Worker-Main-28"             daemon [_thread_blocked, id=2340, stack(0x000000ee82200000,0x000000ee82300000) (1024K)]
  0x00000290bd020c50 JavaThread "Worker-Main-29"             daemon [_thread_blocked, id=2292, stack(0x000000ee82300000,0x000000ee82400000) (1024K)]
  0x00000290bd01dd70 JavaThread "Worker-Main-30"             daemon [_thread_blocked, id=17148, stack(0x000000ee82500000,0x000000ee82600000) (1024K)]
  0x00000290bd024ad0 JavaThread "Worker-Main-31"             daemon [_thread_blocked, id=18396, stack(0x000000ee82600000,0x000000ee82700000) (1024K)]
  0x00000290bd025a70 JavaThread "Worker-Main-33"             daemon [_thread_blocked, id=9868, stack(0x000000ee82700000,0x000000ee82800000) (1024K)]
  0x00000290bd023360 JavaThread "Worker-Main-32"             daemon [_thread_blocked, id=19576, stack(0x000000ee82800000,0x000000ee82900000) (1024K)]
  0x00000290bd0392f0 JavaThread "Worker-Main-34"             daemon [_thread_blocked, id=18304, stack(0x000000ee82900000,0x000000ee82a00000) (1024K)]
  0x0000028feeb5ac80 JavaThread "IO-Worker-9"                       [_thread_blocked, id=15348, stack(0x000000ee81600000,0x000000ee81700000) (1024K)]
  0x0000028feeb5cbc0 JavaThread "IO-Worker-10"                      [_thread_blocked, id=5404, stack(0x000000ee82a00000,0x000000ee82b00000) (1024K)]
  0x0000028feeb619e0 JavaThread "IO-Worker-11"                      [_thread_blocked, id=1644, stack(0x000000ee82b00000,0x000000ee82c00000) (1024K)]
  0x0000028feeb5f2d0 JavaThread "IO-Worker-12"                      [_thread_blocked, id=12688, stack(0x000000ee82c00000,0x000000ee82d00000) (1024K)]
  0x00000290bd876a50 JavaThread "C2 CompilerThread1"         daemon [_thread_blocked, id=14140, stack(0x000000ee80300000,0x000000ee80400000) (1024K)]
  0x00000290bd874200 JavaThread "C2 CompilerThread2"         daemon [_thread_blocked, id=15848, stack(0x000000ee80400000,0x000000ee80500000) (1024K)]
  0x00000290bd878280 JavaThread "C2 CompilerThread3"         daemon [_thread_blocked, id=14408, stack(0x000000ee80500000,0x000000ee80600000) (1024K)]
  0x00000290ba5f7160 JavaThread "C2 CompilerThread4"         daemon [_thread_blocked, id=19948, stack(0x000000ee80d00000,0x000000ee80e00000) (1024K)]
  0x00000287b92e59b0 JavaThread "C2 CompilerThread5"         daemon [_thread_blocked, id=9848, stack(0x000000ee80f00000,0x000000ee81000000) (1024K)]
  0x00000287b92e2140 JavaThread "C2 CompilerThread6"         daemon [_thread_blocked, id=424, stack(0x000000ee81000000,0x000000ee81100000) (1024K)]
  0x00000287b7d6c320 JavaThread "C2 CompilerThread7"         daemon [_thread_blocked, id=3096, stack(0x000000ee81100000,0x000000ee81200000) (1024K)]
  0x00000287b6a51fb0 JavaThread "C1 CompilerThread1"         daemon [_thread_blocked, id=9360, stack(0x000000ee81200000,0x000000ee81300000) (1024K)]
  0x00000290bd876240 JavaThread "C1 CompilerThread2"         daemon [_thread_blocked, id=15720, stack(0x000000ee81300000,0x000000ee81400000) (1024K)]
  0x0000028feeb640f0 JavaThread "AWT-Shutdown"                      [_thread_blocked, id=1040, stack(0x000000ee81400000,0x000000ee81500000) (1024K)]
  0x0000028feeb61210 JavaThread "AWT-EventQueue-0"                  [_thread_blocked, id=16088, stack(0x000000ee83000000,0x000000ee83100000) (1024K)]
Total: 157

Other Threads:
  0x00000287d5c2a9d0 VMThread "VM Thread"                           [id=18672, stack(0x000000eef8100000,0x000000eef8200000) (1024K)]
  0x00000287d5c1b250 WatcherThread "VM Periodic Task Thread"        [id=19416, stack(0x000000eef8000000,0x000000eef8100000) (1024K)]
  0x00000287d5ae1920 WorkerThread "GC Thread#0"                     [id=9368, stack(0x000000eef7b00000,0x000000eef7c00000) (1024K)]
  0x00000287afcdef80 WorkerThread "GC Thread#1"                     [id=8664, stack(0x000000eef9300000,0x000000eef9400000) (1024K)]
  0x00000287afcdf3b0 WorkerThread "GC Thread#2"                     [id=13736, stack(0x000000eef9400000,0x000000eef9500000) (1024K)]
  0x00000287afcdf7e0 WorkerThread "GC Thread#3"                     [id=15984, stack(0x000000eef9500000,0x000000eef9600000) (1024K)]
  0x00000287afc03990 WorkerThread "GC Thread#4"                     [id=16984, stack(0x000000eef9600000,0x000000eef9700000) (1024K)]
  0x00000287afc03dc0 WorkerThread "GC Thread#5"                     [id=2984, stack(0x000000eef9700000,0x000000eef9800000) (1024K)]
  0x00000287afc041f0 WorkerThread "GC Thread#6"                     [id=14332, stack(0x000000eef9800000,0x000000eef9900000) (1024K)]
  0x00000287afc04620 WorkerThread "GC Thread#7"                     [id=13720, stack(0x000000eef9900000,0x000000eef9a00000) (1024K)]
  0x00000287afbb8f00 WorkerThread "GC Thread#8"                     [id=3252, stack(0x000000eef9a00000,0x000000eef9b00000) (1024K)]
  0x00000287afbb7970 WorkerThread "GC Thread#9"                     [id=18592, stack(0x000000eef9b00000,0x000000eef9c00000) (1024K)]
  0x00000287afbb7dc0 WorkerThread "GC Thread#10"                    [id=12516, stack(0x000000eef9c00000,0x000000eef9d00000) (1024K)]
  0x00000287afbb8660 WorkerThread "GC Thread#11"                    [id=7956, stack(0x000000eef9d00000,0x000000eef9e00000) (1024K)]
  0x00000287afbb7520 WorkerThread "GC Thread#12"                    [id=4464, stack(0x000000eef9e00000,0x000000eef9f00000) (1024K)]
  0x00000287c010c2e0 ConcurrentGCThread "G1 Main Marker"            [id=13336, stack(0x000000eef7c00000,0x000000eef7d00000) (1024K)]
  0x00000287d5b23010 WorkerThread "G1 Conc#0"                       [id=6304, stack(0x000000eef7d00000,0x000000eef7e00000) (1024K)]
  0x00000287b3ec77d0 WorkerThread "G1 Conc#1"                       [id=4600, stack(0x000000eef9200000,0x000000eef9300000) (1024K)]
  0x00000287b3ecb430 WorkerThread "G1 Conc#2"                       [id=4920, stack(0x000000eef9f00000,0x000000eefa000000) (1024K)]
  0x00000287d5b6d640 ConcurrentGCThread "G1 Refine#0"               [id=6376, stack(0x000000eef7e00000,0x000000eef7f00000) (1024K)]
  0x00000287d5b6de50 ConcurrentGCThread "G1 Service"                [id=10536, stack(0x000000eef7f00000,0x000000eef8000000) (1024K)]
Total: 21

Threads with active compile tasks:
Total: 0

VM state: not at safepoint (normal execution)

VM Mutex/Monitor currently owned by a thread: None

CDS archive(s) mapped at: [0x0000000096000000-0x0000000096cc0000-0x0000000096cc0000), size 13369344, SharedBaseAddress: 0x0000000096000000, ArchiveRelocationMode: 1.
Compressed class space mapped at: 0x0000000097000000-0x00000000d7000000, reserved size: 1073741824
UseCompressedClassPointers 1, UseCompactObjectHeaders 0
Narrow klass pointer bits 32, Max shift 3
Narrow klass base: 0x0000000096000000, Narrow klass shift: 0
Encoding Range: [0x0000000096000000 - 0x0000000196000000), (4294967296 bytes)
Klass Range:    [0x0000000096010000 - 0x00000000d7000000), (1090453504 bytes)
Klass ID Range:  [65536 - 1090519033) (1090453497)
Protection zone: [0x0000000096000000 - 0x0000000096010000), (65536 bytes)

GC Precious Log:
 CardTable entry size: 512
 Card Set container configuration: InlinePtr #cards 3 size 8 Array Of Cards #cards 128 size 272 Howl #buckets 8 coarsen threshold 29491 Howl Bitmap #cards 4096 size 528 coarsen threshold 3686 Card regions per heap region 1 cards per card region 32768
 CPUs: 16 total, 16 available
 Memory: 49041M
 Large Page Support: Disabled
 NUMA Support: Disabled
 Compressed Oops: Disabled
 Heap Region Size: 16M
 Heap Min Capacity: 16M
 Heap Initial Capacity: 768M
 Heap Max Capacity: 32G
 Pre-touch: Disabled
 Parallel Workers: 13
 Concurrent Workers: 3
 Concurrent Refinement Workers: 13
 Periodic GC: Disabled

Heap:
 garbage-first heap   total reserved 33554432K, committed 6995968K, used 3729903K [0x00000287d6000000, 0x0000028fd6000000)
  region size 16384K, 62 young (1015808K), 4 survivors (65536K)

Heap Regions: E=young(eden), S=young(survivor), O=old, HS=humongous(starts), HC=humongous(continues), CS=collection set, F=free, TAMS=top-at-mark-start, PB=parsable bottom
|   0|0x00000287d6000000, 0x00000287d7000000, 0x00000287d7000000|100%| O|  |TAMS 0x00000287d6000000| PB 0x00000287d6000000| Untracked |  0
|   1|0x00000287d7000000, 0x00000287d8000000, 0x00000287d8000000|100%| O|  |TAMS 0x00000287d7000000| PB 0x00000287d7000000| Untracked |  0
|   2|0x00000287d8000000, 0x00000287d9000000, 0x00000287d9000000|100%| O|  |TAMS 0x00000287d8000000| PB 0x00000287d8000000| Untracked |  0
|   3|0x00000287d9000000, 0x00000287da000000, 0x00000287da000000|100%| O|  |TAMS 0x00000287d9000000| PB 0x00000287d9000000| Untracked |  0
|   4|0x00000287da000000, 0x00000287db000000, 0x00000287db000000|100%| O|  |TAMS 0x00000287da000000| PB 0x00000287da000000| Untracked |  0
|   5|0x00000287db000000, 0x00000287dc000000, 0x00000287dc000000|100%| O|  |TAMS 0x00000287db000000| PB 0x00000287db000000| Untracked |  0
|   6|0x00000287dc000000, 0x00000287dd000000, 0x00000287dd000000|100%| O|  |TAMS 0x00000287dc000000| PB 0x00000287dc000000| Untracked |  0
|   7|0x00000287dd000000, 0x00000287de000000, 0x00000287de000000|100%| O|  |TAMS 0x00000287dd000000| PB 0x00000287dd000000| Untracked |  0
|   8|0x00000287de000000, 0x00000287df000000, 0x00000287df000000|100%| O|  |TAMS 0x00000287de000000| PB 0x00000287de000000| Untracked |  0
|   9|0x00000287df000000, 0x00000287e0000000, 0x00000287e0000000|100%| O|  |TAMS 0x00000287df000000| PB 0x00000287df000000| Untracked |  0
|  10|0x00000287e0000000, 0x00000287e1000000, 0x00000287e1000000|100%| O|  |TAMS 0x00000287e0000000| PB 0x00000287e0000000| Untracked |  0
|  11|0x00000287e1000000, 0x00000287e2000000, 0x00000287e2000000|100%| O|  |TAMS 0x00000287e1000000| PB 0x00000287e1000000| Untracked |  0
|  12|0x00000287e2000000, 0x00000287e3000000, 0x00000287e3000000|100%| O|  |TAMS 0x00000287e2000000| PB 0x00000287e2000000| Untracked |  0
|  13|0x00000287e3000000, 0x00000287e4000000, 0x00000287e4000000|100%| O|  |TAMS 0x00000287e3000000| PB 0x00000287e3000000| Untracked |  0
|  14|0x00000287e4000000, 0x00000287e5000000, 0x00000287e5000000|100%| O|  |TAMS 0x00000287e4000000| PB 0x00000287e4000000| Untracked |  0
|  15|0x00000287e5000000, 0x00000287e6000000, 0x00000287e6000000|100%| O|  |TAMS 0x00000287e5000000| PB 0x00000287e5000000| Untracked |  0
|  16|0x00000287e6000000, 0x00000287e7000000, 0x00000287e7000000|100%| O|  |TAMS 0x00000287e6000000| PB 0x00000287e6000000| Untracked |  0
|  17|0x00000287e7000000, 0x00000287e8000000, 0x00000287e8000000|100%| O|  |TAMS 0x00000287e7000000| PB 0x00000287e7000000| Untracked |  0
|  18|0x00000287e8000000, 0x00000287e9000000, 0x00000287e9000000|100%| O|  |TAMS 0x00000287e8000000| PB 0x00000287e8000000| Untracked |  0
|  19|0x00000287e9000000, 0x00000287ea000000, 0x00000287ea000000|100%| O|  |TAMS 0x00000287e9000000| PB 0x00000287e9000000| Untracked |  0
|  20|0x00000287ea000000, 0x00000287eb000000, 0x00000287eb000000|100%| O|  |TAMS 0x00000287ea000000| PB 0x00000287ea000000| Untracked |  0
|  21|0x00000287eb000000, 0x00000287ec000000, 0x00000287ec000000|100%| O|  |TAMS 0x00000287eb000000| PB 0x00000287eb000000| Untracked |  0
|  22|0x00000287ec000000, 0x00000287ed000000, 0x00000287ed000000|100%| O|  |TAMS 0x00000287ec000000| PB 0x00000287ec000000| Untracked |  0
|  23|0x00000287ed000000, 0x00000287ee000000, 0x00000287ee000000|100%| O|  |TAMS 0x00000287ed000000| PB 0x00000287ed000000| Untracked |  0
|  24|0x00000287ee000000, 0x00000287ef000000, 0x00000287ef000000|100%| O|  |TAMS 0x00000287ee000000| PB 0x00000287ee000000| Untracked |  0
|  25|0x00000287ef000000, 0x00000287f0000000, 0x00000287f0000000|100%| O|  |TAMS 0x00000287ef000000| PB 0x00000287ef000000| Untracked |  0
|  26|0x00000287f0000000, 0x00000287f1000000, 0x00000287f1000000|100%| O|  |TAMS 0x00000287f0000000| PB 0x00000287f0000000| Untracked |  0
|  27|0x00000287f1000000, 0x00000287f2000000, 0x00000287f2000000|100%| O|  |TAMS 0x00000287f1000000| PB 0x00000287f1000000| Untracked |  0
|  28|0x00000287f2000000, 0x00000287f3000000, 0x00000287f3000000|100%| O|Cm|TAMS 0x00000287f2000000| PB 0x00000287f2000000| Complete |  0
|  29|0x00000287f3000000, 0x00000287f4000000, 0x00000287f4000000|100%| O|  |TAMS 0x00000287f3000000| PB 0x00000287f3000000| Untracked |  0
|  30|0x00000287f4000000, 0x00000287f5000000, 0x00000287f5000000|100%| O|  |TAMS 0x00000287f4000000| PB 0x00000287f4000000| Untracked |  0
|  31|0x00000287f5000000, 0x00000287f6000000, 0x00000287f6000000|100%| O|  |TAMS 0x00000287f5000000| PB 0x00000287f5000000| Untracked |  0
|  32|0x00000287f6000000, 0x00000287f7000000, 0x00000287f7000000|100%| O|  |TAMS 0x00000287f6000000| PB 0x00000287f6000000| Untracked |  0
|  33|0x00000287f7000000, 0x00000287f8000000, 0x00000287f8000000|100%| O|  |TAMS 0x00000287f7000000| PB 0x00000287f7000000| Untracked |  0
|  34|0x00000287f8000000, 0x00000287f9000000, 0x00000287f9000000|100%| O|  |TAMS 0x00000287f8000000| PB 0x00000287f8000000| Untracked |  0
|  35|0x00000287f9000000, 0x00000287fa000000, 0x00000287fa000000|100%| O|  |TAMS 0x00000287f9000000| PB 0x00000287f9000000| Untracked |  0
|  36|0x00000287fa000000, 0x00000287fb000000, 0x00000287fb000000|100%| O|  |TAMS 0x00000287fa000000| PB 0x00000287fa000000| Untracked |  0
|  37|0x00000287fb000000, 0x00000287fb000000, 0x00000287fc000000|  0%| F|  |TAMS 0x00000287fb000000| PB 0x00000287fb000000| Untracked |  0
|  38|0x00000287fc000000, 0x00000287fd000000, 0x00000287fd000000|100%| O|  |TAMS 0x00000287fc000000| PB 0x00000287fc000000| Untracked |  0
|  39|0x00000287fd000000, 0x00000287fe000000, 0x00000287fe000000|100%| O|  |TAMS 0x00000287fd000000| PB 0x00000287fd000000| Untracked |  0
|  40|0x00000287fe000000, 0x00000287ff000000, 0x00000287ff000000|100%| O|  |TAMS 0x00000287fe000000| PB 0x00000287fe000000| Untracked |  0
|  41|0x00000287ff000000, 0x0000028800000000, 0x0000028800000000|100%| O|  |TAMS 0x00000287ff000000| PB 0x00000287ff000000| Untracked |  0
|  42|0x0000028800000000, 0x0000028801000000, 0x0000028801000000|100%| O|  |TAMS 0x0000028800000000| PB 0x0000028800000000| Untracked |  0
|  43|0x0000028801000000, 0x0000028802000000, 0x0000028802000000|100%| O|  |TAMS 0x0000028801000000| PB 0x0000028801000000| Untracked |  0
|  44|0x0000028802000000, 0x0000028803000000, 0x0000028803000000|100%| O|  |TAMS 0x0000028802000000| PB 0x0000028802000000| Untracked |  0
|  45|0x0000028803000000, 0x0000028804000000, 0x0000028804000000|100%| O|  |TAMS 0x0000028803000000| PB 0x0000028803000000| Untracked |  0
|  46|0x0000028804000000, 0x0000028805000000, 0x0000028805000000|100%| O|  |TAMS 0x0000028804000000| PB 0x0000028804000000| Untracked |  0
|  47|0x0000028805000000, 0x0000028806000000, 0x0000028806000000|100%| O|  |TAMS 0x0000028805000000| PB 0x0000028805000000| Untracked |  0
|  48|0x0000028806000000, 0x0000028807000000, 0x0000028807000000|100%| O|  |TAMS 0x0000028806000000| PB 0x0000028806000000| Untracked |  0
|  49|0x0000028807000000, 0x0000028808000000, 0x0000028808000000|100%| O|  |TAMS 0x0000028807000000| PB 0x0000028807000000| Untracked |  0
|  50|0x0000028808000000, 0x0000028809000000, 0x0000028809000000|100%| O|  |TAMS 0x0000028808000000| PB 0x0000028808000000| Untracked |  0
|  51|0x0000028809000000, 0x000002880a000000, 0x000002880a000000|100%| O|  |TAMS 0x0000028809000000| PB 0x0000028809000000| Untracked |  0
|  52|0x000002880a000000, 0x000002880b000000, 0x000002880b000000|100%|HS|  |TAMS 0x000002880a000000| PB 0x000002880a000000| Complete |  0
|  53|0x000002880b000000, 0x000002880c000000, 0x000002880c000000|100%| O|  |TAMS 0x000002880b000000| PB 0x000002880b000000| Untracked |  0
|  54|0x000002880c000000, 0x000002880d000000, 0x000002880d000000|100%| O|  |TAMS 0x000002880c000000| PB 0x000002880c000000| Untracked |  0
|  55|0x000002880d000000, 0x000002880e000000, 0x000002880e000000|100%| O|  |TAMS 0x000002880d000000| PB 0x000002880d000000| Untracked |  0
|  56|0x000002880e000000, 0x000002880f000000, 0x000002880f000000|100%| O|  |TAMS 0x000002880e000000| PB 0x000002880e000000| Untracked |  0
|  57|0x000002880f000000, 0x0000028810000000, 0x0000028810000000|100%| O|  |TAMS 0x000002880f000000| PB 0x000002880f000000| Untracked |  0
|  58|0x0000028810000000, 0x0000028811000000, 0x0000028811000000|100%| O|  |TAMS 0x0000028810000000| PB 0x0000028810000000| Untracked |  0
|  59|0x0000028811000000, 0x0000028812000000, 0x0000028812000000|100%| O|  |TAMS 0x0000028811000000| PB 0x0000028811000000| Untracked |  0
|  60|0x0000028812000000, 0x0000028813000000, 0x0000028813000000|100%| O|  |TAMS 0x0000028812000000| PB 0x0000028812000000| Untracked |  0
|  61|0x0000028813000000, 0x0000028814000000, 0x0000028814000000|100%| O|  |TAMS 0x0000028813000000| PB 0x0000028813000000| Untracked |  0
|  62|0x0000028814000000, 0x0000028815000000, 0x0000028815000000|100%| O|  |TAMS 0x0000028814000000| PB 0x0000028814000000| Untracked |  0
|  63|0x0000028815000000, 0x0000028816000000, 0x0000028816000000|100%| O|  |TAMS 0x0000028815000000| PB 0x0000028815000000| Untracked |  0
|  64|0x0000028816000000, 0x0000028817000000, 0x0000028817000000|100%| O|  |TAMS 0x0000028816000000| PB 0x0000028816000000| Untracked |  0
|  65|0x0000028817000000, 0x0000028818000000, 0x0000028818000000|100%| O|  |TAMS 0x0000028817000000| PB 0x0000028817000000| Untracked |  0
|  66|0x0000028818000000, 0x0000028819000000, 0x0000028819000000|100%| O|  |TAMS 0x0000028818000000| PB 0x0000028818000000| Untracked |  0
|  67|0x0000028819000000, 0x000002881a000000, 0x000002881a000000|100%| O|  |TAMS 0x0000028819000000| PB 0x0000028819000000| Untracked |  0
|  68|0x000002881a000000, 0x000002881b000000, 0x000002881b000000|100%| O|  |TAMS 0x000002881a000000| PB 0x000002881a000000| Untracked |  0
|  69|0x000002881b000000, 0x000002881c000000, 0x000002881c000000|100%| O|  |TAMS 0x000002881b000000| PB 0x000002881b000000| Untracked |  0
|  70|0x000002881c000000, 0x000002881d000000, 0x000002881d000000|100%| O|  |TAMS 0x000002881c000000| PB 0x000002881c000000| Untracked |  0
|  71|0x000002881d000000, 0x000002881e000000, 0x000002881e000000|100%| O|  |TAMS 0x000002881d000000| PB 0x000002881d000000| Untracked |  0
|  72|0x000002881e000000, 0x000002881f000000, 0x000002881f000000|100%| O|  |TAMS 0x000002881e000000| PB 0x000002881e000000| Untracked |  0
|  73|0x000002881f000000, 0x0000028820000000, 0x0000028820000000|100%| O|  |TAMS 0x000002881f000000| PB 0x000002881f000000| Untracked |  0
|  74|0x0000028820000000, 0x0000028821000000, 0x0000028821000000|100%| O|  |TAMS 0x0000028820000000| PB 0x0000028820000000| Untracked |  0
|  75|0x0000028821000000, 0x0000028822000000, 0x0000028822000000|100%| O|  |TAMS 0x0000028821000000| PB 0x0000028821000000| Untracked |  0
|  76|0x0000028822000000, 0x0000028823000000, 0x0000028823000000|100%|HS|  |TAMS 0x0000028822000000| PB 0x0000028822000000| Complete |  0
|  77|0x0000028823000000, 0x0000028824000000, 0x0000028824000000|100%|HS|  |TAMS 0x0000028823000000| PB 0x0000028823000000| Complete |  0
|  78|0x0000028824000000, 0x0000028825000000, 0x0000028825000000|100%| O|  |TAMS 0x0000028824000000| PB 0x0000028824000000| Untracked |  0
|  79|0x0000028825000000, 0x0000028826000000, 0x0000028826000000|100%| O|  |TAMS 0x0000028825000000| PB 0x0000028825000000| Untracked |  0
|  80|0x0000028826000000, 0x0000028827000000, 0x0000028827000000|100%| O|  |TAMS 0x0000028826000000| PB 0x0000028826000000| Untracked |  0
|  81|0x0000028827000000, 0x0000028828000000, 0x0000028828000000|100%| O|  |TAMS 0x0000028827000000| PB 0x0000028827000000| Untracked |  0
|  82|0x0000028828000000, 0x0000028829000000, 0x0000028829000000|100%| O|  |TAMS 0x0000028828000000| PB 0x0000028828000000| Untracked |  0
|  83|0x0000028829000000, 0x000002882a000000, 0x000002882a000000|100%| O|  |TAMS 0x0000028829000000| PB 0x0000028829000000| Untracked |  0
|  84|0x000002882a000000, 0x000002882b000000, 0x000002882b000000|100%| O|  |TAMS 0x000002882a000000| PB 0x000002882a000000| Untracked |  0
|  85|0x000002882b000000, 0x000002882c000000, 0x000002882c000000|100%| O|  |TAMS 0x000002882b000000| PB 0x000002882b000000| Untracked |  0
|  86|0x000002882c000000, 0x000002882d000000, 0x000002882d000000|100%| O|  |TAMS 0x000002882c000000| PB 0x000002882c000000| Untracked |  0
|  87|0x000002882d000000, 0x000002882e000000, 0x000002882e000000|100%|HS|  |TAMS 0x000002882d000000| PB 0x000002882d000000| Complete |  0
|  88|0x000002882e000000, 0x000002882f000000, 0x000002882f000000|100%| O|  |TAMS 0x000002882e000000| PB 0x000002882e000000| Untracked |  0
|  89|0x000002882f000000, 0x0000028830000000, 0x0000028830000000|100%| O|  |TAMS 0x000002882f000000| PB 0x000002882f000000| Untracked |  0
|  90|0x0000028830000000, 0x0000028831000000, 0x0000028831000000|100%| O|  |TAMS 0x0000028830000000| PB 0x0000028830000000| Untracked |  0
|  91|0x0000028831000000, 0x0000028832000000, 0x0000028832000000|100%| O|  |TAMS 0x0000028831000000| PB 0x0000028831000000| Untracked |  0
|  92|0x0000028832000000, 0x0000028833000000, 0x0000028833000000|100%| O|  |TAMS 0x0000028832000000| PB 0x0000028832000000| Untracked |  0
|  93|0x0000028833000000, 0x0000028834000000, 0x0000028834000000|100%| O|  |TAMS 0x0000028833000000| PB 0x0000028833000000| Untracked |  0
|  94|0x0000028834000000, 0x0000028835000000, 0x0000028835000000|100%| O|  |TAMS 0x0000028834000000| PB 0x0000028834000000| Untracked |  0
|  95|0x0000028835000000, 0x0000028836000000, 0x0000028836000000|100%| O|  |TAMS 0x0000028835000000| PB 0x0000028835000000| Untracked |  0
|  96|0x0000028836000000, 0x0000028837000000, 0x0000028837000000|100%| O|  |TAMS 0x0000028836000000| PB 0x0000028836000000| Untracked |  0
|  97|0x0000028837000000, 0x0000028838000000, 0x0000028838000000|100%| O|  |TAMS 0x0000028837000000| PB 0x0000028837000000| Untracked |  0
|  98|0x0000028838000000, 0x0000028839000000, 0x0000028839000000|100%| O|  |TAMS 0x0000028838000000| PB 0x0000028838000000| Untracked |  0
|  99|0x0000028839000000, 0x000002883a000000, 0x000002883a000000|100%| O|  |TAMS 0x0000028839000000| PB 0x0000028839000000| Untracked |  0
| 100|0x000002883a000000, 0x000002883a316d18, 0x000002883b000000| 19%| O|  |TAMS 0x000002883a000000| PB 0x000002883a000000| Untracked |  0
| 101|0x000002883b000000, 0x000002883c000000, 0x000002883c000000|100%| O|  |TAMS 0x000002883b000000| PB 0x000002883b000000| Untracked |  0
| 102|0x000002883c000000, 0x000002883d000000, 0x000002883d000000|100%| O|  |TAMS 0x000002883c000000| PB 0x000002883c000000| Untracked |  0
| 103|0x000002883d000000, 0x000002883e000000, 0x000002883e000000|100%| O|  |TAMS 0x000002883d000000| PB 0x000002883d000000| Untracked |  0
| 104|0x000002883e000000, 0x000002883f000000, 0x000002883f000000|100%| O|  |TAMS 0x000002883e000000| PB 0x000002883e000000| Untracked |  0
| 105|0x000002883f000000, 0x0000028840000000, 0x0000028840000000|100%| O|  |TAMS 0x000002883f000000| PB 0x000002883f000000| Untracked |  0
| 106|0x0000028840000000, 0x0000028841000000, 0x0000028841000000|100%| O|  |TAMS 0x0000028840000000| PB 0x0000028840000000| Untracked |  0
| 107|0x0000028841000000, 0x0000028842000000, 0x0000028842000000|100%| O|  |TAMS 0x0000028841000000| PB 0x0000028841000000| Untracked |  0
| 108|0x0000028842000000, 0x0000028843000000, 0x0000028843000000|100%|HS|  |TAMS 0x0000028842000000| PB 0x0000028842000000| Complete |  0
| 109|0x0000028843000000, 0x0000028844000000, 0x0000028844000000|100%|HC|  |TAMS 0x0000028843000000| PB 0x0000028843000000| Complete |  0
| 110|0x0000028844000000, 0x0000028845000000, 0x0000028845000000|100%| O|  |TAMS 0x0000028844000000| PB 0x0000028844000000| Untracked |  0
| 111|0x0000028845000000, 0x0000028846000000, 0x0000028846000000|100%| O|  |TAMS 0x0000028845000000| PB 0x0000028845000000| Untracked |  0
| 112|0x0000028846000000, 0x0000028847000000, 0x0000028847000000|100%| O|  |TAMS 0x0000028846000000| PB 0x0000028846000000| Untracked |  0
| 113|0x0000028847000000, 0x0000028848000000, 0x0000028848000000|100%| O|  |TAMS 0x0000028847000000| PB 0x0000028847000000| Untracked |  0
| 114|0x0000028848000000, 0x0000028849000000, 0x0000028849000000|100%| O|  |TAMS 0x0000028848000000| PB 0x0000028848000000| Untracked |  0
| 115|0x0000028849000000, 0x000002884a000000, 0x000002884a000000|100%| O|  |TAMS 0x0000028849000000| PB 0x0000028849000000| Untracked |  0
| 116|0x000002884a000000, 0x000002884b000000, 0x000002884b000000|100%| O|  |TAMS 0x000002884a000000| PB 0x000002884a000000| Untracked |  0
| 117|0x000002884b000000, 0x000002884c000000, 0x000002884c000000|100%| O|  |TAMS 0x000002884b000000| PB 0x000002884b000000| Untracked |  0
| 118|0x000002884c000000, 0x000002884d000000, 0x000002884d000000|100%| O|  |TAMS 0x000002884c000000| PB 0x000002884c000000| Untracked |  0
| 119|0x000002884d000000, 0x000002884e000000, 0x000002884e000000|100%| O|  |TAMS 0x000002884d000000| PB 0x000002884d000000| Untracked |  0
| 120|0x000002884e000000, 0x000002884f000000, 0x000002884f000000|100%| O|  |TAMS 0x000002884e000000| PB 0x000002884e000000| Untracked |  0
| 121|0x000002884f000000, 0x0000028850000000, 0x0000028850000000|100%| O|  |TAMS 0x000002884f000000| PB 0x000002884f000000| Untracked |  0
| 122|0x0000028850000000, 0x0000028851000000, 0x0000028851000000|100%| O|  |TAMS 0x0000028850000000| PB 0x0000028850000000| Untracked |  0
| 123|0x0000028851000000, 0x0000028852000000, 0x0000028852000000|100%| O|  |TAMS 0x0000028851000000| PB 0x0000028851000000| Untracked |  0
| 124|0x0000028852000000, 0x0000028853000000, 0x0000028853000000|100%| O|  |TAMS 0x0000028852000000| PB 0x0000028852000000| Untracked |  0
| 125|0x0000028853000000, 0x0000028854000000, 0x0000028854000000|100%| O|  |TAMS 0x0000028853000000| PB 0x0000028853000000| Untracked |  0
| 126|0x0000028854000000, 0x0000028855000000, 0x0000028855000000|100%| O|  |TAMS 0x0000028854000000| PB 0x0000028854000000| Untracked |  0
| 127|0x0000028855000000, 0x0000028856000000, 0x0000028856000000|100%| O|  |TAMS 0x0000028855000000| PB 0x0000028855000000| Untracked |  0
| 128|0x0000028856000000, 0x0000028857000000, 0x0000028857000000|100%| O|  |TAMS 0x0000028856000000| PB 0x0000028856000000| Untracked |  0
| 129|0x0000028857000000, 0x0000028858000000, 0x0000028858000000|100%| O|  |TAMS 0x0000028857000000| PB 0x0000028857000000| Untracked |  0
| 130|0x0000028858000000, 0x0000028859000000, 0x0000028859000000|100%| O|  |TAMS 0x0000028858000000| PB 0x0000028858000000| Untracked |  0
| 131|0x0000028859000000, 0x000002885a000000, 0x000002885a000000|100%| O|  |TAMS 0x0000028859000000| PB 0x0000028859000000| Untracked |  0
| 132|0x000002885a000000, 0x000002885b000000, 0x000002885b000000|100%| O|  |TAMS 0x000002885a000000| PB 0x000002885a000000| Untracked |  0
| 133|0x000002885b000000, 0x000002885c000000, 0x000002885c000000|100%| O|  |TAMS 0x000002885b000000| PB 0x000002885b000000| Untracked |  0
| 134|0x000002885c000000, 0x000002885d000000, 0x000002885d000000|100%| O|  |TAMS 0x000002885c000000| PB 0x000002885c000000| Untracked |  0
| 135|0x000002885d000000, 0x000002885e000000, 0x000002885e000000|100%| O|  |TAMS 0x000002885d000000| PB 0x000002885d000000| Untracked |  0
| 136|0x000002885e000000, 0x000002885f000000, 0x000002885f000000|100%| O|  |TAMS 0x000002885e000000| PB 0x000002885e000000| Untracked |  0
| 137|0x000002885f000000, 0x0000028860000000, 0x0000028860000000|100%| O|  |TAMS 0x000002885f000000| PB 0x000002885f000000| Untracked |  0
| 138|0x0000028860000000, 0x0000028861000000, 0x0000028861000000|100%| O|  |TAMS 0x0000028860000000| PB 0x0000028860000000| Untracked |  0
| 139|0x0000028861000000, 0x0000028862000000, 0x0000028862000000|100%| O|  |TAMS 0x0000028861000000| PB 0x0000028861000000| Untracked |  0
| 140|0x0000028862000000, 0x0000028863000000, 0x0000028863000000|100%| O|  |TAMS 0x0000028862000000| PB 0x0000028862000000| Untracked |  0
| 141|0x0000028863000000, 0x0000028864000000, 0x0000028864000000|100%| O|  |TAMS 0x0000028863000000| PB 0x0000028863000000| Untracked |  0
| 142|0x0000028864000000, 0x0000028865000000, 0x0000028865000000|100%| O|  |TAMS 0x0000028864000000| PB 0x0000028864000000| Untracked |  0
| 143|0x0000028865000000, 0x0000028866000000, 0x0000028866000000|100%| O|  |TAMS 0x0000028865000000| PB 0x0000028865000000| Untracked |  0
| 144|0x0000028866000000, 0x0000028867000000, 0x0000028867000000|100%| O|  |TAMS 0x0000028866000000| PB 0x0000028866000000| Untracked |  0
| 145|0x0000028867000000, 0x0000028868000000, 0x0000028868000000|100%| O|  |TAMS 0x0000028867000000| PB 0x0000028867000000| Untracked |  0
| 146|0x0000028868000000, 0x0000028869000000, 0x0000028869000000|100%| O|  |TAMS 0x0000028868000000| PB 0x0000028868000000| Untracked |  0
| 147|0x0000028869000000, 0x000002886a000000, 0x000002886a000000|100%| O|  |TAMS 0x0000028869000000| PB 0x0000028869000000| Untracked |  0
| 148|0x000002886a000000, 0x000002886b000000, 0x000002886b000000|100%| O|  |TAMS 0x000002886a000000| PB 0x000002886a000000| Untracked |  0
| 149|0x000002886b000000, 0x000002886b000000, 0x000002886c000000|  0%| F|  |TAMS 0x000002886b000000| PB 0x000002886b000000| Untracked |  0
| 150|0x000002886c000000, 0x000002886c000000, 0x000002886d000000|  0%| F|  |TAMS 0x000002886c000000| PB 0x000002886c000000| Untracked |  0
| 151|0x000002886d000000, 0x000002886e000000, 0x000002886e000000|100%| O|  |TAMS 0x000002886d000000| PB 0x000002886d000000| Untracked |  0
| 152|0x000002886e000000, 0x000002886f000000, 0x000002886f000000|100%| O|  |TAMS 0x000002886e000000| PB 0x000002886e000000| Untracked |  0
| 153|0x000002886f000000, 0x000002886f000000, 0x0000028870000000|  0%| F|  |TAMS 0x000002886f000000| PB 0x000002886f000000| Untracked |  0
| 154|0x0000028870000000, 0x0000028871000000, 0x0000028871000000|100%| O|  |TAMS 0x0000028870000000| PB 0x0000028870000000| Untracked |  0
| 155|0x0000028871000000, 0x0000028871000000, 0x0000028872000000|  0%| F|  |TAMS 0x0000028871000000| PB 0x0000028871000000| Untracked |  0
| 156|0x0000028872000000, 0x0000028873000000, 0x0000028873000000|100%| O|  |TAMS 0x0000028872000000| PB 0x0000028872000000| Untracked |  0
| 157|0x0000028873000000, 0x0000028874000000, 0x0000028874000000|100%| O|  |TAMS 0x0000028873000000| PB 0x0000028873000000| Untracked |  0
| 158|0x0000028874000000, 0x0000028874000000, 0x0000028875000000|  0%| F|  |TAMS 0x0000028874000000| PB 0x0000028874000000| Untracked |  0
| 159|0x0000028875000000, 0x0000028876000000, 0x0000028876000000|100%| O|  |TAMS 0x0000028875000000| PB 0x0000028875000000| Untracked |  0
| 160|0x0000028876000000, 0x0000028877000000, 0x0000028877000000|100%| O|  |TAMS 0x0000028876000000| PB 0x0000028876000000| Untracked |  0
| 161|0x0000028877000000, 0x0000028878000000, 0x0000028878000000|100%| O|  |TAMS 0x0000028877000000| PB 0x0000028877000000| Untracked |  0
| 162|0x0000028878000000, 0x0000028879000000, 0x0000028879000000|100%| O|  |TAMS 0x0000028878000000| PB 0x0000028878000000| Untracked |  0
| 163|0x0000028879000000, 0x0000028879000000, 0x000002887a000000|  0%| F|  |TAMS 0x0000028879000000| PB 0x0000028879000000| Untracked |  0
| 164|0x000002887a000000, 0x000002887b000000, 0x000002887b000000|100%| O|  |TAMS 0x000002887a000000| PB 0x000002887a000000| Untracked |  0
| 165|0x000002887b000000, 0x000002887c000000, 0x000002887c000000|100%| O|  |TAMS 0x000002887b000000| PB 0x000002887b000000| Untracked |  0
| 166|0x000002887c000000, 0x000002887d000000, 0x000002887d000000|100%| O|  |TAMS 0x000002887c000000| PB 0x000002887c000000| Untracked |  0
| 167|0x000002887d000000, 0x000002887e000000, 0x000002887e000000|100%| O|  |TAMS 0x000002887d000000| PB 0x000002887d000000| Untracked |  0
| 168|0x000002887e000000, 0x000002887f000000, 0x000002887f000000|100%| O|  |TAMS 0x000002887e000000| PB 0x000002887e000000| Untracked |  0
| 169|0x000002887f000000, 0x000002887f000000, 0x0000028880000000|  0%| F|  |TAMS 0x000002887f000000| PB 0x000002887f000000| Untracked |  0
| 170|0x0000028880000000, 0x0000028880000000, 0x0000028881000000|  0%| F|  |TAMS 0x0000028880000000| PB 0x0000028880000000| Untracked |  0
| 171|0x0000028881000000, 0x0000028881000000, 0x0000028882000000|  0%| F|  |TAMS 0x0000028881000000| PB 0x0000028881000000| Untracked |  0
| 172|0x0000028882000000, 0x0000028883000000, 0x0000028883000000|100%| O|  |TAMS 0x0000028882000000| PB 0x0000028882000000| Untracked |  0
| 173|0x0000028883000000, 0x0000028884000000, 0x0000028884000000|100%| O|  |TAMS 0x0000028883000000| PB 0x0000028883000000| Untracked |  0
| 174|0x0000028884000000, 0x0000028884000000, 0x0000028885000000|  0%| F|  |TAMS 0x0000028884000000| PB 0x0000028884000000| Untracked |  0
| 175|0x0000028885000000, 0x0000028886000000, 0x0000028886000000|100%| O|  |TAMS 0x0000028885000000| PB 0x0000028885000000| Untracked |  0
| 176|0x0000028886000000, 0x0000028887000000, 0x0000028887000000|100%| O|  |TAMS 0x0000028886000000| PB 0x0000028886000000| Untracked |  0
| 177|0x0000028887000000, 0x0000028887000000, 0x0000028888000000|  0%| F|  |TAMS 0x0000028887000000| PB 0x0000028887000000| Untracked |  0
| 178|0x0000028888000000, 0x0000028888000000, 0x0000028889000000|  0%| F|  |TAMS 0x0000028888000000| PB 0x0000028888000000| Untracked |  0
| 179|0x0000028889000000, 0x0000028889000000, 0x000002888a000000|  0%| F|  |TAMS 0x0000028889000000| PB 0x0000028889000000| Untracked |  0
| 180|0x000002888a000000, 0x000002888a000000, 0x000002888b000000|  0%| F|  |TAMS 0x000002888a000000| PB 0x000002888a000000| Untracked |  0
| 181|0x000002888b000000, 0x000002888b000000, 0x000002888c000000|  0%| F|  |TAMS 0x000002888b000000| PB 0x000002888b000000| Untracked |  0
| 182|0x000002888c000000, 0x000002888c000000, 0x000002888d000000|  0%| F|  |TAMS 0x000002888c000000| PB 0x000002888c000000| Untracked |  0
| 183|0x000002888d000000, 0x000002888d000000, 0x000002888e000000|  0%| F|  |TAMS 0x000002888d000000| PB 0x000002888d000000| Untracked |  0
| 184|0x000002888e000000, 0x000002888e000000, 0x000002888f000000|  0%| F|  |TAMS 0x000002888e000000| PB 0x000002888e000000| Untracked |  0
| 185|0x000002888f000000, 0x000002888f000000, 0x0000028890000000|  0%| F|  |TAMS 0x000002888f000000| PB 0x000002888f000000| Untracked |  0
| 186|0x0000028890000000, 0x0000028890000000, 0x0000028891000000|  0%| F|  |TAMS 0x0000028890000000| PB 0x0000028890000000| Untracked |  0
| 187|0x0000028891000000, 0x0000028891000000, 0x0000028892000000|  0%| F|  |TAMS 0x0000028891000000| PB 0x0000028891000000| Untracked |  0
| 188|0x0000028892000000, 0x0000028892765070, 0x0000028893000000| 46%| S|CS|TAMS 0x0000028892000000| PB 0x0000028892000000| Complete |  0
| 189|0x0000028893000000, 0x0000028894000000, 0x0000028894000000|100%| S|CS|TAMS 0x0000028893000000| PB 0x0000028893000000| Complete |  0
| 190|0x0000028894000000, 0x0000028895000000, 0x0000028895000000|100%| S|CS|TAMS 0x0000028894000000| PB 0x0000028894000000| Complete |  0
| 191|0x0000028895000000, 0x0000028896000000, 0x0000028896000000|100%| S|CS|TAMS 0x0000028895000000| PB 0x0000028895000000| Complete |  0
| 192|0x0000028896000000, 0x0000028896000000, 0x0000028897000000|  0%| F|  |TAMS 0x0000028896000000| PB 0x0000028896000000| Untracked |  0
| 193|0x0000028897000000, 0x0000028897000000, 0x0000028898000000|  0%| F|  |TAMS 0x0000028897000000| PB 0x0000028897000000| Untracked |  0
| 194|0x0000028898000000, 0x0000028898000000, 0x0000028899000000|  0%| F|  |TAMS 0x0000028898000000| PB 0x0000028898000000| Untracked |  0
| 195|0x0000028899000000, 0x0000028899000000, 0x000002889a000000|  0%| F|  |TAMS 0x0000028899000000| PB 0x0000028899000000| Untracked |  0
| 196|0x000002889a000000, 0x000002889a000000, 0x000002889b000000|  0%| F|  |TAMS 0x000002889a000000| PB 0x000002889a000000| Untracked |  0
| 197|0x000002889b000000, 0x000002889b000000, 0x000002889c000000|  0%| F|  |TAMS 0x000002889b000000| PB 0x000002889b000000| Untracked |  0
| 198|0x000002889c000000, 0x000002889c000000, 0x000002889d000000|  0%| F|  |TAMS 0x000002889c000000| PB 0x000002889c000000| Untracked |  0
| 199|0x000002889d000000, 0x000002889d000000, 0x000002889e000000|  0%| F|  |TAMS 0x000002889d000000| PB 0x000002889d000000| Untracked |  0
| 200|0x000002889e000000, 0x000002889e000000, 0x000002889f000000|  0%| F|  |TAMS 0x000002889e000000| PB 0x000002889e000000| Untracked |  0
| 201|0x000002889f000000, 0x000002889f000000, 0x00000288a0000000|  0%| F|  |TAMS 0x000002889f000000| PB 0x000002889f000000| Untracked |  0
| 202|0x00000288a0000000, 0x00000288a0000000, 0x00000288a1000000|  0%| F|  |TAMS 0x00000288a0000000| PB 0x00000288a0000000| Untracked |  0
| 203|0x00000288a1000000, 0x00000288a1000000, 0x00000288a2000000|  0%| F|  |TAMS 0x00000288a1000000| PB 0x00000288a1000000| Untracked |  0
| 204|0x00000288a2000000, 0x00000288a2000000, 0x00000288a3000000|  0%| F|  |TAMS 0x00000288a2000000| PB 0x00000288a2000000| Untracked |  0
| 205|0x00000288a3000000, 0x00000288a3000000, 0x00000288a4000000|  0%| F|  |TAMS 0x00000288a3000000| PB 0x00000288a3000000| Untracked |  0
| 206|0x00000288a4000000, 0x00000288a4000000, 0x00000288a5000000|  0%| F|  |TAMS 0x00000288a4000000| PB 0x00000288a4000000| Untracked |  0
| 207|0x00000288a5000000, 0x00000288a5000000, 0x00000288a6000000|  0%| F|  |TAMS 0x00000288a5000000| PB 0x00000288a5000000| Untracked |  0
| 208|0x00000288a6000000, 0x00000288a6000000, 0x00000288a7000000|  0%| F|  |TAMS 0x00000288a6000000| PB 0x00000288a6000000| Untracked |  0
| 209|0x00000288a7000000, 0x00000288a7000000, 0x00000288a8000000|  0%| F|  |TAMS 0x00000288a7000000| PB 0x00000288a7000000| Untracked |  0
| 210|0x00000288a8000000, 0x00000288a8000000, 0x00000288a9000000|  0%| F|  |TAMS 0x00000288a8000000| PB 0x00000288a8000000| Untracked |  0
| 211|0x00000288a9000000, 0x00000288a9000000, 0x00000288aa000000|  0%| F|  |TAMS 0x00000288a9000000| PB 0x00000288a9000000| Untracked |  0
| 212|0x00000288aa000000, 0x00000288aa000000, 0x00000288ab000000|  0%| F|  |TAMS 0x00000288aa000000| PB 0x00000288aa000000| Untracked |  0
| 213|0x00000288ab000000, 0x00000288ab000000, 0x00000288ac000000|  0%| F|  |TAMS 0x00000288ab000000| PB 0x00000288ab000000| Untracked |  0
| 214|0x00000288ac000000, 0x00000288ac000000, 0x00000288ad000000|  0%| F|  |TAMS 0x00000288ac000000| PB 0x00000288ac000000| Untracked |  0
| 215|0x00000288ad000000, 0x00000288ad000000, 0x00000288ae000000|  0%| F|  |TAMS 0x00000288ad000000| PB 0x00000288ad000000| Untracked |  0
| 216|0x00000288ae000000, 0x00000288ae000000, 0x00000288af000000|  0%| F|  |TAMS 0x00000288ae000000| PB 0x00000288ae000000| Untracked |  0
| 217|0x00000288af000000, 0x00000288af000000, 0x00000288b0000000|  0%| F|  |TAMS 0x00000288af000000| PB 0x00000288af000000| Untracked |  0
| 218|0x00000288b0000000, 0x00000288b0000000, 0x00000288b1000000|  0%| F|  |TAMS 0x00000288b0000000| PB 0x00000288b0000000| Untracked |  0
| 219|0x00000288b1000000, 0x00000288b1000000, 0x00000288b2000000|  0%| F|  |TAMS 0x00000288b1000000| PB 0x00000288b1000000| Untracked |  0
| 220|0x00000288b2000000, 0x00000288b2000000, 0x00000288b3000000|  0%| F|  |TAMS 0x00000288b2000000| PB 0x00000288b2000000| Untracked |  0
| 221|0x00000288b3000000, 0x00000288b3000000, 0x00000288b4000000|  0%| F|  |TAMS 0x00000288b3000000| PB 0x00000288b3000000| Untracked |  0
| 222|0x00000288b4000000, 0x00000288b4000000, 0x00000288b5000000|  0%| F|  |TAMS 0x00000288b4000000| PB 0x00000288b4000000| Untracked |  0
| 223|0x00000288b5000000, 0x00000288b5000000, 0x00000288b6000000|  0%| F|  |TAMS 0x00000288b5000000| PB 0x00000288b5000000| Untracked |  0
| 224|0x00000288b6000000, 0x00000288b6000000, 0x00000288b7000000|  0%| F|  |TAMS 0x00000288b6000000| PB 0x00000288b6000000| Untracked |  0
| 225|0x00000288b7000000, 0x00000288b7000000, 0x00000288b8000000|  0%| F|  |TAMS 0x00000288b7000000| PB 0x00000288b7000000| Untracked |  0
| 226|0x00000288b8000000, 0x00000288b8000000, 0x00000288b9000000|  0%| F|  |TAMS 0x00000288b8000000| PB 0x00000288b8000000| Untracked |  0
| 227|0x00000288b9000000, 0x00000288b9000000, 0x00000288ba000000|  0%| F|  |TAMS 0x00000288b9000000| PB 0x00000288b9000000| Untracked |  0
| 228|0x00000288ba000000, 0x00000288ba000000, 0x00000288bb000000|  0%| F|  |TAMS 0x00000288ba000000| PB 0x00000288ba000000| Untracked |  0
| 229|0x00000288bb000000, 0x00000288bb000000, 0x00000288bc000000|  0%| F|  |TAMS 0x00000288bb000000| PB 0x00000288bb000000| Untracked |  0
| 230|0x00000288bc000000, 0x00000288bc000000, 0x00000288bd000000|  0%| F|  |TAMS 0x00000288bc000000| PB 0x00000288bc000000| Untracked |  0
| 231|0x00000288bd000000, 0x00000288bd000000, 0x00000288be000000|  0%| F|  |TAMS 0x00000288bd000000| PB 0x00000288bd000000| Untracked |  0
| 232|0x00000288be000000, 0x00000288be000000, 0x00000288bf000000|  0%| F|  |TAMS 0x00000288be000000| PB 0x00000288be000000| Untracked |  0
| 233|0x00000288bf000000, 0x00000288bf000000, 0x00000288c0000000|  0%| F|  |TAMS 0x00000288bf000000| PB 0x00000288bf000000| Untracked |  0
| 234|0x00000288c0000000, 0x00000288c0000000, 0x00000288c1000000|  0%| F|  |TAMS 0x00000288c0000000| PB 0x00000288c0000000| Untracked |  0
| 235|0x00000288c1000000, 0x00000288c1000000, 0x00000288c2000000|  0%| F|  |TAMS 0x00000288c1000000| PB 0x00000288c1000000| Untracked |  0
| 236|0x00000288c2000000, 0x00000288c2000000, 0x00000288c3000000|  0%| F|  |TAMS 0x00000288c2000000| PB 0x00000288c2000000| Untracked |  0
| 237|0x00000288c3000000, 0x00000288c3000000, 0x00000288c4000000|  0%| F|  |TAMS 0x00000288c3000000| PB 0x00000288c3000000| Untracked |  0
| 238|0x00000288c4000000, 0x00000288c4000000, 0x00000288c5000000|  0%| F|  |TAMS 0x00000288c4000000| PB 0x00000288c4000000| Untracked |  0
| 239|0x00000288c5000000, 0x00000288c5000000, 0x00000288c6000000|  0%| F|  |TAMS 0x00000288c5000000| PB 0x00000288c5000000| Untracked |  0
| 240|0x00000288c6000000, 0x00000288c6000000, 0x00000288c7000000|  0%| F|  |TAMS 0x00000288c6000000| PB 0x00000288c6000000| Untracked |  0
| 241|0x00000288c7000000, 0x00000288c7000000, 0x00000288c8000000|  0%| F|  |TAMS 0x00000288c7000000| PB 0x00000288c7000000| Untracked |  0
| 242|0x00000288c8000000, 0x00000288c8000000, 0x00000288c9000000|  0%| F|  |TAMS 0x00000288c8000000| PB 0x00000288c8000000| Untracked |  0
| 243|0x00000288c9000000, 0x00000288c9000000, 0x00000288ca000000|  0%| F|  |TAMS 0x00000288c9000000| PB 0x00000288c9000000| Untracked |  0
| 244|0x00000288ca000000, 0x00000288ca000000, 0x00000288cb000000|  0%| F|  |TAMS 0x00000288ca000000| PB 0x00000288ca000000| Untracked |  0
| 245|0x00000288cb000000, 0x00000288cb000000, 0x00000288cc000000|  0%| F|  |TAMS 0x00000288cb000000| PB 0x00000288cb000000| Untracked |  0
| 246|0x00000288cc000000, 0x00000288cc000000, 0x00000288cd000000|  0%| F|  |TAMS 0x00000288cc000000| PB 0x00000288cc000000| Untracked |  0
| 247|0x00000288cd000000, 0x00000288cd000000, 0x00000288ce000000|  0%| F|  |TAMS 0x00000288cd000000| PB 0x00000288cd000000| Untracked |  0
| 248|0x00000288ce000000, 0x00000288ce000000, 0x00000288cf000000|  0%| F|  |TAMS 0x00000288ce000000| PB 0x00000288ce000000| Untracked |  0
| 249|0x00000288cf000000, 0x00000288cf000000, 0x00000288d0000000|  0%| F|  |TAMS 0x00000288cf000000| PB 0x00000288cf000000| Untracked |  0
| 250|0x00000288d0000000, 0x00000288d0000000, 0x00000288d1000000|  0%| F|  |TAMS 0x00000288d0000000| PB 0x00000288d0000000| Untracked |  0
| 251|0x00000288d1000000, 0x00000288d1000000, 0x00000288d2000000|  0%| F|  |TAMS 0x00000288d1000000| PB 0x00000288d1000000| Untracked |  0
| 252|0x00000288d2000000, 0x00000288d2000000, 0x00000288d3000000|  0%| F|  |TAMS 0x00000288d2000000| PB 0x00000288d2000000| Untracked |  0
| 253|0x00000288d3000000, 0x00000288d3000000, 0x00000288d4000000|  0%| F|  |TAMS 0x00000288d3000000| PB 0x00000288d3000000| Untracked |  0
| 254|0x00000288d4000000, 0x00000288d4000000, 0x00000288d5000000|  0%| F|  |TAMS 0x00000288d4000000| PB 0x00000288d4000000| Untracked |  0
| 255|0x00000288d5000000, 0x00000288d5000000, 0x00000288d6000000|  0%| F|  |TAMS 0x00000288d5000000| PB 0x00000288d5000000| Untracked |  0
| 256|0x00000288d6000000, 0x00000288d6000000, 0x00000288d7000000|  0%| F|  |TAMS 0x00000288d6000000| PB 0x00000288d6000000| Untracked |  0
| 257|0x00000288d7000000, 0x00000288d7000000, 0x00000288d8000000|  0%| F|  |TAMS 0x00000288d7000000| PB 0x00000288d7000000| Untracked |  0
| 258|0x00000288d8000000, 0x00000288d8000000, 0x00000288d9000000|  0%| F|  |TAMS 0x00000288d8000000| PB 0x00000288d8000000| Untracked |  0
| 259|0x00000288d9000000, 0x00000288d9000000, 0x00000288da000000|  0%| F|  |TAMS 0x00000288d9000000| PB 0x00000288d9000000| Untracked |  0
| 260|0x00000288da000000, 0x00000288da000000, 0x00000288db000000|  0%| F|  |TAMS 0x00000288da000000| PB 0x00000288da000000| Untracked |  0
| 261|0x00000288db000000, 0x00000288db000000, 0x00000288dc000000|  0%| F|  |TAMS 0x00000288db000000| PB 0x00000288db000000| Untracked |  0
| 262|0x00000288dc000000, 0x00000288dc000000, 0x00000288dd000000|  0%| F|  |TAMS 0x00000288dc000000| PB 0x00000288dc000000| Untracked |  0
| 263|0x00000288dd000000, 0x00000288dd000000, 0x00000288de000000|  0%| F|  |TAMS 0x00000288dd000000| PB 0x00000288dd000000| Untracked |  0
| 264|0x00000288de000000, 0x00000288de000000, 0x00000288df000000|  0%| F|  |TAMS 0x00000288de000000| PB 0x00000288de000000| Untracked |  0
| 265|0x00000288df000000, 0x00000288df000000, 0x00000288e0000000|  0%| F|  |TAMS 0x00000288df000000| PB 0x00000288df000000| Untracked |  0
| 266|0x00000288e0000000, 0x00000288e0000000, 0x00000288e1000000|  0%| F|  |TAMS 0x00000288e0000000| PB 0x00000288e0000000| Untracked |  0
| 267|0x00000288e1000000, 0x00000288e1000000, 0x00000288e2000000|  0%| F|  |TAMS 0x00000288e1000000| PB 0x00000288e1000000| Untracked |  0
| 268|0x00000288e2000000, 0x00000288e2000000, 0x00000288e3000000|  0%| F|  |TAMS 0x00000288e2000000| PB 0x00000288e2000000| Untracked |  0
| 269|0x00000288e3000000, 0x00000288e3000000, 0x00000288e4000000|  0%| F|  |TAMS 0x00000288e3000000| PB 0x00000288e3000000| Untracked |  0
| 270|0x00000288e4000000, 0x00000288e4000000, 0x00000288e5000000|  0%| F|  |TAMS 0x00000288e4000000| PB 0x00000288e4000000| Untracked |  0
| 271|0x00000288e5000000, 0x00000288e5000000, 0x00000288e6000000|  0%| F|  |TAMS 0x00000288e5000000| PB 0x00000288e5000000| Untracked |  0
| 272|0x00000288e6000000, 0x00000288e6000000, 0x00000288e7000000|  0%| F|  |TAMS 0x00000288e6000000| PB 0x00000288e6000000| Untracked |  0
| 273|0x00000288e7000000, 0x00000288e7000000, 0x00000288e8000000|  0%| F|  |TAMS 0x00000288e7000000| PB 0x00000288e7000000| Untracked |  0
| 274|0x00000288e8000000, 0x00000288e8000000, 0x00000288e9000000|  0%| F|  |TAMS 0x00000288e8000000| PB 0x00000288e8000000| Untracked |  0
| 275|0x00000288e9000000, 0x00000288e9000000, 0x00000288ea000000|  0%| F|  |TAMS 0x00000288e9000000| PB 0x00000288e9000000| Untracked |  0
| 276|0x00000288ea000000, 0x00000288ea000000, 0x00000288eb000000|  0%| F|  |TAMS 0x00000288ea000000| PB 0x00000288ea000000| Untracked |  0
| 277|0x00000288eb000000, 0x00000288eb000000, 0x00000288ec000000|  0%| F|  |TAMS 0x00000288eb000000| PB 0x00000288eb000000| Untracked |  0
| 278|0x00000288ec000000, 0x00000288ec000000, 0x00000288ed000000|  0%| F|  |TAMS 0x00000288ec000000| PB 0x00000288ec000000| Untracked |  0
| 279|0x00000288ed000000, 0x00000288ed000000, 0x00000288ee000000|  0%| F|  |TAMS 0x00000288ed000000| PB 0x00000288ed000000| Untracked |  0
| 280|0x00000288ee000000, 0x00000288ee000000, 0x00000288ef000000|  0%| F|  |TAMS 0x00000288ee000000| PB 0x00000288ee000000| Untracked |  0
| 281|0x00000288ef000000, 0x00000288ef000000, 0x00000288f0000000|  0%| F|  |TAMS 0x00000288ef000000| PB 0x00000288ef000000| Untracked |  0
| 282|0x00000288f0000000, 0x00000288f0000000, 0x00000288f1000000|  0%| F|  |TAMS 0x00000288f0000000| PB 0x00000288f0000000| Untracked |  0
| 283|0x00000288f1000000, 0x00000288f1000000, 0x00000288f2000000|  0%| F|  |TAMS 0x00000288f1000000| PB 0x00000288f1000000| Untracked |  0
| 284|0x00000288f2000000, 0x00000288f2000000, 0x00000288f3000000|  0%| F|  |TAMS 0x00000288f2000000| PB 0x00000288f2000000| Untracked |  0
| 285|0x00000288f3000000, 0x00000288f3000000, 0x00000288f4000000|  0%| F|  |TAMS 0x00000288f3000000| PB 0x00000288f3000000| Untracked |  0
| 286|0x00000288f4000000, 0x00000288f4000000, 0x00000288f5000000|  0%| F|  |TAMS 0x00000288f4000000| PB 0x00000288f4000000| Untracked |  0
| 287|0x00000288f5000000, 0x00000288f5000000, 0x00000288f6000000|  0%| F|  |TAMS 0x00000288f5000000| PB 0x00000288f5000000| Untracked |  0
| 288|0x00000288f6000000, 0x00000288f6000000, 0x00000288f7000000|  0%| F|  |TAMS 0x00000288f6000000| PB 0x00000288f6000000| Untracked |  0
| 289|0x00000288f7000000, 0x00000288f7000000, 0x00000288f8000000|  0%| F|  |TAMS 0x00000288f7000000| PB 0x00000288f7000000| Untracked |  0
| 290|0x00000288f8000000, 0x00000288f8000000, 0x00000288f9000000|  0%| F|  |TAMS 0x00000288f8000000| PB 0x00000288f8000000| Untracked |  0
| 291|0x00000288f9000000, 0x00000288f9000000, 0x00000288fa000000|  0%| F|  |TAMS 0x00000288f9000000| PB 0x00000288f9000000| Untracked |  0
| 292|0x00000288fa000000, 0x00000288fa000000, 0x00000288fb000000|  0%| F|  |TAMS 0x00000288fa000000| PB 0x00000288fa000000| Untracked |  0
| 293|0x00000288fb000000, 0x00000288fb000000, 0x00000288fc000000|  0%| F|  |TAMS 0x00000288fb000000| PB 0x00000288fb000000| Untracked |  0
| 294|0x00000288fc000000, 0x00000288fc000000, 0x00000288fd000000|  0%| F|  |TAMS 0x00000288fc000000| PB 0x00000288fc000000| Untracked |  0
| 295|0x00000288fd000000, 0x00000288fd000000, 0x00000288fe000000|  0%| F|  |TAMS 0x00000288fd000000| PB 0x00000288fd000000| Untracked |  0
| 296|0x00000288fe000000, 0x00000288fe000000, 0x00000288ff000000|  0%| F|  |TAMS 0x00000288fe000000| PB 0x00000288fe000000| Untracked |  0
| 297|0x00000288ff000000, 0x00000288ff000000, 0x0000028900000000|  0%| F|  |TAMS 0x00000288ff000000| PB 0x00000288ff000000| Untracked |  0
| 298|0x0000028900000000, 0x0000028900000000, 0x0000028901000000|  0%| F|  |TAMS 0x0000028900000000| PB 0x0000028900000000| Untracked |  0
| 299|0x0000028901000000, 0x0000028901000000, 0x0000028902000000|  0%| F|  |TAMS 0x0000028901000000| PB 0x0000028901000000| Untracked |  0
| 300|0x0000028902000000, 0x0000028902000000, 0x0000028903000000|  0%| F|  |TAMS 0x0000028902000000| PB 0x0000028902000000| Untracked |  0
| 301|0x0000028903000000, 0x0000028903000000, 0x0000028904000000|  0%| F|  |TAMS 0x0000028903000000| PB 0x0000028903000000| Untracked |  0
| 302|0x0000028904000000, 0x0000028904000000, 0x0000028905000000|  0%| F|  |TAMS 0x0000028904000000| PB 0x0000028904000000| Untracked |  0
| 303|0x0000028905000000, 0x0000028905000000, 0x0000028906000000|  0%| F|  |TAMS 0x0000028905000000| PB 0x0000028905000000| Untracked |  0
| 304|0x0000028906000000, 0x0000028906000000, 0x0000028907000000|  0%| F|  |TAMS 0x0000028906000000| PB 0x0000028906000000| Untracked |  0
| 305|0x0000028907000000, 0x0000028907000000, 0x0000028908000000|  0%| F|  |TAMS 0x0000028907000000| PB 0x0000028907000000| Untracked |  0
| 306|0x0000028908000000, 0x0000028908000000, 0x0000028909000000|  0%| F|  |TAMS 0x0000028908000000| PB 0x0000028908000000| Untracked |  0
| 307|0x0000028909000000, 0x0000028909000000, 0x000002890a000000|  0%| F|  |TAMS 0x0000028909000000| PB 0x0000028909000000| Untracked |  0
| 308|0x000002890a000000, 0x000002890a000000, 0x000002890b000000|  0%| F|  |TAMS 0x000002890a000000| PB 0x000002890a000000| Untracked |  0
| 309|0x000002890b000000, 0x000002890b000000, 0x000002890c000000|  0%| F|  |TAMS 0x000002890b000000| PB 0x000002890b000000| Untracked |  0
| 310|0x000002890c000000, 0x000002890c000000, 0x000002890d000000|  0%| F|  |TAMS 0x000002890c000000| PB 0x000002890c000000| Untracked |  0
| 311|0x000002890d000000, 0x000002890d000000, 0x000002890e000000|  0%| F|  |TAMS 0x000002890d000000| PB 0x000002890d000000| Untracked |  0
| 312|0x000002890e000000, 0x000002890e000000, 0x000002890f000000|  0%| F|  |TAMS 0x000002890e000000| PB 0x000002890e000000| Untracked |  0
| 313|0x000002890f000000, 0x000002890f000000, 0x0000028910000000|  0%| F|  |TAMS 0x000002890f000000| PB 0x000002890f000000| Untracked |  0
| 314|0x0000028910000000, 0x0000028910000000, 0x0000028911000000|  0%| F|  |TAMS 0x0000028910000000| PB 0x0000028910000000| Untracked |  0
| 315|0x0000028911000000, 0x0000028911000000, 0x0000028912000000|  0%| F|  |TAMS 0x0000028911000000| PB 0x0000028911000000| Untracked |  0
| 316|0x0000028912000000, 0x0000028912000000, 0x0000028913000000|  0%| F|  |TAMS 0x0000028912000000| PB 0x0000028912000000| Untracked |  0
| 317|0x0000028913000000, 0x0000028913000000, 0x0000028914000000|  0%| F|  |TAMS 0x0000028913000000| PB 0x0000028913000000| Untracked |  0
| 318|0x0000028914000000, 0x0000028914000000, 0x0000028915000000|  0%| F|  |TAMS 0x0000028914000000| PB 0x0000028914000000| Untracked |  0
| 319|0x0000028915000000, 0x0000028915000000, 0x0000028916000000|  0%| F|  |TAMS 0x0000028915000000| PB 0x0000028915000000| Untracked |  0
| 320|0x0000028916000000, 0x0000028916000000, 0x0000028917000000|  0%| F|  |TAMS 0x0000028916000000| PB 0x0000028916000000| Untracked |  0
| 321|0x0000028917000000, 0x0000028917000000, 0x0000028918000000|  0%| F|  |TAMS 0x0000028917000000| PB 0x0000028917000000| Untracked |  0
| 322|0x0000028918000000, 0x0000028918000000, 0x0000028919000000|  0%| F|  |TAMS 0x0000028918000000| PB 0x0000028918000000| Untracked |  0
| 323|0x0000028919000000, 0x0000028919000000, 0x000002891a000000|  0%| F|  |TAMS 0x0000028919000000| PB 0x0000028919000000| Untracked |  0
| 324|0x000002891a000000, 0x000002891a000000, 0x000002891b000000|  0%| F|  |TAMS 0x000002891a000000| PB 0x000002891a000000| Untracked |  0
| 325|0x000002891b000000, 0x000002891b000000, 0x000002891c000000|  0%| F|  |TAMS 0x000002891b000000| PB 0x000002891b000000| Untracked |  0
| 326|0x000002891c000000, 0x000002891c000000, 0x000002891d000000|  0%| F|  |TAMS 0x000002891c000000| PB 0x000002891c000000| Untracked |  0
| 327|0x000002891d000000, 0x000002891d000000, 0x000002891e000000|  0%| F|  |TAMS 0x000002891d000000| PB 0x000002891d000000| Untracked |  0
| 328|0x000002891e000000, 0x000002891e000000, 0x000002891f000000|  0%| F|  |TAMS 0x000002891e000000| PB 0x000002891e000000| Untracked |  0
| 329|0x000002891f000000, 0x000002891f000000, 0x0000028920000000|  0%| F|  |TAMS 0x000002891f000000| PB 0x000002891f000000| Untracked |  0
| 330|0x0000028920000000, 0x0000028920000000, 0x0000028921000000|  0%| F|  |TAMS 0x0000028920000000| PB 0x0000028920000000| Untracked |  0
| 331|0x0000028921000000, 0x0000028921000000, 0x0000028922000000|  0%| F|  |TAMS 0x0000028921000000| PB 0x0000028921000000| Untracked |  0
| 332|0x0000028922000000, 0x0000028922000000, 0x0000028923000000|  0%| F|  |TAMS 0x0000028922000000| PB 0x0000028922000000| Untracked |  0
| 333|0x0000028923000000, 0x0000028923000000, 0x0000028924000000|  0%| F|  |TAMS 0x0000028923000000| PB 0x0000028923000000| Untracked |  0
| 334|0x0000028924000000, 0x0000028924000000, 0x0000028925000000|  0%| F|  |TAMS 0x0000028924000000| PB 0x0000028924000000| Untracked |  0
| 335|0x0000028925000000, 0x0000028925000000, 0x0000028926000000|  0%| F|  |TAMS 0x0000028925000000| PB 0x0000028925000000| Untracked |  0
| 336|0x0000028926000000, 0x0000028926000000, 0x0000028927000000|  0%| F|  |TAMS 0x0000028926000000| PB 0x0000028926000000| Untracked |  0
| 337|0x0000028927000000, 0x0000028927000000, 0x0000028928000000|  0%| F|  |TAMS 0x0000028927000000| PB 0x0000028927000000| Untracked |  0
| 338|0x0000028928000000, 0x0000028928000000, 0x0000028929000000|  0%| F|  |TAMS 0x0000028928000000| PB 0x0000028928000000| Untracked |  0
| 339|0x0000028929000000, 0x0000028929000000, 0x000002892a000000|  0%| F|  |TAMS 0x0000028929000000| PB 0x0000028929000000| Untracked |  0
| 340|0x000002892a000000, 0x000002892a000000, 0x000002892b000000|  0%| F|  |TAMS 0x000002892a000000| PB 0x000002892a000000| Untracked |  0
| 341|0x000002892b000000, 0x000002892b000000, 0x000002892c000000|  0%| F|  |TAMS 0x000002892b000000| PB 0x000002892b000000| Untracked |  0
| 342|0x000002892c000000, 0x000002892c000000, 0x000002892d000000|  0%| F|  |TAMS 0x000002892c000000| PB 0x000002892c000000| Untracked |  0
| 343|0x000002892d000000, 0x000002892d000000, 0x000002892e000000|  0%| F|  |TAMS 0x000002892d000000| PB 0x000002892d000000| Untracked |  0
| 344|0x000002892e000000, 0x000002892e000000, 0x000002892f000000|  0%| F|  |TAMS 0x000002892e000000| PB 0x000002892e000000| Untracked |  0
| 345|0x000002892f000000, 0x000002892f000000, 0x0000028930000000|  0%| F|  |TAMS 0x000002892f000000| PB 0x000002892f000000| Untracked |  0
| 346|0x0000028930000000, 0x0000028930000000, 0x0000028931000000|  0%| F|  |TAMS 0x0000028930000000| PB 0x0000028930000000| Untracked |  0
| 347|0x0000028931000000, 0x0000028931000000, 0x0000028932000000|  0%| F|  |TAMS 0x0000028931000000| PB 0x0000028931000000| Untracked |  0
| 348|0x0000028932000000, 0x0000028932000000, 0x0000028933000000|  0%| F|  |TAMS 0x0000028932000000| PB 0x0000028932000000| Untracked |  0
| 349|0x0000028933000000, 0x0000028933000000, 0x0000028934000000|  0%| F|  |TAMS 0x0000028933000000| PB 0x0000028933000000| Untracked |  0
| 350|0x0000028934000000, 0x0000028934000000, 0x0000028935000000|  0%| F|  |TAMS 0x0000028934000000| PB 0x0000028934000000| Untracked |  0
| 351|0x0000028935000000, 0x0000028935000000, 0x0000028936000000|  0%| F|  |TAMS 0x0000028935000000| PB 0x0000028935000000| Untracked |  0
| 352|0x0000028936000000, 0x0000028936000000, 0x0000028937000000|  0%| F|  |TAMS 0x0000028936000000| PB 0x0000028936000000| Untracked |  0
| 353|0x0000028937000000, 0x0000028937000000, 0x0000028938000000|  0%| F|  |TAMS 0x0000028937000000| PB 0x0000028937000000| Untracked |  0
| 354|0x0000028938000000, 0x0000028938000000, 0x0000028939000000|  0%| F|  |TAMS 0x0000028938000000| PB 0x0000028938000000| Untracked |  0
| 355|0x0000028939000000, 0x0000028939000000, 0x000002893a000000|  0%| F|  |TAMS 0x0000028939000000| PB 0x0000028939000000| Untracked |  0
| 356|0x000002893a000000, 0x000002893a000000, 0x000002893b000000|  0%| F|  |TAMS 0x000002893a000000| PB 0x000002893a000000| Untracked |  0
| 357|0x000002893b000000, 0x000002893b000000, 0x000002893c000000|  0%| F|  |TAMS 0x000002893b000000| PB 0x000002893b000000| Untracked |  0
| 358|0x000002893c000000, 0x000002893c000000, 0x000002893d000000|  0%| F|  |TAMS 0x000002893c000000| PB 0x000002893c000000| Untracked |  0
| 359|0x000002893d000000, 0x000002893d000000, 0x000002893e000000|  0%| F|  |TAMS 0x000002893d000000| PB 0x000002893d000000| Untracked |  0
| 360|0x000002893e000000, 0x000002893e000000, 0x000002893f000000|  0%| F|  |TAMS 0x000002893e000000| PB 0x000002893e000000| Untracked |  0
| 361|0x000002893f000000, 0x000002893f000000, 0x0000028940000000|  0%| F|  |TAMS 0x000002893f000000| PB 0x000002893f000000| Untracked |  0
| 362|0x0000028940000000, 0x0000028940000000, 0x0000028941000000|  0%| F|  |TAMS 0x0000028940000000| PB 0x0000028940000000| Untracked |  0
| 363|0x0000028941000000, 0x0000028941000000, 0x0000028942000000|  0%| F|  |TAMS 0x0000028941000000| PB 0x0000028941000000| Untracked |  0
| 364|0x0000028942000000, 0x0000028942000000, 0x0000028943000000|  0%| F|  |TAMS 0x0000028942000000| PB 0x0000028942000000| Untracked |  0
| 365|0x0000028943000000, 0x0000028943000000, 0x0000028944000000|  0%| F|  |TAMS 0x0000028943000000| PB 0x0000028943000000| Untracked |  0
| 366|0x0000028944000000, 0x0000028944000000, 0x0000028945000000|  0%| F|  |TAMS 0x0000028944000000| PB 0x0000028944000000| Untracked |  0
| 367|0x0000028945000000, 0x0000028945ab3160, 0x0000028946000000| 66%| E|  |TAMS 0x0000028945000000| PB 0x0000028945000000| Complete |  0
| 368|0x0000028946000000, 0x0000028947000000, 0x0000028947000000|100%| E|CS|TAMS 0x0000028946000000| PB 0x0000028946000000| Complete |  0
| 369|0x0000028947000000, 0x0000028948000000, 0x0000028948000000|100%| E|CS|TAMS 0x0000028947000000| PB 0x0000028947000000| Complete |  0
| 370|0x0000028948000000, 0x0000028949000000, 0x0000028949000000|100%| E|CS|TAMS 0x0000028948000000| PB 0x0000028948000000| Complete |  0
| 371|0x0000028949000000, 0x000002894a000000, 0x000002894a000000|100%| E|CS|TAMS 0x0000028949000000| PB 0x0000028949000000| Complete |  0
| 372|0x000002894a000000, 0x000002894b000000, 0x000002894b000000|100%| E|CS|TAMS 0x000002894a000000| PB 0x000002894a000000| Complete |  0
| 373|0x000002894b000000, 0x000002894c000000, 0x000002894c000000|100%| E|CS|TAMS 0x000002894b000000| PB 0x000002894b000000| Complete |  0
| 374|0x000002894c000000, 0x000002894d000000, 0x000002894d000000|100%| E|CS|TAMS 0x000002894c000000| PB 0x000002894c000000| Complete |  0
| 375|0x000002894d000000, 0x000002894e000000, 0x000002894e000000|100%| E|CS|TAMS 0x000002894d000000| PB 0x000002894d000000| Complete |  0
| 376|0x000002894e000000, 0x000002894f000000, 0x000002894f000000|100%| E|CS|TAMS 0x000002894e000000| PB 0x000002894e000000| Complete |  0
| 377|0x000002894f000000, 0x0000028950000000, 0x0000028950000000|100%| E|CS|TAMS 0x000002894f000000| PB 0x000002894f000000| Complete |  0
| 378|0x0000028950000000, 0x0000028951000000, 0x0000028951000000|100%| E|CS|TAMS 0x0000028950000000| PB 0x0000028950000000| Complete |  0
| 379|0x0000028951000000, 0x0000028952000000, 0x0000028952000000|100%| E|CS|TAMS 0x0000028951000000| PB 0x0000028951000000| Complete |  0
| 380|0x0000028952000000, 0x0000028953000000, 0x0000028953000000|100%| E|CS|TAMS 0x0000028952000000| PB 0x0000028952000000| Complete |  0
| 381|0x0000028953000000, 0x0000028954000000, 0x0000028954000000|100%| E|CS|TAMS 0x0000028953000000| PB 0x0000028953000000| Complete |  0
| 382|0x0000028954000000, 0x0000028955000000, 0x0000028955000000|100%| E|CS|TAMS 0x0000028954000000| PB 0x0000028954000000| Complete |  0
| 383|0x0000028955000000, 0x0000028956000000, 0x0000028956000000|100%| E|CS|TAMS 0x0000028955000000| PB 0x0000028955000000| Complete |  0
| 384|0x0000028956000000, 0x0000028957000000, 0x0000028957000000|100%| E|CS|TAMS 0x0000028956000000| PB 0x0000028956000000| Complete |  0
| 385|0x0000028957000000, 0x0000028958000000, 0x0000028958000000|100%| E|CS|TAMS 0x0000028957000000| PB 0x0000028957000000| Complete |  0
| 386|0x0000028958000000, 0x0000028959000000, 0x0000028959000000|100%| E|CS|TAMS 0x0000028958000000| PB 0x0000028958000000| Complete |  0
| 387|0x0000028959000000, 0x000002895a000000, 0x000002895a000000|100%| E|CS|TAMS 0x0000028959000000| PB 0x0000028959000000| Complete |  0
| 388|0x000002895a000000, 0x000002895b000000, 0x000002895b000000|100%| E|CS|TAMS 0x000002895a000000| PB 0x000002895a000000| Complete |  0
| 389|0x000002895b000000, 0x000002895c000000, 0x000002895c000000|100%| E|CS|TAMS 0x000002895b000000| PB 0x000002895b000000| Complete |  0
| 390|0x000002895c000000, 0x000002895d000000, 0x000002895d000000|100%| E|CS|TAMS 0x000002895c000000| PB 0x000002895c000000| Complete |  0
| 391|0x000002895d000000, 0x000002895e000000, 0x000002895e000000|100%| E|CS|TAMS 0x000002895d000000| PB 0x000002895d000000| Complete |  0
| 392|0x000002895e000000, 0x000002895f000000, 0x000002895f000000|100%| E|CS|TAMS 0x000002895e000000| PB 0x000002895e000000| Complete |  0
| 393|0x000002895f000000, 0x0000028960000000, 0x0000028960000000|100%| E|CS|TAMS 0x000002895f000000| PB 0x000002895f000000| Complete |  0
| 394|0x0000028960000000, 0x0000028961000000, 0x0000028961000000|100%| E|CS|TAMS 0x0000028960000000| PB 0x0000028960000000| Complete |  0
| 395|0x0000028961000000, 0x0000028962000000, 0x0000028962000000|100%| E|CS|TAMS 0x0000028961000000| PB 0x0000028961000000| Complete |  0
| 396|0x0000028962000000, 0x0000028963000000, 0x0000028963000000|100%| E|CS|TAMS 0x0000028962000000| PB 0x0000028962000000| Complete |  0
| 397|0x0000028963000000, 0x0000028964000000, 0x0000028964000000|100%| E|CS|TAMS 0x0000028963000000| PB 0x0000028963000000| Complete |  0
| 398|0x0000028964000000, 0x0000028965000000, 0x0000028965000000|100%| E|CS|TAMS 0x0000028964000000| PB 0x0000028964000000| Complete |  0
| 399|0x0000028965000000, 0x0000028966000000, 0x0000028966000000|100%| E|CS|TAMS 0x0000028965000000| PB 0x0000028965000000| Complete |  0
| 400|0x0000028966000000, 0x0000028967000000, 0x0000028967000000|100%| E|CS|TAMS 0x0000028966000000| PB 0x0000028966000000| Complete |  0
| 401|0x0000028967000000, 0x0000028968000000, 0x0000028968000000|100%| E|CS|TAMS 0x0000028967000000| PB 0x0000028967000000| Complete |  0
| 402|0x0000028968000000, 0x0000028969000000, 0x0000028969000000|100%| E|CS|TAMS 0x0000028968000000| PB 0x0000028968000000| Complete |  0
| 403|0x0000028969000000, 0x000002896a000000, 0x000002896a000000|100%| E|CS|TAMS 0x0000028969000000| PB 0x0000028969000000| Complete |  0
| 404|0x000002896a000000, 0x000002896b000000, 0x000002896b000000|100%| E|CS|TAMS 0x000002896a000000| PB 0x000002896a000000| Complete |  0
| 405|0x000002896b000000, 0x000002896c000000, 0x000002896c000000|100%| E|CS|TAMS 0x000002896b000000| PB 0x000002896b000000| Complete |  0
| 406|0x000002896c000000, 0x000002896d000000, 0x000002896d000000|100%| E|CS|TAMS 0x000002896c000000| PB 0x000002896c000000| Complete |  0
| 407|0x000002896d000000, 0x000002896e000000, 0x000002896e000000|100%| E|CS|TAMS 0x000002896d000000| PB 0x000002896d000000| Complete |  0
| 408|0x000002896e000000, 0x000002896f000000, 0x000002896f000000|100%| E|CS|TAMS 0x000002896e000000| PB 0x000002896e000000| Complete |  0
| 409|0x000002896f000000, 0x0000028970000000, 0x0000028970000000|100%| E|CS|TAMS 0x000002896f000000| PB 0x000002896f000000| Complete |  0
| 410|0x0000028970000000, 0x0000028971000000, 0x0000028971000000|100%| E|CS|TAMS 0x0000028970000000| PB 0x0000028970000000| Complete |  0
| 411|0x0000028971000000, 0x0000028972000000, 0x0000028972000000|100%| E|CS|TAMS 0x0000028971000000| PB 0x0000028971000000| Complete |  0
| 412|0x0000028972000000, 0x0000028973000000, 0x0000028973000000|100%| E|CS|TAMS 0x0000028972000000| PB 0x0000028972000000| Complete |  0
| 413|0x0000028973000000, 0x0000028974000000, 0x0000028974000000|100%| E|CS|TAMS 0x0000028973000000| PB 0x0000028973000000| Complete |  0
| 414|0x0000028974000000, 0x0000028975000000, 0x0000028975000000|100%| E|CS|TAMS 0x0000028974000000| PB 0x0000028974000000| Complete |  0
|2036|0x0000028fca000000, 0x0000028fcb000000, 0x0000028fcb000000|100%| E|CS|TAMS 0x0000028fca000000| PB 0x0000028fca000000| Complete |  0
|2037|0x0000028fcb000000, 0x0000028fcc000000, 0x0000028fcc000000|100%| E|CS|TAMS 0x0000028fcb000000| PB 0x0000028fcb000000| Complete |  0
|2038|0x0000028fcc000000, 0x0000028fcd000000, 0x0000028fcd000000|100%| E|CS|TAMS 0x0000028fcc000000| PB 0x0000028fcc000000| Complete |  0
|2039|0x0000028fcd000000, 0x0000028fce000000, 0x0000028fce000000|100%| E|CS|TAMS 0x0000028fcd000000| PB 0x0000028fcd000000| Complete |  0
|2040|0x0000028fce000000, 0x0000028fcf000000, 0x0000028fcf000000|100%| E|CS|TAMS 0x0000028fce000000| PB 0x0000028fce000000| Complete |  0
|2041|0x0000028fcf000000, 0x0000028fd0000000, 0x0000028fd0000000|100%| E|CS|TAMS 0x0000028fcf000000| PB 0x0000028fcf000000| Complete |  0
|2042|0x0000028fd0000000, 0x0000028fd1000000, 0x0000028fd1000000|100%| E|CS|TAMS 0x0000028fd0000000| PB 0x0000028fd0000000| Complete |  0
|2043|0x0000028fd1000000, 0x0000028fd2000000, 0x0000028fd2000000|100%| E|CS|TAMS 0x0000028fd1000000| PB 0x0000028fd1000000| Complete |  0
|2044|0x0000028fd2000000, 0x0000028fd3000000, 0x0000028fd3000000|100%| O|  |TAMS 0x0000028fd2000000| PB 0x0000028fd2000000| Untracked |  0
|2045|0x0000028fd3000000, 0x0000028fd4000000, 0x0000028fd4000000|100%| O|  |TAMS 0x0000028fd3000000| PB 0x0000028fd3000000| Untracked |  0
|2046|0x0000028fd4000000, 0x0000028fd5000000, 0x0000028fd5000000|100%| E|CS|TAMS 0x0000028fd4000000| PB 0x0000028fd4000000| Complete |  0
|2047|0x0000028fd5000000, 0x0000028fd6000000, 0x0000028fd6000000|100%| E|CS|TAMS 0x0000028fd5000000| PB 0x0000028fd5000000| Complete |  0

Card table byte_map: [0x0000028784000000,0x0000028788000000] _byte_map_base: 0x0000028640150000

Marking Bits: (CMBitMap*) 0x00000287c00f5ff0
 Bits: [0x0000028788000000, 0x00000287a8000000)

Polling page: 0x00000287bdb90000

Metaspace:
Metaspace        used 372063K, committed 377024K, reserved 1376256K
 class space     used 70581K, committed 72768K, reserved 1048576K

Usage:
  Non-class:    294.42 MB used.
      Class:     68.93 MB used.
       Both:    363.34 MB used.

Virtual space:
  Non-class space:      320.00 MB reserved,     297.12 MB ( 93%) committed,  5 nodes.
      Class space:        1.00 GB reserved,      71.06 MB (  7%) committed,  1 nodes.
             Both:        1.31 GB reserved,     368.19 MB ( 27%) committed. 

Chunk freelists:
   Non-Class:  6.36 MB
       Class:  8.91 MB
        Both:  15.27 MB

MaxMetaspaceSize: unlimited
CompressedClassSpaceSize: 1.00 GB
Initial GC threshold: 21.00 MB
Current GC threshold: 613.38 MB
CDS: on
 - commit_granule_bytes: 65536.
 - commit_granule_words: 8192.
 - virtual_space_node_default_size: 8388608.
 - enlarge_chunks_in_place: 1.
UseCompressedClassPointers 1, UseCompactObjectHeaders 0
Narrow klass pointer bits 32, Max shift 3
Narrow klass base: 0x0000000096000000, Narrow klass shift: 0
Encoding Range: [0x0000000096000000 - 0x0000000196000000), (4294967296 bytes)
Klass Range:    [0x0000000096010000 - 0x00000000d7000000), (1090453504 bytes)
Klass ID Range:  [65536 - 1090519033) (1090453497)
Protection zone: [0x0000000096000000 - 0x0000000096010000), (65536 bytes)


Internal statistics:

num_allocs_failed_limit: 351.
num_arena_births: 8540.
num_arena_deaths: 130.
num_vsnodes_births: 6.
num_vsnodes_deaths: 0.
num_space_committed: 5880.
num_space_uncommitted: 0.
num_chunks_returned_to_freelist: 535.
num_chunks_taken_from_freelist: 28742.
num_chunk_merges: 395.
num_chunk_splits: 16915.
num_chunks_enlarged: 9741.
num_inconsistent_stats: 0.

CodeHeap 'non-profiled nmethods': size=119232Kb used=28917Kb max_used=35705Kb free=90314Kb
 bounds [0x00000287cda80000, 0x00000287cfd60000, 0x00000287d4ef0000]
CodeHeap 'profiled nmethods': size=119104Kb used=20029Kb max_used=66716Kb free=99074Kb
 bounds [0x00000287c5ef0000, 0x00000287ca060000, 0x00000287cd340000]
CodeHeap 'non-nmethods': size=7424Kb used=5480Kb max_used=6222Kb free=1943Kb
 bounds [0x00000287cd340000, 0x00000287cd980000, 0x00000287cda80000]
CodeCache: size=245760Kb, used=54426Kb, max_used=108643Kb, free=191331Kb
 total_blobs=25404, nmethods=21941, adapters=3359, full_count=0
Compilation: enabled, stopped_count=0, restarted_count=0

Compilation events (20 events):
Event: 935.459 Thread 0x00000287d5c5d950 nmethod 88244 0x00000287ceaaa488 code [0x00000287ceaaa580, 0x00000287ceaaa688]
Event: 935.461 Thread 0x00000290bd874200 nmethod 88232 0x00000287ce729408 code [0x00000287ce729520, 0x00000287ce7298a8]
Event: 935.462 Thread 0x00000287b6a51fb0 88247   !   3       de.keksuccino.fancymenu.networking.packets.commands.variable.suggestions.VariableCommandSuggestionsPacketCodec::onClientTick (66 bytes)
Event: 935.463 Thread 0x00000287b6a51fb0 nmethod 88247 0x00000287c97d9688 code [0x00000287c97d9780, 0x00000287c97da8b8]
Event: 935.463 Thread 0x00000287b92e2140 nmethod 88240 0x00000287cdcb6f08 code [0x00000287cdcb7000, 0x00000287cdcb7820]
Event: 935.496 Thread 0x00000290bd876a50 88248       4       net.minecraft.server.MinecraftServer::logTickMethodTime (28 bytes)
Event: 935.496 Thread 0x00000290bd874200 88249       4       net.minecraft.client.server.IntegratedServer::getTickTimeLogger (5 bytes)
Event: 935.496 Thread 0x00000287b7d6c320 88250       4       net.minecraft.client.server.IntegratedServer::getTickTimeLogger (11 bytes)
Event: 935.496 Thread 0x00000287d5c5d950 88251       4       net.neoforged.neoforge.event.EventHooks::fireServerTickPost (19 bytes)
Event: 935.496 Thread 0x00000287b92e59b0 88252       4       net.neoforged.neoforge.event.tick.ServerTickEvent$Post::<init> (7 bytes)
Event: 935.496 Thread 0x00000287b92e2140 88253       4       net.minecraft.server.MinecraftServer::handler$eoi000$cardinal_components_level$onEndTick (25 bytes)
Event: 935.496 Thread 0x00000290ba5f7160 88254       4       net.minecraft.server.MinecraftServer::kjs$getOverworld (23 bytes)
Event: 935.497 Thread 0x00000287b92e59b0 nmethod 88252 0x00000287cf138108 code [0x00000287cf138200, 0x00000287cf1384b8]
Event: 935.497 Thread 0x00000290ba5f7160 nmethod 88254 0x00000287ceac0588 code [0x00000287ceac0680, 0x00000287ceac0718]
Event: 935.497 Thread 0x00000287b7d6c320 nmethod 88250 0x00000287ceac4c88 code [0x00000287ceac4d80, 0x00000287ceac4e48]
Event: 935.497 Thread 0x00000290bd874200 nmethod 88249 0x00000287ceac7988 code [0x00000287ceac7a80, 0x00000287ceac7b48]
Event: 935.497 Thread 0x00000287b92e2140 nmethod 88253 0x00000287ceac9808 code [0x00000287ceac9900, 0x00000287ceac99f0]
Event: 935.498 Thread 0x00000290bd876a50 nmethod 88248 0x00000287cf295708 code [0x00000287cf295820, 0x00000287cf295aa8]
Event: 935.499 Thread 0x00000287d5c5d950 nmethod 88251 0x00000287ce22cc88 code [0x00000287ce22cd80, 0x00000287ce22d070]
Event: 935.511 Thread 0x00000290bd878280 nmethod 88222 0x00000287cf0fa808 code [0x00000287cf0fa900, 0x00000287cf0fd7f8]

GC Heap Usage History (20 events):
Event: 880.062 {heap Before GC invocations=246 (full 0):
 garbage-first heap   total reserved 33554432K, committed 6995968K, used 6624762K [0x00000287d6000000, 0x0000028fd6000000)
  region size 16384K, 237 young (3883008K), 2 survivors (32768K)
}
Event: 880.069 {heap After GC invocations=247 (full 0):
 garbage-first heap   total reserved 33554432K, committed 6995968K, used 2785303K [0x00000287d6000000, 0x0000028fd6000000)
  region size 16384K, 3 young (49152K), 3 survivors (49152K)
}
Event: 886.137 {heap Before GC invocations=247 (full 0):
 garbage-first heap   total reserved 33554432K, committed 6995968K, used 6619159K [0x00000287d6000000, 0x0000028fd6000000)
  region size 16384K, 237 young (3883008K), 3 survivors (49152K)
}
Event: 886.144 {heap After GC invocations=248 (full 0):
 garbage-first heap   total reserved 33554432K, committed 6995968K, used 2781252K [0x00000287d6000000, 0x0000028fd6000000)
  region size 16384K, 3 young (49152K), 3 survivors (49152K)
}
Event: 891.963 {heap Before GC invocations=248 (full 0):
 garbage-first heap   total reserved 33554432K, committed 6995968K, used 6615108K [0x00000287d6000000, 0x0000028fd6000000)
  region size 16384K, 237 young (3883008K), 3 survivors (49152K)
}
Event: 891.970 {heap After GC invocations=249 (full 0):
 garbage-first heap   total reserved 33554432K, committed 6995968K, used 2783621K [0x00000287d6000000, 0x0000028fd6000000)
  region size 16384K, 3 young (49152K), 3 survivors (49152K)
}
Event: 897.869 {heap Before GC invocations=250 (full 0):
 garbage-first heap   total reserved 33554432K, committed 6995968K, used 6617477K [0x00000287d6000000, 0x0000028fd6000000)
  region size 16384K, 237 young (3883008K), 3 survivors (49152K)
}
Event: 897.875 {heap After GC invocations=251 (full 0):
 garbage-first heap   total reserved 33554432K, committed 6995968K, used 2785238K [0x00000287d6000000, 0x0000028fd6000000)
  region size 16384K, 3 young (49152K), 3 survivors (49152K)
}
Event: 903.638 {heap Before GC invocations=251 (full 0):
 garbage-first heap   total reserved 33554432K, committed 6995968K, used 6619094K [0x00000287d6000000, 0x0000028fd6000000)
  region size 16384K, 237 young (3883008K), 3 survivors (49152K)
}
Event: 903.646 {heap After GC invocations=252 (full 0):
 garbage-first heap   total reserved 33554432K, committed 6995968K, used 2776235K [0x00000287d6000000, 0x0000028fd6000000)
  region size 16384K, 3 young (49152K), 3 survivors (49152K)
}
Event: 909.387 {heap Before GC invocations=252 (full 0):
 garbage-first heap   total reserved 33554432K, committed 6995968K, used 6610091K [0x00000287d6000000, 0x0000028fd6000000)
  region size 16384K, 237 young (3883008K), 3 survivors (49152K)
}
Event: 909.393 {heap After GC invocations=253 (full 0):
 garbage-first heap   total reserved 33554432K, committed 6995968K, used 2777260K [0x00000287d6000000, 0x0000028fd6000000)
  region size 16384K, 3 young (49152K), 3 survivors (49152K)
}
Event: 913.235 {heap Before GC invocations=254 (full 0):
 garbage-first heap   total reserved 33554432K, committed 6995968K, used 6611116K [0x00000287d6000000, 0x0000028fd6000000)
  region size 16384K, 237 young (3883008K), 3 survivors (49152K)
}
Event: 913.246 {heap After GC invocations=255 (full 0):
 garbage-first heap   total reserved 33554432K, committed 6995968K, used 2802904K [0x00000287d6000000, 0x0000028fd6000000)
  region size 16384K, 4 young (65536K), 4 survivors (65536K)
}
Event: 917.392 {heap Before GC invocations=255 (full 0):
 garbage-first heap   total reserved 33554432K, committed 6995968K, used 6603992K [0x00000287d6000000, 0x0000028fd6000000)
  region size 16384K, 237 young (3883008K), 4 survivors (65536K)
}
Event: 917.407 {heap After GC invocations=256 (full 0):
 garbage-first heap   total reserved 33554432K, committed 6995968K, used 2802262K [0x00000287d6000000, 0x0000028fd6000000)
  region size 16384K, 4 young (65536K), 4 survivors (65536K)
}
Event: 925.040 {heap Before GC invocations=256 (full 0):
 garbage-first heap   total reserved 33554432K, committed 6995968K, used 6619734K [0x00000287d6000000, 0x0000028fd6000000)
  region size 16384K, 237 young (3883008K), 4 survivors (65536K)
}
Event: 925.050 {heap After GC invocations=257 (full 0):
 garbage-first heap   total reserved 33554432K, committed 6995968K, used 2801411K [0x00000287d6000000, 0x0000028fd6000000)
  region size 16384K, 4 young (65536K), 4 survivors (65536K)
}
Event: 932.629 {heap Before GC invocations=258 (full 0):
 garbage-first heap   total reserved 33554432K, committed 6995968K, used 6618883K [0x00000287d6000000, 0x0000028fd6000000)
  region size 16384K, 237 young (3883008K), 4 survivors (65536K)
}
Event: 932.638 {heap After GC invocations=259 (full 0):
 garbage-first heap   total reserved 33554432K, committed 6995968K, used 2796015K [0x00000287d6000000, 0x0000028fd6000000)
  region size 16384K, 4 young (65536K), 4 survivors (65536K)
}

Metaspace Usage History (20 events):
Event: 880.062 {metaspace Before GC invocations=246 (full 0):
 Metaspace       used 369483K, committed 374336K, reserved 1376256K
  class space    used 70176K, committed 72320K, reserved 1048576K
}
Event: 880.069 {metaspace After GC invocations=247 (full 0):
 Metaspace       used 369483K, committed 374336K, reserved 1376256K
  class space    used 70176K, committed 72320K, reserved 1048576K
}
Event: 886.137 {metaspace Before GC invocations=247 (full 0):
 Metaspace       used 369495K, committed 374336K, reserved 1376256K
  class space    used 70176K, committed 72320K, reserved 1048576K
}
Event: 886.144 {metaspace After GC invocations=248 (full 0):
 Metaspace       used 369495K, committed 374336K, reserved 1376256K
  class space    used 70176K, committed 72320K, reserved 1048576K
}
Event: 891.963 {metaspace Before GC invocations=248 (full 0):
 Metaspace       used 369525K, committed 374400K, reserved 1376256K
  class space    used 70176K, committed 72320K, reserved 1048576K
}
Event: 891.970 {metaspace After GC invocations=249 (full 0):
 Metaspace       used 369525K, committed 374400K, reserved 1376256K
  class space    used 70176K, committed 72320K, reserved 1048576K
}
Event: 897.869 {metaspace Before GC invocations=250 (full 0):
 Metaspace       used 369532K, committed 374400K, reserved 1376256K
  class space    used 70176K, committed 72320K, reserved 1048576K
}
Event: 897.875 {metaspace After GC invocations=251 (full 0):
 Metaspace       used 369532K, committed 374400K, reserved 1376256K
  class space    used 70176K, committed 72320K, reserved 1048576K
}
Event: 903.638 {metaspace Before GC invocations=251 (full 0):
 Metaspace       used 369533K, committed 374400K, reserved 1376256K
  class space    used 70176K, committed 72320K, reserved 1048576K
}
Event: 903.646 {metaspace After GC invocations=252 (full 0):
 Metaspace       used 369533K, committed 374400K, reserved 1376256K
  class space    used 70176K, committed 72320K, reserved 1048576K
}
Event: 909.387 {metaspace Before GC invocations=252 (full 0):
 Metaspace       used 369539K, committed 374400K, reserved 1376256K
  class space    used 70176K, committed 72320K, reserved 1048576K
}
Event: 909.393 {metaspace After GC invocations=253 (full 0):
 Metaspace       used 369539K, committed 374400K, reserved 1376256K
  class space    used 70176K, committed 72320K, reserved 1048576K
}
Event: 913.235 {metaspace Before GC invocations=254 (full 0):
 Metaspace       used 371512K, committed 376448K, reserved 1376256K
  class space    used 70527K, committed 72704K, reserved 1048576K
}
Event: 913.246 {metaspace After GC invocations=255 (full 0):
 Metaspace       used 371512K, committed 376448K, reserved 1376256K
  class space    used 70527K, committed 72704K, reserved 1048576K
}
Event: 917.392 {metaspace Before GC invocations=255 (full 0):
 Metaspace       used 371882K, committed 376832K, reserved 1376256K
  class space    used 70550K, committed 72768K, reserved 1048576K
}
Event: 917.407 {metaspace After GC invocations=256 (full 0):
 Metaspace       used 371882K, committed 376832K, reserved 1376256K
  class space    used 70550K, committed 72768K, reserved 1048576K
}
Event: 925.040 {metaspace Before GC invocations=256 (full 0):
 Metaspace       used 371895K, committed 376832K, reserved 1376256K
  class space    used 70550K, committed 72768K, reserved 1048576K
}
Event: 925.050 {metaspace After GC invocations=257 (full 0):
 Metaspace       used 371895K, committed 376832K, reserved 1376256K
  class space    used 70550K, committed 72768K, reserved 1048576K
}
Event: 932.629 {metaspace Before GC invocations=258 (full 0):
 Metaspace       used 371895K, committed 376832K, reserved 1376256K
  class space    used 70550K, committed 72768K, reserved 1048576K
}
Event: 932.638 {metaspace After GC invocations=259 (full 0):
 Metaspace       used 371895K, committed 376832K, reserved 1376256K
  class space    used 70550K, committed 72768K, reserved 1048576K
}

Dll operation events (17 events):
Event: 0.006 Loaded shared library C:\Program Files\Eclipse Adoptium\jre-25.0.2.10-hotspot\bin\java.dll
Event: 0.094 Loaded shared library C:\Program Files\Eclipse Adoptium\jre-25.0.2.10-hotspot\bin\net.dll
Event: 0.096 Loaded shared library C:\Program Files\Eclipse Adoptium\jre-25.0.2.10-hotspot\bin\nio.dll
Event: 0.098 Loaded shared library C:\Program Files\Eclipse Adoptium\jre-25.0.2.10-hotspot\bin\zip.dll
Event: 0.133 Loaded shared library C:\Program Files\Eclipse Adoptium\jre-25.0.2.10-hotspot\bin\zip.dll
Event: 0.134 Loaded shared library C:\Program Files\Eclipse Adoptium\jre-25.0.2.10-hotspot\bin\instrument.dll
Event: 0.159 Loaded shared library C:\Program Files\Eclipse Adoptium\jre-25.0.2.10-hotspot\bin\jimage.dll
Event: 0.185 Loaded shared library C:\Program Files\Eclipse Adoptium\jre-25.0.2.10-hotspot\bin\extnet.dll
Event: 0.473 Loaded shared library C:\Program Files\Eclipse Adoptium\jre-25.0.2.10-hotspot\bin\verify.dll
Event: 1.519 Loaded shared library C:\Program Files\Eclipse Adoptium\jre-25.0.2.10-hotspot\bin\management.dll
Event: 1.521 Loaded shared library C:\Program Files\Eclipse Adoptium\jre-25.0.2.10-hotspot\bin\management_ext.dll
Event: 13.221 Loaded shared library C:\Users\Noah7\AppData\Roaming\ModrinthApp\meta\natives\1.21.1-21.1.233\jna10583503754859447126.dll
Event: 21.632 Loaded shared library C:\Users\Noah7\AppData\Roaming\ModrinthApp\meta\natives\1.21.1-21.1.233\lwjgl.dll
Event: 22.214 Loaded shared library C:\Program Files\Eclipse Adoptium\jre-25.0.2.10-hotspot\bin\sunmscapi.dll
Event: 24.124 Loaded shared library C:\Users\Noah7\AppData\Roaming\ModrinthApp\meta\natives\1.21.1-21.1.233\lwjgl_opengl.dll
Event: 24.223 Loaded shared library C:\Program Files\Eclipse Adoptium\jre-25.0.2.10-hotspot\bin\awt.dll
Event: 24.299 Loaded shared library C:\Users\Noah7\AppData\Roaming\ModrinthApp\meta\natives\1.21.1-21.1.233\lwjgl_stb.dll

Deoptimization events (20 events):
Event: 935.363 Thread 0x00000287c00c9af0 Uncommon trap: trap_request=0xffffffde fr.pc=0x00000287cdf4dbd4 relative=0x00000000000009b4
Event: 935.363 Thread 0x00000287c00c9af0 Uncommon trap: reason=class_check action=maybe_recompile pc=0x00000287cdf4dbd4 method=net.minecraft.client.gui.Font.getFontSet(Lnet/minecraft/resources/ResourceLocation;)Lnet/minecraft/client/gui/font/FontSet; @ 37 c2
Event: 935.363 Thread 0x00000287c00c9af0 DEOPT PACKING pc=0x00000287cdf4dbd4 sp=0x000000eef7afdb10
Event: 935.363 Thread 0x00000287c00c9af0 DEOPT UNPACKING pc=0x00000287cd45f882 sp=0x000000eef7afd9d0 mode 2
Event: 935.453 Thread 0x00000287c00c9af0 Uncommon trap: trap_request=0xffffff45 fr.pc=0x00000287cdd8b7b4 relative=0x0000000000000134
Event: 935.453 Thread 0x00000287c00c9af0 Uncommon trap: reason=unstable_if action=reinterpret pc=0x00000287cdd8b7b4 method=de.keksuccino.fancymenu.networking.packets.commands.variable.suggestions.VariableCommandSuggestionsPacketCodec.onClientTick(Lde/keksuccino/fancymenu/events/ticking/ClientTic
Event: 935.453 Thread 0x00000287c00c9af0 DEOPT PACKING pc=0x00000287cdd8b7b4 sp=0x000000eef7afe020
Event: 935.453 Thread 0x00000287c00c9af0 DEOPT UNPACKING pc=0x00000287cd45f882 sp=0x000000eef7afde90 mode 2
Event: 935.454 Thread 0x00000287c00c9af0 Uncommon trap: trap_request=0xffffff45 fr.pc=0x00000287ce4a843c relative=0x000000000000113c
Event: 935.454 Thread 0x00000287c00c9af0 Uncommon trap: reason=unstable_if action=reinterpret pc=0x00000287ce4a843c method=com.google.gson.stream.JsonWriter.string(Ljava/lang/String;)V @ 104 c2
Event: 935.454 Thread 0x00000287c00c9af0 DEOPT PACKING pc=0x00000287ce4a843c sp=0x000000eef7afd870
Event: 935.454 Thread 0x00000287c00c9af0 DEOPT UNPACKING pc=0x00000287cd45f882 sp=0x000000eef7afd858 mode 2
Event: 935.454 Thread 0x00000287c00c9af0 Uncommon trap: trap_request=0xffffff45 fr.pc=0x00000287cf1fe6b4 relative=0x0000000000000134
Event: 935.454 Thread 0x00000287c00c9af0 Uncommon trap: reason=unstable_if action=reinterpret pc=0x00000287cf1fe6b4 method=de.keksuccino.fancymenu.networking.packets.commands.layout.suggestions.LayoutCommandSuggestionsPacketCodec.onClientTick(Lde/keksuccino/fancymenu/events/ticking/ClientTickEve
Event: 935.454 Thread 0x00000287c00c9af0 DEOPT PACKING pc=0x00000287cf1fe6b4 sp=0x000000eef7afe020
Event: 935.454 Thread 0x00000287c00c9af0 DEOPT UNPACKING pc=0x00000287cd45f882 sp=0x000000eef7afde90 mode 2
Event: 935.471 Thread 0x00000287c00c9af0 Uncommon trap: trap_request=0xfffffff7 fr.pc=0x00000287cdf1947c relative=0x0000000000000bdc
Event: 935.471 Thread 0x00000287c00c9af0 Uncommon trap: reason=null_check action=none pc=0x00000287cdf1947c method=net.minecraft.client.renderer.ScreenEffectRenderer.getViewBlockingState(Lnet/minecraft/world/entity/player/Player;)Lnet/minecraft/world/level/block/state/BlockState; @ 4 c2
Event: 935.471 Thread 0x00000287c00c9af0 DEOPT PACKING pc=0x00000287cdf1947c sp=0x000000eef7afe050
Event: 935.471 Thread 0x00000287c00c9af0 DEOPT UNPACKING pc=0x00000287cd45f882 sp=0x000000eef7afdf40 mode 2

Classes loaded (20 events):
Event: 935.462 Loading class java/awt/EventDispatchThread$HierarchyEventFilter
Event: 935.462 Loading class java/awt/EventFilter
Event: 935.462 Loading class java/awt/EventFilter done
Event: 935.462 Loading class java/awt/EventDispatchThread$HierarchyEventFilter done
Event: 935.462 Loading class java/awt/ModalEventFilter
Event: 935.462 Loading class java/awt/ModalEventFilter done
Event: 935.462 Loading class java/awt/EventFilter$FilterAction
Event: 935.462 Loading class java/awt/EventFilter$FilterAction done
Event: 935.462 Loading class sun/awt/dnd/SunDragSourceContextPeer
Event: 935.462 Loading class java/awt/dnd/peer/DragSourceContextPeer
Event: 935.462 Loading class java/awt/dnd/peer/DragSourceContextPeer done
Event: 935.462 Loading class sun/awt/dnd/SunDragSourceContextPeer done
Event: 935.463 Loading class java/awt/event/InputEvent
Event: 935.463 Loading class java/awt/event/ComponentEvent
Event: 935.463 Loading class java/awt/event/ComponentEvent done
Event: 935.463 Loading class java/awt/event/InputEvent done
Event: 935.463 Loading class java/awt/event/InputMethodEvent
Event: 935.463 Loading class java/awt/event/InputMethodEvent done
Event: 935.463 Loading class java/awt/event/ActionEvent
Event: 935.463 Loading class java/awt/event/ActionEvent done

Classes unloaded (20 events):
Event: 81.606 Thread 0x00000287d5c2a9d0 Unloading class 0x000000009af01800 'java/lang/invoke/LambdaForm$DMH+0x000000009af01800'
Event: 81.606 Thread 0x00000287d5c2a9d0 Unloading class 0x000000009af01400 'java/lang/invoke/LambdaForm$DMH+0x000000009af01400'
Event: 81.606 Thread 0x00000287d5c2a9d0 Unloading class 0x000000009af00c00 'java/lang/invoke/LambdaForm$DMH+0x000000009af00c00'
Event: 81.606 Thread 0x00000287d5c2a9d0 Unloading class 0x000000009af00800 'java/lang/invoke/LambdaForm$DMH+0x000000009af00800'
Event: 81.606 Thread 0x00000287d5c2a9d0 Unloading class 0x000000009af00000 'java/lang/invoke/LambdaForm$DMH+0x000000009af00000'
Event: 81.606 Thread 0x00000287d5c2a9d0 Unloading class 0x000000009aae8c00 'java/lang/invoke/LambdaForm$MH+0x000000009aae8c00'
Event: 81.606 Thread 0x00000287d5c2a9d0 Unloading class 0x000000009aa8c000 'java/lang/invoke/LambdaForm$MH+0x000000009aa8c000'
Event: 81.606 Thread 0x00000287d5c2a9d0 Unloading class 0x000000009aa8b800 'java/lang/invoke/LambdaForm$MH+0x000000009aa8b800'
Event: 81.606 Thread 0x00000287d5c2a9d0 Unloading class 0x000000009aa8b000 'java/lang/invoke/LambdaForm$MH+0x000000009aa8b000'
Event: 81.606 Thread 0x00000287d5c2a9d0 Unloading class 0x000000009aa8a800 'java/lang/invoke/LambdaForm$MH+0x000000009aa8a800'
Event: 81.606 Thread 0x00000287d5c2a9d0 Unloading class 0x000000009aa8a000 'java/lang/invoke/LambdaForm$MH+0x000000009aa8a000'
Event: 81.606 Thread 0x00000287d5c2a9d0 Unloading class 0x000000009aa89c00 'java/lang/invoke/LambdaForm$MH+0x000000009aa89c00'
Event: 81.606 Thread 0x00000287d5c2a9d0 Unloading class 0x000000009aa89000 'java/lang/invoke/LambdaForm$BMH+0x000000009aa89000'
Event: 81.606 Thread 0x00000287d5c2a9d0 Unloading class 0x000000009aa88c00 'java/lang/invoke/LambdaForm$DMH+0x000000009aa88c00'
Event: 81.606 Thread 0x00000287d5c2a9d0 Unloading class 0x000000009aa88400 'java/lang/invoke/LambdaForm$DMH+0x000000009aa88400'
Event: 81.607 Thread 0x00000287d5c2a9d0 Unloading class 0x000000009aa3d000 'traben/asm_generated/EMF_ASM_Parsed_86'
Event: 81.607 Thread 0x00000287d5c2a9d0 Unloading class 0x000000009aa3c800 'traben/asm_generated/EMF_ASM_Parsed_85'
Event: 81.607 Thread 0x00000287d5c2a9d0 Unloading class 0x000000009aa3c000 'traben/asm_generated/EMF_ASM_Parsed_84'
Event: 81.607 Thread 0x00000287d5c2a9d0 Unloading class 0x000000009aa34400 'traben/asm_generated/EMF_ASM_Parsed_83'
Event: 85.942 Thread 0x00000287d5c2a9d0 Unloading class 0x000000009b37c400 'java/lang/invoke/LambdaForm$DMH+0x000000009b37c400'

Classes redefined (0 events):
No events

Internal exceptions (20 events):
Event: 935.461 Thread 0x00000287c00c9af0 Exception <a 'java/io/IOException'{0x0000028948041150}> (0x0000028948041150) 
thrown [s\src\hotspot\share\prims\jni.cpp, line 516]
Event: 935.461 Thread 0x00000287c00c9af0 Exception <a 'java/io/IOException'{0x0000028948042618}> (0x0000028948042618) 
thrown [s\src\hotspot\share\prims\jni.cpp, line 516]
Event: 935.461 Thread 0x00000287c00c9af0 Exception <a 'java/io/IOException'{0x0000028948043ac8}> (0x0000028948043ac8) 
thrown [s\src\hotspot\share\prims\jni.cpp, line 516]
Event: 935.461 Thread 0x00000287c00c9af0 Exception <a 'java/io/IOException'{0x0000028948044fd0}> (0x0000028948044fd0) 
thrown [s\src\hotspot\share\prims\jni.cpp, line 516]
Event: 935.461 Thread 0x00000287c00c9af0 Exception <a 'java/io/IOException'{0x00000289480465e8}> (0x00000289480465e8) 
thrown [s\src\hotspot\share\prims\jni.cpp, line 516]
Event: 935.461 Thread 0x00000287c00c9af0 Exception <a 'java/io/IOException'{0x0000028948047c28}> (0x0000028948047c28) 
thrown [s\src\hotspot\share\prims\jni.cpp, line 516]
Event: 935.461 Thread 0x00000287c00c9af0 Exception <a 'java/io/IOException'{0x0000028948049298}> (0x0000028948049298) 
thrown [s\src\hotspot\share\prims\jni.cpp, line 516]
Event: 935.461 Thread 0x00000287c00c9af0 Exception <a 'java/io/IOException'{0x000002894804a948}> (0x000002894804a948) 
thrown [s\src\hotspot\share\prims\jni.cpp, line 516]
Event: 935.462 Thread 0x00000287c00c9af0 Exception <a 'java/io/IOException'{0x000002894804c098}> (0x000002894804c098) 
thrown [s\src\hotspot\share\prims\jni.cpp, line 516]
Event: 935.462 Thread 0x00000287c00c9af0 Exception <a 'java/io/IOException'{0x000002894804d788}> (0x000002894804d788) 
thrown [s\src\hotspot\share\prims\jni.cpp, line 516]
Event: 935.462 Thread 0x00000287c00c9af0 Exception <a 'java/io/IOException'{0x000002894804ee40}> (0x000002894804ee40) 
thrown [s\src\hotspot\share\prims\jni.cpp, line 516]
Event: 935.462 Thread 0x00000287c00c9af0 Exception <a 'java/io/IOException'{0x0000028948050450}> (0x0000028948050450) 
thrown [s\src\hotspot\share\prims\jni.cpp, line 516]
Event: 935.462 Thread 0x00000287c00c9af0 Exception <a 'java/io/IOException'{0x0000028948051aa0}> (0x0000028948051aa0) 
thrown [s\src\hotspot\share\prims\jni.cpp, line 516]
Event: 935.462 Thread 0x00000287c00c9af0 Exception <a 'java/io/IOException'{0x00000289480531b0}> (0x00000289480531b0) 
thrown [s\src\hotspot\share\prims\jni.cpp, line 516]
Event: 935.462 Thread 0x00000287c00c9af0 Exception <a 'java/io/IOException'{0x00000289480548a0}> (0x00000289480548a0) 
thrown [s\src\hotspot\share\prims\jni.cpp, line 516]
Event: 935.462 Thread 0x00000287c00c9af0 Exception <a 'java/io/IOException'{0x0000028948055f30}> (0x0000028948055f30) 
thrown [s\src\hotspot\share\prims\jni.cpp, line 516]
Event: 935.462 Thread 0x00000287c00c9af0 Exception <a 'java/io/IOException'{0x0000028948057548}> (0x0000028948057548) 
thrown [s\src\hotspot\share\prims\jni.cpp, line 516]
Event: 935.462 Thread 0x00000287c00c9af0 Exception <a 'java/io/IOException'{0x0000028948058a20}> (0x0000028948058a20) 
thrown [s\src\hotspot\share\prims\jni.cpp, line 516]
Event: 935.462 Thread 0x00000287c00c9af0 Exception <a 'java/io/IOException'{0x0000028948059f68}> (0x0000028948059f68) 
thrown [s\src\hotspot\share\prims\jni.cpp, line 516]
Event: 935.471 Thread 0x00000287c00c9af0 Exception <a 'java/lang/NullPointerException'{0x000002894835d668}> (0x000002894835d668) 
thrown [s\src\hotspot\share\interpreter\linkResolver.cpp, line 1416]

VM Operations (20 events):
Event: 911.653 Executing non-safepoint VM operation: HandshakeAllThreads (Deoptimize)
Event: 911.653 Executing non-safepoint VM operation: HandshakeAllThreads (Deoptimize) done
Event: 911.818 Executing non-safepoint VM operation: HandshakeAllThreads (Deoptimize)
Event: 911.818 Executing non-safepoint VM operation: HandshakeAllThreads (Deoptimize) done
Event: 911.821 Executing non-safepoint VM operation: HandshakeAllThreads (Deoptimize)
Event: 911.821 Executing non-safepoint VM operation: HandshakeAllThreads (Deoptimize) done
Event: 913.235 Executing safepoint VM operation: G1CollectForAllocation (G1 Evacuation Pause)
Event: 913.246 Executing safepoint VM operation: G1CollectForAllocation (G1 Evacuation Pause) done
Event: 917.392 Executing safepoint VM operation: G1CollectForAllocation (G1 Evacuation Pause)
Event: 917.407 Executing safepoint VM operation: G1CollectForAllocation (G1 Evacuation Pause) done
Event: 925.040 Executing safepoint VM operation: G1CollectForAllocation (G1 Evacuation Pause)
Event: 925.050 Executing safepoint VM operation: G1CollectForAllocation (G1 Evacuation Pause) done
Event: 925.906 Executing safepoint VM operation: G1PauseRemark
Event: 925.913 Executing safepoint VM operation: G1PauseRemark done
Event: 926.231 Executing safepoint VM operation: G1PauseCleanup
Event: 926.231 Executing safepoint VM operation: G1PauseCleanup done
Event: 932.629 Executing safepoint VM operation: G1CollectForAllocation (G1 Evacuation Pause)
Event: 932.638 Executing safepoint VM operation: G1CollectForAllocation (G1 Evacuation Pause) done
Event: 933.837 Executing non-safepoint VM operation: HandshakeAllThreads (Deoptimize)
Event: 933.837 Executing non-safepoint VM operation: HandshakeAllThreads (Deoptimize) done

Memory protections (0 events):
No events

Nmethod flushes (20 events):
Event: 925.911 Thread 0x00000287d5c2a9d0 flushing  nmethod 0x00000287ce75b908
Event: 925.911 Thread 0x00000287d5c2a9d0 flushing  nmethod 0x00000287ce9b3c08
Event: 925.911 Thread 0x00000287d5c2a9d0 flushing  nmethod 0x00000287cea90a08
Event: 925.911 Thread 0x00000287d5c2a9d0 flushing  nmethod 0x00000287cebcf988
Event: 925.911 Thread 0x00000287d5c2a9d0 flushing  nmethod 0x00000287cece6e08
Event: 925.911 Thread 0x00000287d5c2a9d0 flushing  nmethod 0x00000287cfba9f08
Event: 925.911 Thread 0x00000287d5c2a9d0 flushing  nmethod 0x00000287c6182f88
Event: 925.911 Thread 0x00000287d5c2a9d0 flushing  nmethod 0x00000287c64a8e08
Event: 925.911 Thread 0x00000287d5c2a9d0 flushing  nmethod 0x00000287c660b708
Event: 925.911 Thread 0x00000287d5c2a9d0 flushing  nmethod 0x00000287c7468b08
Event: 925.911 Thread 0x00000287d5c2a9d0 flushing  nmethod 0x00000287c781c288
Event: 925.911 Thread 0x00000287d5c2a9d0 flushing  nmethod 0x00000287c781c588
Event: 925.911 Thread 0x00000287d5c2a9d0 flushing  nmethod 0x00000287c8d45a88
Event: 925.911 Thread 0x00000287d5c2a9d0 flushing  nmethod 0x00000287c93ef788
Event: 925.911 Thread 0x00000287d5c2a9d0 flushing  nmethod 0x00000287c93f4a08
Event: 925.911 Thread 0x00000287d5c2a9d0 flushing  nmethod 0x00000287c9953e88
Event: 925.911 Thread 0x00000287d5c2a9d0 flushing  nmethod 0x00000287c9adb788
Event: 925.911 Thread 0x00000287d5c2a9d0 flushing  nmethod 0x00000287c9adc688
Event: 925.911 Thread 0x00000287d5c2a9d0 flushing  nmethod 0x00000287c9addd88
Event: 925.911 Thread 0x00000287d5c2a9d0 flushing  nmethod 0x00000287c9aded88

Events (20 events):
Event: 923.778 Thread 0x00000287b2bcc920 Thread exited: 0x00000287b2bcc920
Event: 923.778 Thread 0x00000287bc8c6ef0 Thread exited: 0x00000287bc8c6ef0
Event: 923.778 Thread 0x00000290ba5fca10 Thread exited: 0x00000290ba5fca10
Event: 933.066 Thread 0x00000287d5c5e370 Thread added: 0x00000290bd877260
Event: 933.664 Thread 0x00000290bd877260 Thread exited: 0x00000290bd877260
Event: 933.846 Thread 0x00000287d5c5e370 Thread added: 0x00000290bd875a30
Event: 933.846 Thread 0x00000287d5c5e370 Thread added: 0x00000290bd876240
Event: 934.242 Thread 0x00000290bd876240 Thread exited: 0x00000290bd876240
Event: 934.242 Thread 0x00000290bd875a30 Thread exited: 0x00000290bd875a30
Event: 935.365 Thread 0x00000287d5c5e370 Thread added: 0x00000290bd876a50
Event: 935.366 Thread 0x00000287d5c5e370 Thread added: 0x00000290bd874200
Event: 935.368 Thread 0x00000287d5c5e370 Thread added: 0x00000290bd878280
Event: 935.369 Thread 0x00000290bd878280 Thread added: 0x00000290ba5f7160
Event: 935.371 Thread 0x00000287d5c5d950 Thread added: 0x00000287b92e59b0
Event: 935.371 Thread 0x00000287d5c5d950 Thread added: 0x00000287b92e2140
Event: 935.371 Thread 0x00000287d5c5e370 Thread added: 0x00000287b7d6c320
Event: 935.372 Thread 0x00000287d5c5e370 Thread added: 0x00000287b6a51fb0
Event: 935.373 Thread 0x00000287b92e2140 Thread added: 0x00000290bd876240
Event: 935.447 Thread 0x0000028fda2e4930 Thread added: 0x0000028feeb640f0
Event: 935.461 Thread 0x0000028fda2e4930 Thread added: 0x0000028feeb61210


Dynamic libraries:
0x00007ff7bb250000 - 0x00007ff7bb25e000 	C:\Program Files\Eclipse Adoptium\jre-25.0.2.10-hotspot\bin\javaw.exe
0x00007ffc4f880000 - 0x00007ffc4fae6000 	C:\WINDOWS\SYSTEM32\ntdll.dll
0x00007ffc4dde0000 - 0x00007ffc4dea9000 	C:\WINDOWS\System32\KERNEL32.DLL
0x00007ffc4cbd0000 - 0x00007ffc4cfca000 	C:\WINDOWS\System32\KERNELBASE.dll
0x00007ffc4d4a0000 - 0x00007ffc4d5ec000 	C:\WINDOWS\System32\ucrtbase.dll
0x00007ffc3ea10000 - 0x00007ffc3ea2e000 	C:\Program Files\Eclipse Adoptium\jre-25.0.2.10-hotspot\bin\VCRUNTIME140.dll
0x00007ffc3e220000 - 0x00007ffc3e236000 	C:\Program Files\Eclipse Adoptium\jre-25.0.2.10-hotspot\bin\jli.dll
0x00007ffc4dc10000 - 0x00007ffc4ddd7000 	C:\WINDOWS\System32\USER32.dll
0x00007ffc4cfd0000 - 0x00007ffc4cff7000 	C:\WINDOWS\System32\win32u.dll
0x00007ffc2aac0000 - 0x00007ffc2ad52000 	C:\WINDOWS\WinSxS\amd64_microsoft.windows.common-controls_6595b64144ccf1df_6.0.26100.8521_none_3e08b75ce33403b3\COMCTL32.dll
0x00007ffc4e5f0000 - 0x00007ffc4e61b000 	C:\WINDOWS\System32\GDI32.dll
0x00007ffc4dff0000 - 0x00007ffc4e099000 	C:\WINDOWS\System32\msvcrt.dll
0x00007ffc4d000000 - 0x00007ffc4d12b000 	C:\WINDOWS\System32\gdi32full.dll
0x00007ffc4d130000 - 0x00007ffc4d1d3000 	C:\WINDOWS\System32\msvcp_win.dll
0x00007ffc4f490000 - 0x00007ffc4f4c2000 	C:\WINDOWS\System32\IMM32.DLL
0x00007ffc35df0000 - 0x00007ffc35ee2000 	C:\Program Files\Windhawk\Engine\1.7.3_1\64\windhawk.dll
0x00007ffc4e530000 - 0x00007ffc4e5e6000 	C:\WINDOWS\System32\ADVAPI32.dll
0x00007ffc4ee70000 - 0x00007ffc4ef1a000 	C:\WINDOWS\System32\sechost.dll
0x00007ffc4f210000 - 0x00007ffc4f328000 	C:\WINDOWS\System32\RPCRT4.dll
0x00007ffc35c80000 - 0x00007ffc35c98000 	C:\ProgramData\Windhawk\Engine\Mods\64\remove-ms-store-open-with_1.0.0_908002.dll
0x00007ffc4e650000 - 0x00007ffc4edd4000 	C:\WINDOWS\System32\shell32.dll
0x00007ffc35a10000 - 0x00007ffc35a3a000 	C:\ProgramData\Windhawk\Engine\Mods\64\explorer-details-better-file-sizes_1.5_948957.dll
0x00007ffc4f5a0000 - 0x00007ffc4f738000 	C:\WINDOWS\System32\ole32.dll
0x00007ffc4d680000 - 0x00007ffc4da03000 	C:\WINDOWS\System32\combase.dll
0x00007ffc4ef50000 - 0x00007ffc4f029000 	C:\WINDOWS\System32\OLEAUT32.dll
0x00007ffc359d0000 - 0x00007ffc35a0a000 	C:\ProgramData\Windhawk\Engine\Mods\64\libunwind.whl
0x00007ffc35260000 - 0x00007ffc35409000 	C:\ProgramData\Windhawk\Engine\Mods\64\libc++.whl
0x00007ffc47770000 - 0x00007ffc47876000 	C:\WINDOWS\SYSTEM32\PROPSYS.dll
0x00007ffc474d0000 - 0x00007ffc474dc000 	C:\Program Files\Eclipse Adoptium\jre-25.0.2.10-hotspot\bin\vcruntime140_1.dll
0x00007ffc3dd50000 - 0x00007ffc3dddd000 	C:\Program Files\Eclipse Adoptium\jre-25.0.2.10-hotspot\bin\msvcp140.dll
0x00007ffbb9c70000 - 0x00007ffbbab96000 	C:\Program Files\Eclipse Adoptium\jre-25.0.2.10-hotspot\bin\server\jvm.dll
0x00007ffc4d5f0000 - 0x00007ffc4d670000 	C:\WINDOWS\System32\WS2_32.dll
0x00007ffc4c8c0000 - 0x00007ffc4c91e000 	C:\WINDOWS\SYSTEM32\POWRPROF.dll
0x00007ffc41ac0000 - 0x00007ffc41acb000 	C:\WINDOWS\SYSTEM32\VERSION.dll
0x00007ffc42010000 - 0x00007ffc42046000 	C:\WINDOWS\SYSTEM32\WINMM.dll
0x00007ffc4c7a0000 - 0x00007ffc4c7b4000 	C:\WINDOWS\SYSTEM32\UMPDC.dll
0x00007ffc4b8a0000 - 0x00007ffc4b8bb000 	C:\WINDOWS\SYSTEM32\kernel.appcore.dll
0x00007ffc3ea00000 - 0x00007ffc3ea0a000 	C:\Program Files\Eclipse Adoptium\jre-25.0.2.10-hotspot\bin\jimage.dll
0x00007ffc4a490000 - 0x00007ffc4a6d2000 	C:\WINDOWS\SYSTEM32\DBGHELP.DLL
0x00007ffc3c4c0000 - 0x00007ffc3c4fb000 	C:\WINDOWS\SYSTEM32\dbgcore.DLL
0x00007ffc4d270000 - 0x00007ffc4d318000 	C:\WINDOWS\System32\bcryptPrimitives.dll
0x00007ffc3e210000 - 0x00007ffc3e21f000 	C:\Program Files\Eclipse Adoptium\jre-25.0.2.10-hotspot\bin\instrument.dll
0x00007ffc3e1f0000 - 0x00007ffc3e20e000 	C:\Program Files\Eclipse Adoptium\jre-25.0.2.10-hotspot\bin\java.dll
0x00007ffc4a710000 - 0x00007ffc4af90000 	C:\WINDOWS\SYSTEM32\windows.storage.dll
0x00007ffc4daa0000 - 0x00007ffc4db96000 	C:\WINDOWS\System32\SHCORE.dll
0x00007ffc4dba0000 - 0x00007ffc4dc07000 	C:\WINDOWS\System32\shlwapi.dll
0x00007ffc4ca30000 - 0x00007ffc4ca59000 	C:\WINDOWS\SYSTEM32\profapi.dll
0x00007ffc3dd30000 - 0x00007ffc3dd41000 	C:\Program Files\Eclipse Adoptium\jre-25.0.2.10-hotspot\bin\net.dll
0x00007ffc4be10000 - 0x00007ffc4be7c000 	C:\WINDOWS\system32\mswsock.dll
0x00007ffc3dd10000 - 0x00007ffc3dd26000 	C:\Program Files\Eclipse Adoptium\jre-25.0.2.10-hotspot\bin\nio.dll
0x00007ffc3dc50000 - 0x00007ffc3dc67000 	C:\Program Files\Eclipse Adoptium\jre-25.0.2.10-hotspot\bin\zip.dll
0x00007ffc3e1e0000 - 0x00007ffc3e1e9000 	C:\Program Files\Eclipse Adoptium\jre-25.0.2.10-hotspot\bin\extnet.dll
0x00007ffc3dd00000 - 0x00007ffc3dd10000 	C:\Program Files\Eclipse Adoptium\jre-25.0.2.10-hotspot\bin\verify.dll
0x00007ffc3dc40000 - 0x00007ffc3dc4a000 	C:\Program Files\Eclipse Adoptium\jre-25.0.2.10-hotspot\bin\management.dll
0x00007ffc3dc30000 - 0x00007ffc3dc3c000 	C:\Program Files\Eclipse Adoptium\jre-25.0.2.10-hotspot\bin\management_ext.dll
0x00007ffc4f520000 - 0x00007ffc4f528000 	C:\WINDOWS\System32\PSAPI.DLL
0x00007ffc009d0000 - 0x00007ffc009e8000 	C:\WINDOWS\system32\napinsp.dll
0x00007ffc4b390000 - 0x00007ffc4b4da000 	C:\WINDOWS\SYSTEM32\DNSAPI.dll
0x00007ffc4bc10000 - 0x00007ffc4bc1d000 	C:\WINDOWS\SYSTEM32\DSPARSE.dll
0x00007ffc4b2a0000 - 0x00007ffc4b2d3000 	C:\WINDOWS\SYSTEM32\IPHLPAPI.DLL
0x00007ffc4f530000 - 0x00007ffc4f53a000 	C:\WINDOWS\System32\NSI.dll
0x00007ffbfa450000 - 0x00007ffbfa463000 	C:\WINDOWS\System32\winrnr.dll
0x00007ffbf8a60000 - 0x00007ffbf8a82000 	C:\WINDOWS\system32\nlansp_c.dll
0x00007ffc41f50000 - 0x00007ffc41f66000 	C:\WINDOWS\system32\wshbth.dll
0x00007ffc409a0000 - 0x00007ffc409ab000 	C:\Windows\System32\rasadhlp.dll
0x00007ffc40c90000 - 0x00007ffc40d16000 	C:\WINDOWS\System32\fwpuclnt.dll
0x00007ffc4c0f0000 - 0x00007ffc4c10b000 	C:\WINDOWS\SYSTEM32\CRYPTSP.dll
0x00007ffc4b800000 - 0x00007ffc4b839000 	C:\WINDOWS\system32\rsaenh.dll
0x00007ffc4bec0000 - 0x00007ffc4bef3000 	C:\WINDOWS\SYSTEM32\USERENV.dll
0x00007ffc4ca00000 - 0x00007ffc4ca2a000 	C:\WINDOWS\SYSTEM32\bcrypt.dll
0x00007ffc4c110000 - 0x00007ffc4c11c000 	C:\WINDOWS\SYSTEM32\CRYPTBASE.dll
0x00007ffc3d9f0000 - 0x00007ffc3da35000 	C:\Users\Noah7\AppData\Roaming\ModrinthApp\meta\natives\1.21.1-21.1.233\jna10583503754859447126.dll
0x00007ffc4deb0000 - 0x00007ffc4df5e000 	C:\WINDOWS\System32\clbcatq.dll
0x00007ffc35fa0000 - 0x00007ffc35fbd000 	C:\WINDOWS\SYSTEM32\amsi.dll
0x00007ffc35ef0000 - 0x00007ffc35f95000 	C:\ProgramData\Microsoft\Windows Defender\Platform\4.18.26050.15-0\MpOav.dll
0x00007ffc3f030000 - 0x00007ffc3f088000 	C:\WINDOWS\SYSTEM32\Pdh.dll
0x00007ffc343b0000 - 0x00007ffc343c1000 	C:\WINDOWS\System32\perfos.dll
0x00007ffc47730000 - 0x00007ffc47742000 	C:\WINDOWS\SYSTEM32\pfclient.dll
0x00007ffc34820000 - 0x00007ffc3489b000 	C:\Users\Noah7\AppData\Roaming\ModrinthApp\meta\natives\1.21.1-21.1.233\lwjgl.dll
0x00007ffbd7590000 - 0x00007ffbd7800000 	C:\Users\Noah7\AppData\Roaming\ModrinthApp\meta\natives\1.21.1-21.1.233\jemalloc.dll
0x00007ffc3d9e0000 - 0x00007ffc3d9ee000 	C:\Program Files\Eclipse Adoptium\jre-25.0.2.10-hotspot\bin\sunmscapi.dll
0x00007ffc4d320000 - 0x00007ffc4d498000 	C:\WINDOWS\System32\CRYPT32.dll
0x00007ffc4c310000 - 0x00007ffc4c340000 	C:\WINDOWS\SYSTEM32\ncrypt.dll
0x00007ffc4c2c0000 - 0x00007ffc4c2ff000 	C:\WINDOWS\SYSTEM32\NTASN1.dll
0x00007ffc185b0000 - 0x00007ffc18632000 	C:\Users\Noah7\AppData\Roaming\ModrinthApp\meta\natives\1.21.1-21.1.233\glfw.dll
0x00007ffc26350000 - 0x00007ffc2639b000 	C:\WINDOWS\SYSTEM32\dinput8.dll
0x00007ffc18c00000 - 0x00007ffc18c1c000 	C:\WINDOWS\SYSTEM32\xinput1_4.dll
0x00007ffc4c6f0000 - 0x00007ffc4c741000 	C:\WINDOWS\SYSTEM32\cfgmgr32.dll
0x00007ffc4c6c0000 - 0x00007ffc4c6ed000 	C:\WINDOWS\SYSTEM32\DEVOBJ.dll
0x00007ffc2cd80000 - 0x00007ffc2cf65000 	C:\WINDOWS\SYSTEM32\inputhost.dll
0x00007ffc49360000 - 0x00007ffc49485000 	C:\WINDOWS\SYSTEM32\CoreMessaging.dll
0x00007ffc49af0000 - 0x00007ffc49b1f000 	C:\WINDOWS\SYSTEM32\dwmapi.dll
0x00007ffc49860000 - 0x00007ffc4990a000 	C:\WINDOWS\system32\uxtheme.dll
0x00007ffc4f330000 - 0x00007ffc4f48d000 	C:\WINDOWS\System32\MSCTF.dll
0x00007ffbe6be0000 - 0x00007ffbe6cec000 	C:\WINDOWS\SYSTEM32\opengl32.dll
0x00007ffc27cd0000 - 0x00007ffc27cfd000 	C:\WINDOWS\SYSTEM32\GLU32.dll
0x00007ffc49940000 - 0x00007ffc49984000 	C:\WINDOWS\SYSTEM32\dxcore.dll
0x00007ffc359b0000 - 0x00007ffc359cd000 	C:\WINDOWS\SYSTEM32\windows.staterepositorycore.dll
0x00007ffc382f0000 - 0x00007ffc38320000 	C:\WINDOWS\System32\DriverStore\FileRepository\u0201163.inf_amd64_5a3558962e78d523\B026079\atig6pxx.dll
0x00007ffbaefb0000 - 0x00007ffbb2ddf000 	C:\WINDOWS\System32\DriverStore\FileRepository\u0201163.inf_amd64_5a3558962e78d523\B026079\atio6axx.dll
0x00007ffc4e0a0000 - 0x00007ffc4e527000 	C:\WINDOWS\System32\SETUPAPI.dll
0x00007ffc4d1e0000 - 0x00007ffc4d263000 	C:\WINDOWS\System32\WINTRUST.dll
0x00007ffc4c160000 - 0x00007ffc4c173000 	C:\WINDOWS\SYSTEM32\MSASN1.dll
0x00007ffc40d90000 - 0x00007ffc40dcc000 	C:\WINDOWS\System32\DriverStore\FileRepository\u0201163.inf_amd64_5a3558962e78d523\B026079\amdihk64.dll
0x00007ffc30fd0000 - 0x00007ffc31118000 	C:\WINDOWS\SYSTEM32\textinputframework.dll
0x00007ffc261d0000 - 0x00007ffc26246000 	C:\WINDOWS\system32\Oleacc.dll
0x00007ffc33d50000 - 0x00007ffc33dae000 	C:\Users\Noah7\AppData\Roaming\ModrinthApp\meta\natives\1.21.1-21.1.233\lwjgl_opengl.dll
0x00007ffbf1060000 - 0x00007ffbf11e0000 	C:\Program Files\Eclipse Adoptium\jre-25.0.2.10-hotspot\bin\awt.dll
0x00007ffc49750000 - 0x00007ffc497f0000 	C:\WINDOWS\SYSTEM32\apphelp.dll
0x00007ffbf9900000 - 0x00007ffbf9982000 	C:\Users\Noah7\AppData\Roaming\ModrinthApp\meta\natives\1.21.1-21.1.233\lwjgl_stb.dll
0x00007ffc3e110000 - 0x00007ffc3e1cf000 	C:\WINDOWS\SYSTEM32\mscms.dll
0x00007ffc27c20000 - 0x00007ffc27c69000 	C:\WINDOWS\SYSTEM32\icm32.dll
0x00007ffc37e20000 - 0x00007ffc37e32000 	C:\WINDOWS\system32\wbem\wbemprox.dll
0x00007ffc3ae20000 - 0x00007ffc3ae9a000 	C:\WINDOWS\SYSTEM32\wbemcomn.dll
0x00007ffc36400000 - 0x00007ffc36415000 	C:\WINDOWS\system32\wbem\wbemsvc.dll
0x00007ffc36520000 - 0x00007ffc36613000 	C:\WINDOWS\system32\wbem\fastprox.dll
0x00007ffc478a0000 - 0x00007ffc478a8000 	C:\WINDOWS\system32\wshunix.dll
0x00007ffbf01a0000 - 0x00007ffbf0367000 	C:\Users\Noah7\AppData\Roaming\ModrinthApp\meta\natives\1.21.1-21.1.233\OpenAL.dll
0x00007ffc42320000 - 0x00007ffc423c3000 	C:\WINDOWS\System32\MMDevApi.dll
0x00007ffbb61f0000 - 0x00007ffbb6363000 	C:\WINDOWS\System32\Speech\Common\sapi.dll
0x00007ffc49990000 - 0x00007ffc49aca000 	C:\WINDOWS\system32\dxgi.dll
0x00007ffc319f0000 - 0x00007ffc31a15000 	C:\WINDOWS\system32\d3d12.dll
0x00007ffbaa1c0000 - 0x00007ffbaefa6000 	C:\WINDOWS\System32\DriverStore\FileRepository\u0201163.inf_amd64_5a3558962e78d523\B026079\amdxc64.dll
0x00007ffc46e00000 - 0x00007ffc46e5f000 	C:\WINDOWS\SYSTEM32\directxdatabasehelper.dll
0x00007ffbfad90000 - 0x00007ffbfb0e8000 	C:\WINDOWS\system32\D3D12Core.dll
0x00007ffbf8c40000 - 0x00007ffbf8d25000 	C:\WINDOWS\SYSTEM32\D3DSCache.dll
0x00007ffc48cf0000 - 0x00007ffc48f12000 	C:\WINDOWS\SYSTEM32\dcomp.dll
0x00007ffc47f80000 - 0x00007ffc47f99000 	C:\WINDOWS\SYSTEM32\Microsoft.Internal.WarpPal.dll

JVMTI agents:
C:\Users\Noah7\AppData\Local\Temp\.tmpYLIfRq\theseus.jar path:C:\Program Files\Eclipse Adoptium\jre-25.0.2.10-hotspot\bin\instrument.dll, loaded, initialized, instrumentlib options:none

dbghelp: loaded successfully - version: 4.0.5 - missing functions: none
symbol engine: initialized successfully - sym options: 0x614 - pdb path: .;C:\Program Files\Eclipse Adoptium\jre-25.0.2.10-hotspot\bin;C:\WINDOWS\SYSTEM32;C:\WINDOWS\WinSxS\amd64_microsoft.windows.common-controls_6595b64144ccf1df_6.0.26100.8521_none_3e08b75ce33403b3;C:\Program Files\Windhawk\Engine\1.7.3_1\64;C:\ProgramData\Windhawk\Engine\Mods\64;C:\Program Files\Eclipse Adoptium\jre-25.0.2.10-hotspot\bin\server;C:\Users\Noah7\AppData\Roaming\ModrinthApp\meta\natives\1.21.1-21.1.233;C:\ProgramData\Microsoft\Windows Defender\Platform\4.18.26050.15-0;C:\WINDOWS\System32\DriverStore\FileRepository\u0201163.inf_amd64_5a3558962e78d523\B026079;C:\WINDOWS\system32\wbem;C:\WINDOWS\System32\Speech\Common

VM Arguments:
jvm_args: -XX:HeapDumpPath=MojangTricksIntelDriversForPerformance_javaw.exe_minecraft.exe.heapdump -Djava.library.path=C:\Users\Noah7\AppData\Roaming\ModrinthApp\meta\natives\1.21.1-21.1.233 -Djna.tmpdir=C:\Users\Noah7\AppData\Roaming\ModrinthApp\meta\natives\1.21.1-21.1.233 -Dorg.lwjgl.system.SharedLibraryExtractPath=C:\Users\Noah7\AppData\Roaming\ModrinthApp\meta\natives\1.21.1-21.1.233 -Dio.netty.native.workdir=C:\Users\Noah7\AppData\Roaming\ModrinthApp\meta\natives\1.21.1-21.1.233 -Dminecraft.launcher.brand=theseus -Dminecraft.launcher.version=0.14.8 -Djava.net.preferIPv6Addresses=system -DignoreList=client-extra,1.21.1-21.1.233.jar -DlibraryDirectory=C:\Users\Noah7\AppData\Roaming\ModrinthApp\meta\libraries --module-path=C:\Users\Noah7\AppData\Roaming\ModrinthApp\meta\libraries/cpw/mods/bootstraplauncher/2.0.2/bootstraplauncher-2.0.2.jar;C:\Users\Noah7\AppData\Roaming\ModrinthApp\meta\libraries/cpw/mods/securejarhandler/3.0.8/securejarhandler-3.0.8.jar;C:\Users\Noah7\AppData\Roaming\ModrinthApp\meta\libraries/org/ow2/asm/asm-commons/9.8/asm-commons-9.8.jar;C:\Users\Noah7\AppData\Roaming\ModrinthApp\meta\libraries/org/ow2/asm/asm-util/9.8/asm-util-9.8.jar;C:\Users\Noah7\AppData\Roaming\ModrinthApp\meta\libraries/org/ow2/asm/asm-analysis/9.8/asm-analysis-9.8.jar;C:\Users\Noah7\AppData\Roaming\ModrinthApp\meta\libraries/org/ow2/asm/asm-tree/9.8/asm-tree-9.8.jar;C:\Users\Noah7\AppData\Roaming\ModrinthApp\meta\libraries/org/ow2/asm/asm/9.8/asm-9.8.jar;C:\Users\Noah7\AppData\Roaming\ModrinthApp\meta\libraries/net/neoforged/JarJarFileSystems/0.4.1/JarJarFileSystems-0.4.1.jar --add-modules=ALL-MODULE-PATH --add-opens=java.base/java.util.jar=cpw.mods.securejarhandler --add-opens=java.base/java.lang.invoke=cpw.mods.securejarhandler --add-exports=java.base/sun.security.util=cpw.mods.securejarhandler --add-exports=jdk.naming.dns/com.sun.jndi.dns=java.naming -Xmx32768M -Dlog4j.configurationFile=C:\Users\Noah7\AppData\Roaming\ModrinthApp\meta\log_configs\client-1.12.xml -javaagent:C:\Users\Noah7\AppData\Local\Temp\.tmpYLIfRq\theseus.jar -Dmodrinth.internal.ipc.host=127.0.0.1 -Dmodrinth.internal.ipc.port=63417 -Dmodrinth.internal.quickPlay.serverVersion=BUILTIN --add-opens=java.base/java.lang.reflect=ALL-UNNAMED --add-opens=jdk.internal/jdk.internal.misc=ALL-UNNAMED 
java_command: com.modrinth.theseus.MinecraftLaunch cpw.mods.bootstraplauncher.BootstrapLauncher --username IvqryDev --version 1.21.1 --gameDir C:\Users\Noah7\AppData\Roaming\ModrinthApp\profiles\Starfell - RoTVK --assetsDir C:\Users\Noah7\AppData\Roaming\ModrinthApp\meta\assets --assetIndex 17 --uuid 287f126b38ec4da68a032f4b238d2819 --accessToken eyJraWQiOiIwNDkxODEiLCJhbGciOiJSUzI1NiJ9.eyJ4dWlkIjoiMjUzNTQwODE0NzQ0Mzk0OSIsImFnZyI6IkFkdWx0Iiwic3ViIjoiNTZiYWYxY2ItYWE3MC00YWMwLWJhMDMtODMzNTNlNmFjYmE1IiwiYXV0aCI6IlhCT1giLCJwZmlkIjoiQjg0RUJCRkYwRDI1QkQwQSIsIm5zIjoiZGVmYXVsdCIsInJvbGVzIjpbXSwiaXNzIjoiYXV0aGVudGljYXRpb24iLCJmbGFncyI6WyJtdWx0aXBsYXllciJdLCJwcm9maWxlcyI6eyJtYyI6IjI4N2YxMjZiLTM4ZWMtNGRhNi04YTAzLTJmNGIyMzhkMjgxOSJ9LCJtaWQiOiJCODRFQkJGRjBEMjVCRDBBIiwicG1pZCI6IjJiMGZiMzUxLTFmMDctNTA0MS1iMzViLWVjNTFiNDE1NmMyZSIsInBsYXRmb3JtIjoiUENfTEFVTkNIRVIiLCJ0aWQiOiJFOTlCMCIsInBmZCI6W3sidHlwZSI6Im1jIiwiaWQiOiIyODdmMTI2Yi0zOGVjLTRkYTYtOGEwMy0yZjRiMjM4ZDI4MTkiLCJuYW1lIjoiSXZxcnlEZXYifV0sInhpZCI6IjI1MzU0MDgxNDc0NDM5NDkiLCJuYmYiOjE3ODIwMzIyMzcsImV4cCI6MTc4MjExODYzNywiaWF0IjoxNzgyMDMyMjM3LCJhaWQiOiIwMDAwMDAwMC0wMDAwLTAwMDAtMDAwMC0wMDAwNDAyYjUzMjgifQ.eSE2dtiDkCBCGWw6EQTb3LVf-xvdPjkv5BFwEaTG-PAgQ60xlNrxB3pZl9g8dqTOtEAyqICkgLdofnWdfqRkzuJQzZmByZXa3wdxBUt8g2MNrBE4p4KteH3U4OorPib5n-LIjbIOijvSW9DWtoM2nv-V3f4gbIc64n-TLt3Im6in_dAMafsX4TPg5-LPyuf9zgJneXbBa-fUnfWImQGNU61kkRyVPyx_ro9cuvM7XAxDwiRWooLT2Gu7B7i9MRYp24ksFwXLarF7Av8Y27Sqo-dSbEBTXN-y5c-s3tk9V2QSF_IR9nwDpy7Y38Jq14Aid1NDo882B41aqs-sz5H2pg --clientId c4502edb-87c6-40cb-b595-64a280cf8906 --xuid 0 --userType msa --versionType release --width 854 --height 480 --fml.neoForgeVersion 21.1.233 --fml.fmlVersion 4.0.42 --fml.mcVersion 1.21.1 --fml.neoFormVersion 20240808.144430 --launchTarget forgeclient
java_class_path (initial): C:\Users\Noah7\AppData\Local\Temp\.tmpYLIfRq\theseus.jar;C:\Users\Noah7\AppData\Roaming\ModrinthApp\meta\versions\1.21.1-21.1.233\1.21.1-21.1.233.jar;C:\Users\Noah7\AppData\Roaming\ModrinthApp\meta\libraries\com\github\oshi\oshi-core\6.4.10\oshi-core-6.4.10.jar;C:\Users\Noah7\AppData\Roaming\ModrinthApp\meta\libraries\com\ibm\icu\icu4j\73.2\icu4j-73.2.jar;C:\Users\Noah7\AppData\Roaming\ModrinthApp\meta\libraries\com\mojang\authlib\6.0.54\authlib-6.0.54.jar;C:\Users\Noah7\AppData\Roaming\ModrinthApp\meta\libraries\com\mojang\blocklist\1.0.10\blocklist-1.0.10.jar;C:\Users\Noah7\AppData\Roaming\ModrinthApp\meta\libraries\com\mojang\brigadier\1.3.10\brigadier-1.3.10.jar;C:\Users\Noah7\AppData\Roaming\ModrinthApp\meta\libraries\com\mojang\datafixerupper\8.0.16\datafixerupper-8.0.16.jar;C:\Users\Noah7\AppData\Roaming\ModrinthApp\meta\libraries\com\mojang\patchy\2.2.10\patchy-2.2.10.jar;C:\Users\Noah7\AppData\Roaming\ModrinthApp\meta\libraries\com\mojang\text2speech\1.17.9\text2speech-1.17.9.jar;C:\Users\Noah7\AppData\Roaming\ModrinthApp\meta\libraries\commons-codec\commons-codec\1.16.0\commons-codec-1.16.0.jar;C:\Users\Noah7\AppData\Roaming\ModrinthApp\meta\libraries\commons-logging\commons-logging\1.2\commons-logging-1.2.jar;C:\Users\Noah7\AppData\Roaming\ModrinthApp\meta\libraries\io\netty\netty-buffer\4.1.97.Final\netty-buffer-4.1.97.Final.jar;C:\Users\Noah7\AppData\Roaming\ModrinthApp\meta\libraries\io\netty\netty-codec\4.1.97.Final\netty-codec-4.1.97.Final.jar;C:\Users\Noah7\AppData\Roaming\ModrinthApp\meta\libraries\io\netty\netty-common\4.1.97.Final\netty-common-4.1.97.Final.jar;C:\Users\Noah7\AppData\Roaming\ModrinthApp\meta\libraries\io\netty\netty-handler\4.1.97.Final\netty-handler-4.1.97.Final.jar;C:\Users\Noah7\AppData\Roaming\ModrinthApp\meta\libraries\io\netty\netty-resolver\4.1.97.Final\netty-resolver-4.1.97.Final.jar;C:\Users\Noah7\AppData\Roaming\ModrinthApp\meta\libraries\io\netty\netty-transport-classes-epoll\4.1.97.Final\netty-transport-classes-epoll-4.1.97.Final.jar;C:\Users\Noah7\AppData\Roaming\ModrinthApp\meta\libraries\io\netty\netty-transport-native-unix-common\4.1.97.Final\netty-transport-native-unix-common-4.1.97.Final.jar;C:\Users\Noah7\AppData\Roaming\ModrinthApp\meta\libraries\io\netty\netty-transport\4.1.97.Final\netty-transport-4.1.97.Final.jar;C:\Users\Noah7\AppData\Roaming\ModrinthApp\meta\libraries\it\unimi\dsi\fastutil\8.5.12\fastutil-8.5.12.jar;C:\Users\Noah7\AppData\Roaming\ModrinthApp\meta\libraries\net\java\dev\jna\jna-platform\5.14.0\jna-platform-5.14.0.jar;C:\Users\Noah7\AppData\Roaming\ModrinthApp\meta\libraries\net\java\dev\jna\jna\5.14.0\jna-5.14.0.jar;C:\Users\Noah7\AppData\Roaming\ModrinthApp\meta\libraries\org\apache\commons\commons-compress\1.26.0\commons-compress-1.26.0.jar;C:\Users\Noah7\AppData\Roaming\ModrinthApp\meta\libraries\org\apache\httpcomponents\httpclient\4.5.13\httpclient-4.5.13.jar;C:\Users\Noah7\AppData\Roaming\ModrinthApp\meta\libraries\org\apache\httpcomponents\httpcore\4.4.16\httpcore-4.4.16.jar;C:\Users\Noah7\AppData\Roaming\ModrinthApp\meta\libraries\org\jcraft\jorbis\0.0.17\jorbis-0.0.17.jar;C:\Users\Noah7\AppData\Roaming\ModrinthApp\meta\libraries\org\joml\joml\1.10.5\joml-1.10.5.jar;C:\Users\Noah7\AppData\Roaming\ModrinthApp\meta\libraries\org\lwjgl\lwjgl-freetype\3.3.3\lwjgl-freetype-3.3.3.jar;C:\Users\Noah7\AppData\Roaming\ModrinthApp\meta\libraries\org\lwjgl\lwjgl-freetype\3.3.3\lwjgl-freetype-3.3.3-natives-windows.jar;C:\Users\Noah7\AppData\Roaming\ModrinthApp\meta\libraries\org\lwjgl\lwjgl-freetype\3.3.3\lwjgl-freetype-3.3.3-natives-windows-arm64.jar;C:\Users\Noah7\AppData\Roaming\ModrinthApp\meta\libraries\org\lwjgl\lwjgl-freetype\3.3.3\lwjgl-freetype-3.3.3-natives-windows-x86.jar;C:\Users\Noah7\AppData\Roaming\ModrinthApp\meta\libraries\org\lwjgl\lwjgl-glfw\3.3.3\lwjgl-glfw-3.3.3.jar;C:\Users\Noah7\AppData\Roaming\ModrinthApp\meta\libraries\org\lwjgl\lwjgl-glfw\3.3.3\lwjgl-glfw-3.3.3-natives-windows.jar;C:\Users\Noah7\AppData\Roaming\ModrinthApp\meta\libraries\org\lwjgl\lwjgl-glfw\3.3.3\lwjgl-glfw-3.3.3-natives-windows-arm64.jar;C:\Users\Noah7\AppData\Roaming\ModrinthApp\meta\libraries\org\lwjgl\lwjgl-glfw\3.3.3\lwjgl-glfw-3.3.3-natives-windows-x86.jar;C:\Users\Noah7\AppData\Roaming\ModrinthApp\meta\libraries\org\lwjgl\lwjgl-jemalloc\3.3.3\lwjgl-jemalloc-3.3.3.jar;C:\Users\Noah7\AppData\Roaming\ModrinthApp\meta\libraries\org\lwjgl\lwjgl-jemalloc\3.3.3\lwjgl-jemalloc-3.3.3-natives-windows.jar;C:\Users\Noah7\AppData\Roaming\ModrinthApp\meta\libraries\org\lwjgl\lwjgl-jemalloc\3.3.3\lwjgl-jemalloc-3.3.3-natives-windows-arm64.jar;C:\Users\Noah7\AppData\Roaming\ModrinthApp\meta\libraries\org\lwjgl\lwjgl-jemalloc\3.3.3\lwjgl-jemalloc-3.3.3-natives-windows-x86.jar;C:\Users\Noah7\AppData\Roaming\ModrinthApp\meta\libraries\org\lwjgl\lwjgl-openal\3.3.3\lwjgl-openal-3.3.3.jar;C:\Users\Noah7\AppData\Roaming\ModrinthApp\meta\libraries\org\lwjgl\lwjgl-openal\3.3.3\lwjgl-openal-3.3.3-natives-windows.jar;C:\Users\Noah7\AppData\Roaming\ModrinthApp\meta\libraries\org\lwjgl\lwjgl-openal\3.3.3\lwjgl-openal-3.3.3-natives-windows-arm64.jar;C:\Users\Noah7\AppData\Roaming\ModrinthApp\meta\libraries\org\lwjgl\lwjgl-openal\3.3.3\lwjgl-openal-3.3.3-natives-windows-x86.jar;C:\Users\Noah7\AppData\Roaming\ModrinthApp\meta\libraries\org\lwjgl\lwjgl-opengl\3.3.3\lwjgl-opengl-3.3.3.jar;C:\Users\Noah7\AppData\Roaming\ModrinthApp\meta\libraries\org\lwjgl\lwjgl-opengl\3.3.3\lwjgl-opengl-3.3.3-natives-windows.jar;C:\Users\Noah7\AppData\Roaming\ModrinthApp\meta\libraries\org\lwjgl\lwjgl-opengl\3.3.3\lwjgl-opengl-3.3.3-natives-windows-arm64.jar;C:\Users\Noah7\AppData\Roaming\ModrinthApp\meta\libraries\org\lwjgl\lwjgl-opengl\3.3.3\lwjgl-opengl-3.3.3-natives-windows-x86.jar;C:\Users\Noah7\AppData\Roaming\ModrinthApp\meta\libraries\org\lwjgl\lwjgl-stb\3.3.3\lwjgl-stb-3.3.3.jar;C:\Users\Noah7\AppData\Roaming\ModrinthApp\meta\libraries\org\lwjgl\lwjgl-stb\3.3.3\lwjgl-stb-3.3.3-natives-windows.jar;C:\Users\Noah7\AppData\Roaming\ModrinthApp\meta\libraries\org\lwjgl\lwjgl-stb\3.3.3\lwjgl-stb-3.3.3-natives-windows-arm64.jar;C:\Users\Noah7\AppData\Roaming\ModrinthApp\meta\libraries\org\lwjgl\lwjgl-stb\3.3.3\lwjgl-stb-3.3.3-natives-windows-x86.jar;C:\Users\Noah7\AppData\Roaming\ModrinthApp\meta\libraries\org\lwjgl\lwjgl-tinyfd\3.3.3\lwjgl-tinyfd-3.3.3.jar;C:\Users\Noah7\AppData\Roaming\ModrinthApp\meta\libraries\org\lwjgl\lwjgl-tinyfd\3.3.3\lwjgl-tinyfd-3.3.3-natives-windows.jar;C:\Users\Noah7\AppData\Roaming\ModrinthApp\meta\libraries\org\lwjgl\lwjgl-tinyfd\3.3.3\lwjgl-tinyfd-3.3.3-natives-windows-arm64.jar;C:\Users\Noah7\AppData\Roaming\ModrinthApp\meta\libraries\org\lwjgl\lwjgl-tinyfd\3.3.3\lwjgl-tinyfd-3.3.3-natives-windows-x86.jar;C:\Users\Noah7\AppData\Roaming\ModrinthApp\meta\libraries\org\lwjgl\lwjgl\3.3.3\lwjgl-3.3.3.jar;C:\Users\Noah7\AppData\Roaming\ModrinthApp\meta\libraries\org\lwjgl\lwjgl\3.3.3\lwjgl-3.3.3-natives-windows.jar;C:\Users\Noah7\AppData\Roaming\ModrinthApp\meta\libraries\org\lwjgl\lwjgl\3.3.3\lwjgl-3.3.3-natives-windows-arm64.jar;C:\Users\Noah7\AppData\Roaming\ModrinthApp\meta\libraries\org\lwjgl\lwjgl\3.3.3\lwjgl-3.3.3-natives-windows-x86.jar;C:\Users\Noah7\AppData\Roaming\ModrinthApp\meta\libraries\org\lz4\lz4-java\1.8.0\lz4-java-1.8.0.jar;C:\Users\Noah7\AppData\Roaming\ModrinthApp\meta\libraries\net\neoforged\fancymodloader\earlydisplay\4.0.42\earlydisplay-4.0.42.jar;C:\Users\Noah7\AppData\Roaming\ModrinthApp\meta\libraries\net\neoforged\fancymodloader\loader\4.0.42\loader-4.0.42.jar;C:\Users\Noah7\AppData\Roaming\ModrinthApp\meta\libraries\net\neoforged\accesstransformers\at-modlauncher\10.0.1\at-modlauncher-10.0.1.jar;C:\Users\Noah7\AppData\Roaming\ModrinthApp\meta\libraries\net\neoforged\accesstransformers\10.0.1\accesstransformers-10.0.1.jar;C:\Users\Noah7\AppData\Roaming\ModrinthApp\meta\libraries\net\neoforged\bus\8.0.5\bus-8.0.5.jar;C:\Users\Noah7\AppData\Roaming\ModrinthApp\meta\libraries\net\neoforged\coremods\7.0.3\coremods-7.0.3.jar;C:\Users\Noah7\AppData\Roaming\ModrinthApp\meta\libraries\cpw\mods\modlauncher\11.0.5\modlauncher-11.0.5.jar;C:\Users\Noah7\AppData\Roaming\ModrinthApp\meta\libraries\net\neoforged\mergetool\2.0.0\mergetool-2.0.0-api.jar;C:\Users\Noah7\AppData\Roaming\ModrinthApp\meta\libraries\com\electronwill\night-config\toml\3.8.3\toml-3.8.3.jar;C:\Users\Noah7\AppData\Roaming\ModrinthApp\meta\libraries\com\electronwill\night-config\core\3.8.3\core-3.8.3.jar;C:\Users\Noah7\AppData\Roaming\ModrinthApp\meta\libraries\net\neoforged\JarJarSelector\0.4.1\JarJarSelector-0.4.1.jar;C:\Users\Noah7\AppData\Roaming\ModrinthApp\meta\libraries\net\neoforged\JarJarMetadata\0.4.1\JarJarMetadata-0.4.1.jar;C:\Users\Noah7\AppData\Roaming\ModrinthApp\meta\libraries\org\apache\maven\maven-artifact\3.8.5\maven-artifact-3.8.5.jar;C:\Users\Noah7\AppData\Roaming\ModrinthApp\meta\libraries\net\jodah\typetools\0.6.3\typetools-0.6.3.jar;C:\Users\Noah7\AppData\Roaming\ModrinthApp\meta\libraries\net\minecrell\terminalconsoleappender\1.3.0\terminalconsoleappender-1.3.0.jar;C:\Users\Noah7\AppData\Roaming\ModrinthApp\meta\libraries\net\fabricmc\sponge-mixin\0.15.2+mixin.0.8.7\sponge-mixin-0.15.2+mixin.0.8.7.jar;C:\Users\Noah7\AppData\Roaming\ModrinthApp\meta\libraries\org\openjdk\nashorn\nashorn-core\15.4\nashorn-core-15.4.jar;C:\Users\Noah7\AppData\Roaming\ModrinthApp\meta\libraries\org\apache\commons\commons-lang3\3.14.0\commons-lang3-3.14.0.jar;C:\Users\Noah7\AppData\Roaming\ModrinthApp\meta\libraries\cpw\mods\bootstraplauncher\2.0.2\bootstraplauncher-2.0.2.jar;C:\Users\Noah7\AppData\Roaming\ModrinthApp\meta\libraries\cpw\mods\securejarhandler\3.0.8\securejarhandler-3.0.8.jar;C:\Users\Noah7\AppData\Roaming\ModrinthApp\meta\libraries\org\ow2\asm\asm-commons\9.8\asm-commons-9.8.jar;C:\Users\Noah7\AppData\Roaming\ModrinthApp\meta\libraries\org\ow2\asm\asm-util\9.8\asm-util-9.8.jar;C:\Users\Noah7\AppData\Roaming\ModrinthApp\meta\libraries\org\ow2\asm\asm-analysis\9.8\asm-analysis-9.8.jar;C:\Users\Noah7\AppData\Roaming\ModrinthApp\meta\libraries\org\ow2\asm\asm-tree\9.8\asm-tree-9.8.jar;C:\Users\Noah7\AppData\Roaming\ModrinthApp\meta\libraries\org\ow2\asm\asm\9.8\asm-9.8.jar;C:\Users\Noah7\AppData\Roaming\ModrinthApp\meta\libraries\net\neoforged\JarJarFileSystems\0.4.1\JarJarFileSystems-0.4.1.jar;C:\Users\Noah7\AppData\Roaming\ModrinthApp\meta\libraries\net\sf\jopt-simple\jopt-simple\5.0.4\jopt-simple-5.0.4.jar;C:\Users\Noah7\AppData\Roaming\ModrinthApp\meta\libraries\org\slf4j\slf4j-api\2.0.9\slf4j-api-2.0.9.jar;C:\Users\Noah7\AppData\Roaming\ModrinthApp\meta\libraries\org\antlr\antlr4-runtime\4.13.1\antlr4-runtime-4.13.1.jar;C:\Users\Noah7\AppData\Roaming\ModrinthApp\meta\libraries\com\mojang\logging\1.2.7\logging-1.2.7.jar;C:\Users\Noah7\AppData\Roaming\ModrinthApp\meta\libraries\org\apache\logging\log4j\log4j-slf4j2-impl\2.22.1\log4j-slf4j2-impl-2.22.1.jar;C:\Users\Noah7\AppData\Roaming\ModrinthApp\meta\libraries\org\apache\logging\log4j\log4j-core\2.22.1\log4j-core-2.22.1.jar;C:\Users\Noah7\AppData\Roaming\ModrinthApp\meta\libraries\org\apache\logging\log4j\log4j-api\2.22.1\log4j-api-2.22.1.jar;C:\Users\Noah7\AppData\Roaming\ModrinthApp\meta\libraries\org\jline\jline-reader\3.20.0\jline-reader-3.20.0.jar;C:\Users\Noah7\AppData\Roaming\ModrinthApp\meta\libraries\org\jline\jline-terminal\3.20.0\jline-terminal-3.20.0.jar;C:\Users\Noah7\AppData\Roaming\ModrinthApp\meta\libraries\commons-io\commons-io\2.15.1\commons-io-2.15.1.jar;C:\Users\Noah7\AppData\Roaming\ModrinthApp\meta\libraries\net\minecraftforge\srgutils\0.4.15\srgutils-0.4.15.jar;C:\Users\Noah7\AppData\Roaming\ModrinthApp\meta\libraries\com\google\guava\guava\32.1.2-jre\guava-32.1.2-jre.jar;C:\Users\Noah7\AppData\Roaming\ModrinthApp\meta\libraries\com\google\guava\failureaccess\1.0.1\failureaccess-1.0.1.jar;C:\Users\Noah7\AppData\Roaming\ModrinthApp\meta\libraries\com\google\guava\listenablefuture\9999.0-empty-to-avoid-conflict-with-guava\listenablefuture-9999.0-empty-to-avoid-conflict-with-guava.jar;C:\Users\Noah7\AppData\Roaming\ModrinthApp\meta\libraries\com\google\code\findbugs\jsr305\3.0.2\jsr305-3.0.2.jar;C:\Users\Noah7\AppData\Roaming\ModrinthApp\meta\libraries\org\checkerframework\checker-qual\3.33.0\checker-qual-3.33.0.jar;C:\Users\Noah7\AppData\Roaming\ModrinthApp\meta\libraries\com\google\errorprone\error_prone_annotations\2.18.0\error_prone_annotations-2.18.0.jar;C:\Users\Noah7\AppData\Roaming\ModrinthApp\meta\libraries\com\google\j2objc\j2objc-annotations\2.8\j2objc-annotations-2.8.jar;C:\Users\Noah7\AppData\Roaming\ModrinthApp\meta\libraries\com\google\code\gson\gson\2.10.1\gson-2.10.1.jar;C:\Users\Noah7\AppData\Roaming\ModrinthApp\meta\libraries\org\codehaus\plexus\plexus-utils\3.3.0\plexus-utils-3.3.0.jar;C:\Users\Noah7\AppData\Roaming\ModrinthApp\meta\libraries\com\machinezoo\noexception\noexception\1.7.1\noexception-1.7.1.jar
Launcher Type: SUN_STANDARD

[Global flags]
     intx CICompilerCount                          = 12                                        {product} {ergonomic}
     uint ConcGCThreads                            = 3                                         {product} {ergonomic}
     uint G1ConcRefinementThreads                  = 13                                        {product} {ergonomic}
   size_t G1HeapRegionSize                         = 16777216                                  {product} {ergonomic}
    ccstr HeapDumpPath                             = MojangTricksIntelDriversForPerformance_javaw.exe_minecraft.exe.heapdump         {manageable} {command line}
   size_t InitialHeapSize                          = 805306368                                 {product} {ergonomic}
   size_t MarkStackSize                            = 4194304                                   {product} {ergonomic}
   size_t MarkStackSizeMax                         = 536870912                                 {product} {ergonomic}
   size_t MaxHeapSize                              = 34359738368                               {product} {command line}
   size_t MaxNewSize                               = 20602421248                               {product} {ergonomic}
   size_t MinHeapDeltaBytes                        = 16777216                                  {product} {ergonomic}
   size_t MinHeapSize                              = 16777216                                  {product} {ergonomic}
    uintx NonNMethodCodeHeapSize                   = 7602176                                {pd product} {ergonomic}
    uintx NonProfiledCodeHeapSize                  = 122093568                              {pd product} {ergonomic}
    uintx ProfiledCodeHeapSize                     = 121962496                              {pd product} {ergonomic}
    uintx ReservedCodeCacheSize                    = 251658240                              {pd product} {ergonomic}
     bool SegmentedCodeCache                       = true                                      {product} {ergonomic}
   size_t SoftMaxHeapSize                          = 34359738368                            {manageable} {ergonomic}
     bool UseG1GC                                  = true                                      {product} {ergonomic}
     bool UseLargePagesIndividualAllocation        = false                                  {pd product} {ergonomic}

Logging:
Log output configuration:
 #0: stdout all=warning uptime,level,tags foldmultilines=false
 #1: stderr all=off uptime,level,tags foldmultilines=false

Release file:
IMPLEMENTOR="Eclipse Adoptium" 
IMPLEMENTOR_VERSION="Temurin-25.0.2+10" 
JAVA_RUNTIME_VERSION="25.0.2+10-LTS" 
JAVA_VERSION="25.0.2" 
JAVA_VERSION_DATE="2026-01-20" 
LIBC="default" 
MODULES="java.base java.compiler java.datatransfer java.xml java.prefs java.desktop java.instrument java.logging java.management java.security.sasl java.naming java.rmi java.management.rmi java.net.http java.scripting java.security.jgss java.transaction.xa java.sql java.sql.rowset java.xml.crypto java.se java.smartcardio jdk.accessibility jdk.internal.jvmstat jdk.attach jdk.charsets jdk.internal.opt jdk.zipfs jdk.compiler jdk.crypto.cryptoki jdk.crypto.ec jdk.crypto.mscapi jdk.dynalink jdk.internal.ed jdk.editpad jdk.internal.vm.ci jdk.graal.compiler jdk.graal.compiler.management jdk.hotspot.agent jdk.httpserver jdk.incubator.vector jdk.internal.le jdk.internal.md jdk.jartool jdk.javadoc jdk.jcmd jdk.management jdk.management.agent jdk.jconsole jdk.jdeps jdk.jdwp.agent jdk.jdi jdk.jfr jdk.jlink jdk.jpackage jdk.jshell jdk.jsobject jdk.jstatd jdk.localedata jdk.management.jfr jdk.naming.dns jdk.naming.rmi jdk.net jdk.nio.mapmode jdk.sctp jdk.security.auth jdk.security.jgss jdk.unsupported jdk.unsupported.desktop jdk.xml.dom" 
OS_ARCH="x86_64" 
OS_NAME="Windows" 
SOURCE=".:git:9e3c947043a4" 
BUILD_SOURCE="git:458965074606f027bd5afce2cfd5c1055dea0438"
BUILD_SOURCE_REPO="https://github.com/adoptium/temurin-build.git"
SOURCE_REPO="https://github.com/adoptium/jdk25u.git"
FULL_VERSION="25.0.2+10-LTS"
SEMANTIC_VERSION="25.0.2+10"
BUILD_INFO="OS: Windows Server 2022 Version: 10.0"
JVM_VARIANT="Hotspot"
JVM_VERSION="25.0.2+10-LTS"
IMAGE_TYPE="JRE"

Environment Variables:
PATH=C:\Program Files\Eclipse Adoptium\jre-21.0.10.7-hotspot\bin;C:\Program Files\Eclipse Adoptium\jre-25.0.2.10-hotspot\bin;C:\Program Files\Eclipse Adoptium\jdk-21.0.10.7-hotspot\bin;C:\Program Files\Eclipse Adoptium\jdk-25.0.2.10-hotspot\bin;C:\Windows\system32;C:\Windows;C:\Windows\System32\Wbem;C:\Windows\System32\WindowsPowerShell\v1.0\;C:\Windows\System32\OpenSSH\;C:\WINDOWS\system32;C:\WINDOWS;C:\WINDOWS\System32\Wbem;C:\WINDOWS\System32\WindowsPowerShell\v1.0\;C:\WINDOWS\System32\OpenSSH\;C:\WINDOWS\AtlasModules;C:\WINDOWS\AtlasModules\Tools;C:\WINDOWS\AtlasModules\Scripts;C:\Program Files\Git\cmd;C:\WINDOWS\system32;C:\WINDOWS;C:\WINDOWS\System32\Wbem;C:\WINDOWS\System32\WindowsPowerShell\v1.0\;C:\WINDOWS\System32\OpenSSH\;C:\Users\Noah7\AppData\Local\Microsoft\WindowsApps;
USERNAME=Noah7
OS=Windows_NT
PROCESSOR_IDENTIFIER=AMD64 Family 23 Model 113 Stepping 0, AuthenticAMD
TMP=C:\Users\Noah7\AppData\Local\Temp
TEMP=C:\Users\Noah7\AppData\Local\Temp




Compilation memory statistics disabled.

Periodic native trim disabled

---------------  S Y S T E M  ---------------

OS:
 Windows 11 , 64 bit Build 26100 (10.0.26100.8521)
OS uptime: 0 days 3:58 hours

CPU: total 16 (initial active 16) (16 cores per cpu, 2 threads per core) family 23 model 113 stepping 0 microcode 0x8701033, cx8, cmov, fxsr, ht, mmx, 3dnowpref, sse, sse2, sse3, ssse3, sse4a, sse4.1, sse4.2, popcnt, lzcnt, tsc, tscinvbit, avx, avx2, aes, clmul, bmi1, bmi2, adx, sha, fma, vzeroupper, clflush, clflushopt, clwb, rdtscp, rdpid, f16c
Processor Information for the first 16 processors :
  Max Mhz: 3600, Current Mhz: 3600, Mhz Limit: 3600

Memory: 4k page, system-wide physical 49041M (28846M free)
TotalPageFile size 52113M (AvailPageFile size 27122M)
current process WorkingSet (physical memory assigned to process): 8659M, peak: 8839M
current process commit charge ("private bytes"): 11023M, peak: 11031M

vm_info: OpenJDK 64-Bit Server VM (25.0.2+10-LTS) for windows-amd64 JRE (25.0.2+10-LTS), built on 2026-01-20T00:00:00Z with MS VC++ 17.12 (VS2022)

END.
